Name,Family,Infraorder,Suborder,Order,Informal,Taxon Size,Diet,Max MYA,Min MYA,Lifespan (MYA),Early Age,Late Age,Early Period,Late Period
Ajkaceratops,,,,Ornithischia,False,1,Herbivore,86.3,83.6,2.700000000000003,Santonian,Santonian,Upper Cretaceous,Upper Cretaceous
Turanoceratops,,,,Ornithischia,False,1,Herbivore,93.9,89.8,4.1000000000000085,Turonian,Turonian,Upper Cretaceous,Upper Cretaceous
Zuniceratops,,,,Ornithischia,False,1,Herbivore,93.9,89.8,4.1000000000000085,Turonian,Turonian,Upper Cretaceous,Upper Cretaceous
Bagaceratops,Protoceratopsidae,,,Ornithischia,False,1,Herbivore,83.6,66.0,17.599999999999994,Campanian,Maastrichtian,Upper Cretaceous,Upper Cretaceous
Breviceratops,Protoceratopsidae,,,Ornithischia,False,1,Herbivore,83.6,72.1,11.5,Campanian,Campanian,Upper Cretaceous,Upper Cretaceous
Protoceratops,Protoceratopsidae,,,Ornithischia,False,2,Herbivore,86.3,72.1,14.200000000000003,Santonian,Campanian,Upper Cretaceous,Upper Cretaceous
Chaoyangsaurus,Chaoyangsauridae,Ceratopsia,Neornithischia,Ornithischia,False,1,Herbivore,152.2,132.6,19.599999999999994,Kimmeridgian,Valanginian,Upper Jurassic,Lower Cretaceous
Hualianceratops,Chaoyangsauridae,Ceratopsia,Neornithischia,Ornithischia,False,1,Herbivore,161.5,154.8,6.699999999999989,Oxfordian,Oxfordian,Upper Jurassic,Upper Jurassic
Stenopelix,Chaoyangsauridae,Ceratopsia,Neornithischia,Ornithischia,False,1,Herbivore,140.6,139.8,0.799999999999983,Berriasian,Berriasian,Lower Cretaceous,Lower Cretaceous
Xuanhuaceratops,Chaoyangsauridae,Ceratopsia,Neornithischia,Ornithischia,False,1,Herbivore,152.2,132.6,19.599999999999994,Kimmeridgian,Valanginian,Upper Jurassic,Lower Cretaceous
Yinlong,Chaoyangsauridae,Ceratopsia,Neornithischia,Ornithischia,False,1,Herbivore,161.5,154.8,6.699999999999989,Oxfordian,Oxfordian,Upper Jurassic,Upper Jurassic
Cerasinops,Leptoceratopsidae,,,Ornithischia,False,1,Herbivore,83.6,72.1,11.5,Campanian,Campanian,Upper Cretaceous,Upper Cretaceous
Ferrisaurus,Leptoceratopsidae,,,Ornithischia,False,1,Herbivore,72.1,66.0,6.099999999999994,Maastrichtian,Maastrichtian,Upper Cretaceous,Upper Cretaceous
Gremlin,Leptoceratopsidae,Ceratopsia,,Ornithischia,False,1,Herbivore,83.6,72.1,11.5,Campanian,Campanian,Upper Cretaceous,Upper Cretaceous
Gryphoceratops,Leptoceratopsidae,,,Ornithischia,False,1,Herbivore,86.3,83.6,2.700000000000003,Santonian,Santonian,Upper Cretaceous,Upper Cretaceous
Helioceratops,Archaeoceratopsidae,Ceratopsia,Neornithischia,Ornithischia,False,1,Herbivore,121.4,100.5,20.900000000000006,Aptian,Albian,Lower Cretaceous,Lower Cretaceous
Ischioceratops,Leptoceratopsidae,,,Ornithischia,False,1,Herbivore,83.6,72.1,11.5,Campanian,Campanian,Upper Cretaceous,Upper Cretaceous
Koreaceratops,,Ceratopsia,Neornithischia,Ornithischia,False,1,Herbivore,113.0,100.5,12.5,Albian,Albian,Lower Cretaceous,Lower Cretaceous
Leptoceratops,Leptoceratopsidae,,,Ornithischia,False,1,Herbivore,72.1,66.0,6.099999999999994,Maastrichtian,Maastrichtian,Upper Cretaceous,Upper Cretaceous
Montanoceratops,Leptoceratopsidae,,,Ornithischia,False,1,Herbivore,83.6,66.0,17.599999999999994,Campanian,Maastrichtian,Upper Cretaceous,Upper Cretaceous
Prenoceratops,Leptoceratopsidae,,,Ornithischia,False,1,Herbivore,83.6,72.1,11.5,Campanian,Campanian,Upper Cretaceous,Upper Cretaceous
Udanoceratops,Leptoceratopsidae,,,Ornithischia,False,1,Herbivore,83.6,72.1,11.5,Campanian,Campanian,Upper Cretaceous,Upper Cretaceous
Unescoceratops,Leptoceratopsidae,,,Ornithischia,False,1,Herbivore,83.6,72.1,11.5,Campanian,Campanian,Upper Cretaceous,Upper Cretaceous
Zhuchengceratops,Leptoceratopsidae,,,Ornithischia,False,1,Herbivore,83.6,72.1,11.5,Campanian,Campanian,Upper Cretaceous,Upper Cretaceous
Aquilops,,Ceratopsia,Neornithischia,Ornithischia,False,1,Herbivore,109.9,100.5,9.400000000000006,Albian,Albian,Lower Cretaceous,Lower Cretaceous
Archaeoceratops,Archaeoceratopsidae,Ceratopsia,Neornithischia,Ornithischia,False,2,Herbivore,121.4,109.9,11.5,Aptian,Albian,Lower Cretaceous,Lower Cretaceous
Asiaceratops,,Ceratopsia,Neornithischia,Ornithischia,False,1,Herbivore,100.5,93.9,6.599999999999994,Cenomanian,Cenomanian,Upper Cretaceous,Upper Cretaceous
Auroraceratops,,Ceratopsia,Neornithischia,Ornithischia,False,1,Herbivore,113.0,109.9,3.0999999999999943,Albian,Albian,Lower Cretaceous,Lower Cretaceous
Beg,,Ceratopsia,Neornithischia,Ornithischia,False,1,Herbivore,106.2,93.9,12.299999999999997,Albian,Cenomanian,Lower Cretaceous,Upper Cretaceous
Graciliceratops,,Ceratopsia,Neornithischia,Ornithischia,False,1,Herbivore,100.5,83.6,16.900000000000006,Cenomanian,Santonian,Upper Cretaceous,Upper Cretaceous
Liaoceratops,,Ceratopsia,Neornithischia,Ornithischia,False,1,Herbivore,125.77,119.5,6.269999999999996,Barremian,Aptian,Lower Cretaceous,Lower Cretaceous
Mosaiceratops,,Ceratopsia,Neornithischia,Ornithischia,False,1,Herbivore,93.9,72.1,21.80000000000001,Turonian,Campanian,Upper Cretaceous,Upper Cretaceous
Sasayamagnomus,,Ceratopsia,Neornithischia,Ornithischia,False,1,Herbivore,113.0,109.9,3.0999999999999943,Albian,Albian,Lower Cretaceous,Lower Cretaceous
Yamaceratops,,Ceratopsia,Neornithischia,Ornithischia,False,1,Herbivore,86.3,72.1,14.200000000000003,Santonian,Campanian,Upper Cretaceous,Upper Cretaceous
Albertaceratops,Ceratopsidae,,,Ornithischia,False,1,Herbivore,83.6,72.1,11.5,Campanian,Campanian,Upper Cretaceous,Upper Cretaceous
Lokiceratops,Ceratopsidae,,,Ornithischia,False,1,Herbivore,83.6,72.1,11.5,Campanian,Campanian,Upper Cretaceous,Upper Cretaceous
Medusaceratops,Ceratopsidae,,,Ornithischia,False,1,Herbivore,83.6,72.1,11.5,Campanian,Campanian,Upper Cretaceous,Upper Cretaceous
Centrosaurus,Ceratopsidae,,,Ornithischia,False,1,Herbivore,83.6,66.0,17.599999999999994,Campanian,Maastrichtian,Upper Cretaceous,Upper Cretaceous
Coronosaurus,Ceratopsidae,,,Ornithischia,False,1,Herbivore,83.6,72.1,11.5,Campanian,Campanian,Upper Cretaceous,Upper Cretaceous
Rubeosaurus,Ceratopsidae,,,Ornithischia,False,1,Herbivore,83.6,72.1,11.5,Campanian,Campanian,Upper Cretaceous,Upper Cretaceous
Spinops,Ceratopsidae,,,Ornithischia,False,1,Herbivore,83.6,72.1,11.5,Campanian,Campanian,Upper Cretaceous,Upper Cretaceous
Styracosaurus,Ceratopsidae,,,Ornithischia,False,1,Herbivore,83.6,72.1,11.5,Campanian,Campanian,Upper Cretaceous,Upper Cretaceous
Avaceratops,Ceratopsidae,,,Ornithischia,False,1,Herbivore,83.6,72.1,11.5,Campanian,Campanian,Upper Cretaceous,Upper Cretaceous
Crittendenceratops,Ceratopsidae,,,Ornithischia,False,1,Herbivore,83.6,72.1,11.5,Campanian,Campanian,Upper Cretaceous,Upper Cretaceous
Furcatoceratops,Ceratopsidae,,,Ornithischia,False,1,Herbivore,83.6,72.1,11.5,Campanian,Campanian,Upper Cretaceous,Upper Cretaceous
Nasutoceratops,Ceratopsidae,,,Ornithischia,False,1,Herbivore,83.6,72.1,11.5,Campanian,Campanian,Upper Cretaceous,Upper Cretaceous
Yehuecauhceratops,Ceratopsidae,,,Ornithischia,False,1,Herbivore,83.6,72.1,11.5,Campanian,Campanian,Upper Cretaceous,Upper Cretaceous
Achelousaurus,Ceratopsidae,,,Ornithischia,False,1,Herbivore,83.6,72.1,11.5,Campanian,Campanian,Upper Cretaceous,Upper Cretaceous
Einiosaurus,Ceratopsidae,,,Ornithischia,False,1,Herbivore,83.6,72.1,11.5,Campanian,Campanian,Upper Cretaceous,Upper Cretaceous
Pachyrhinosaurus,Ceratopsidae,,,Ornithischia,False,3,Herbivore,83.6,66.0,17.599999999999994,Campanian,Maastrichtian,Upper Cretaceous,Upper Cretaceous
Diabloceratops,Ceratopsidae,,,Ornithischia,False,1,Herbivore,83.6,72.1,11.5,Campanian,Campanian,Upper Cretaceous,Upper Cretaceous
Machairoceratops,Ceratopsidae,,,Ornithischia,False,1,Herbivore,83.6,72.1,11.5,Campanian,Campanian,Upper Cretaceous,Upper Cretaceous
Menefeeceratops,Ceratopsidae,,,Ornithischia,False,1,Herbivore,83.6,72.1,11.5,Campanian,Campanian,Upper Cretaceous,Upper Cretaceous
Monoclonius,Ceratopsidae,,,Ornithischia,False,1,Herbivore,83.6,72.1,11.5,Campanian,Campanian,Upper Cretaceous,Upper Cretaceous
Sinoceratops,Ceratopsidae,,,Ornithischia,False,1,Herbivore,83.6,72.1,11.5,Campanian,Campanian,Upper Cretaceous,Upper Cretaceous
Stellasaurus,Ceratopsidae,,,Ornithischia,False,1,Herbivore,83.6,72.1,11.5,Campanian,Campanian,Upper Cretaceous,Upper Cretaceous
Wendiceratops,Ceratopsidae,,,Ornithischia,False,1,Herbivore,83.6,72.1,11.5,Campanian,Campanian,Upper Cretaceous,Upper Cretaceous
Xenoceratops,Ceratopsidae,,,Ornithischia,False,1,Herbivore,83.6,72.1,11.5,Campanian,Campanian,Upper Cretaceous,Upper Cretaceous
Eotriceratops,Ceratopsidae,,,Ornithischia,False,1,Herbivore,72.1,66.0,6.099999999999994,Maastrichtian,Maastrichtian,Upper Cretaceous,Upper Cretaceous
Regaliceratops,Ceratopsidae,,,Ornithischia,False,1,Herbivore,72.1,66.0,6.099999999999994,Maastrichtian,Maastrichtian,Upper Cretaceous,Upper Cretaceous
Titanoceratops,Ceratopsidae,,,Ornithischia,False,1,Herbivore,83.6,72.1,11.5,Campanian,Campanian,Upper Cretaceous,Upper Cretaceous
Torosaurus,Ceratopsidae,,,Ornithischia,False,2,Herbivore,83.6,66.0,17.599999999999994,Campanian,Maastrichtian,Upper Cretaceous,Upper Cretaceous
Triceratops,Ceratopsidae,,,Ornithischia,False,4,Herbivore,83.6,66.0,17.599999999999994,Campanian,Maastrichtian,Upper Cretaceous,Upper Cretaceous
Agujaceratops,Ceratopsidae,,,Ornithischia,False,2,Herbivore,83.6,72.1,11.5,Campanian,Campanian,Upper Cretaceous,Upper Cretaceous
Anchiceratops,Ceratopsidae,,,Ornithischia,False,1,Herbivore,83.6,66.0,17.599999999999994,Campanian,Maastrichtian,Upper Cretaceous,Upper Cretaceous
Arrhinoceratops,Ceratopsidae,,,Ornithischia,False,1,Herbivore,83.6,66.0,17.599999999999994,Campanian,Maastrichtian,Upper Cretaceous,Upper Cretaceous
Bisticeratops,Ceratopsidae,,,Ornithischia,False,1,Herbivore,83.6,72.1,11.5,Campanian,Campanian,Upper Cretaceous,Upper Cretaceous
Bravoceratops,Ceratopsidae,,,Ornithischia,False,1,Herbivore,72.1,66.0,6.099999999999994,Maastrichtian,Maastrichtian,Upper Cretaceous,Upper Cretaceous
Chasmosaurus,Ceratopsidae,,,Ornithischia,False,2,Herbivore,83.6,72.1,11.5,Campanian,Campanian,Upper Cretaceous,Upper Cretaceous
Coahuilaceratops,Ceratopsidae,,,Ornithischia,False,1,Herbivore,72.1,66.0,6.099999999999994,Maastrichtian,Maastrichtian,Upper Cretaceous,Upper Cretaceous
Judiceratops,Ceratopsidae,,,Ornithischia,False,1,Herbivore,83.6,72.1,11.5,Campanian,Campanian,Upper Cretaceous,Upper Cretaceous
Kosmoceratops,Ceratopsidae,,,Ornithischia,False,1,Herbivore,83.6,72.1,11.5,Campanian,Campanian,Upper Cretaceous,Upper Cretaceous
Navajoceratops,Ceratopsidae,,,Ornithischia,False,1,Herbivore,83.6,72.1,11.5,Campanian,Campanian,Upper Cretaceous,Upper Cretaceous
Pentaceratops,Ceratopsidae,,,Ornithischia,False,1,Herbivore,83.6,66.0,17.599999999999994,Campanian,Maastrichtian,Upper Cretaceous,Upper Cretaceous
Sierraceratops,Ceratopsidae,,,Ornithischia,False,1,Herbivore,83.6,66.0,17.599999999999994,Campanian,Maastrichtian,Upper Cretaceous,Upper Cretaceous
Spiclypeus,Ceratopsidae,,,Ornithischia,False,1,Herbivore,83.6,72.1,11.5,Campanian,Campanian,Upper Cretaceous,Upper Cretaceous
Terminocavus,Ceratopsidae,,,Ornithischia,False,1,Herbivore,83.6,72.1,11.5,Campanian,Campanian,Upper Cretaceous,Upper Cretaceous
Utahceratops,Ceratopsidae,,,Ornithischia,False,1,Herbivore,83.6,72.1,11.5,Campanian,Campanian,Upper Cretaceous,Upper Cretaceous
Vagaceratops,Ceratopsidae,,,Ornithischia,False,1,Herbivore,83.6,72.1,11.5,Campanian,Campanian,Upper Cretaceous,Upper Cretaceous
Albalophosaurus,,,Neornithischia,Ornithischia,False,1,Herbivore,125.77,121.4,4.36999999999999,Barremian,Barremian,Lower Cretaceous,Lower Cretaceous
Micropachycephalosaurus,,,Neornithischia,Ornithischia,False,1,Herbivore,89.8,83.6,6.200000000000003,Coniacian,Santonian,Upper Cretaceous,Upper Cretaceous
Notoceratops,,,,Ornithischia,False,1,Herbivore,72.1,66.0,6.099999999999994,Maastrichtian,Maastrichtian,Upper Cretaceous,Upper Cretaceous
Psittacosaurus,Psittacosauridae,Ceratopsia,Neornithischia,Ornithischia,False,9,Herbivore,139.8,100.5,39.30000000000001,Valanginian,Albian,Lower Cretaceous,Lower Cretaceous
Serendipaceratops,,,,Ornithischia,False,1,Herbivore,119.5,113.0,6.5,Aptian,Aptian,Lower Cretaceous,Lower Cretaceous
Homalocephale,Pachycephalosauridae,Pachycephalosauria,Neornithischia,Ornithischia,False,1,Herbivore,72.1,66.0,6.099999999999994,Maastrichtian,Maastrichtian,Upper Cretaceous,Upper Cretaceous
Pachycephalosaurus,Pachycephalosauridae,Pachycephalosauria,Neornithischia,Ornithischia,False,1,Herbivore,83.6,66.0,17.599999999999994,Campanian,Maastrichtian,Upper Cretaceous,Upper Cretaceous
Prenocephale,Pachycephalosauridae,Pachycephalosauria,Neornithischia,Ornithischia,False,1,Herbivore,83.6,66.0,17.599999999999994,Campanian,Maastrichtian,Upper Cretaceous,Upper Cretaceous
Stegoceras,Pachycephalosauridae,Pachycephalosauria,Neornithischia,Ornithischia,False,2,Herbivore,83.6,66.0,17.599999999999994,Campanian,Maastrichtian,Upper Cretaceous,Upper Cretaceous
Alaskacephale,Pachycephalosauridae,Pachycephalosauria,Neornithischia,Ornithischia,False,1,Herbivore,72.1,66.0,6.099999999999994,Maastrichtian,Maastrichtian,Upper Cretaceous,Upper Cretaceous
Acrotholus,Pachycephalosauridae,Pachycephalosauria,Neornithischia,Ornithischia,False,1,Herbivore,86.3,83.6,2.700000000000003,Santonian,Santonian,Upper Cretaceous,Upper Cretaceous
Foraminacephale,Pachycephalosauridae,Pachycephalosauria,Neornithischia,Ornithischia,False,1,Herbivore,83.6,72.1,11.5,Campanian,Campanian,Upper Cretaceous,Upper Cretaceous
Platytholus,Pachycephalosauridae,Pachycephalosauria,Neornithischia,Ornithischia,False,1,Herbivore,72.1,66.0,6.099999999999994,Maastrichtian,Maastrichtian,Upper Cretaceous,Upper Cretaceous
Sphaerotholus,Pachycephalosauridae,Pachycephalosauria,Neornithischia,Ornithischia,False,5,Herbivore,83.6,66.0,17.599999999999994,Campanian,Maastrichtian,Upper Cretaceous,Upper Cretaceous
Amtocephale,Pachycephalosauridae,Pachycephalosauria,Neornithischia,Ornithischia,False,1,Herbivore,100.5,83.6,16.900000000000006,Cenomanian,Santonian,Upper Cretaceous,Upper Cretaceous
Colepiocephale,Pachycephalosauridae,Pachycephalosauria,Neornithischia,Ornithischia,False,1,Herbivore,83.6,72.1,11.5,Campanian,Campanian,Upper Cretaceous,Upper Cretaceous
Gravitholus,Pachycephalosauridae,Pachycephalosauria,Neornithischia,Ornithischia,False,0,Herbivore,83.6,72.1,11.5,Campanian,Campanian,Upper Cretaceous,Upper Cretaceous
Hanssuesia,Pachycephalosauridae,Pachycephalosauria,Neornithischia,Ornithischia,False,1,Herbivore,83.6,72.1,11.5,Campanian,Campanian,Upper Cretaceous,Upper Cretaceous
Sinocephale,Pachycephalosauridae,Pachycephalosauria,Neornithischia,Ornithischia,False,1,Herbivore,83.6,66.0,17.599999999999994,Campanian,Maastrichtian,Upper Cretaceous,Upper Cretaceous
Tylocephale,Pachycephalosauridae,Pachycephalosauria,Neornithischia,Ornithischia,False,1,Herbivore,83.6,72.1,11.5,Campanian,Campanian,Upper Cretaceous,Upper Cretaceous
Goyocephale,Pachycephalosauridae,Pachycephalosauria,Neornithischia,Ornithischia,False,1,Herbivore,86.3,66.0,20.299999999999997,Santonian,Maastrichtian,Upper Cretaceous,Upper Cretaceous
Tianyulong,Heterodontosauridae,,,Ornithischia,False,1,Herbivore,168.2,152.2,16.0,Bathonian,Kimmeridgian,Middle Jurassic,Upper Jurassic
Wannanosaurus,,Pachycephalosauria,Neornithischia,Ornithischia,False,1,Herbivore,72.1,66.0,6.099999999999994,Maastrichtian,Maastrichtian,Upper Cretaceous,Upper Cretaceous
Gasparinisaura,,Ornithopoda,Neornithischia,Ornithischia,False,1,Herbivore,83.6,72.1,11.5,Campanian,Campanian,Upper Cretaceous,Upper Cretaceous
Daurosaurus,,,Neornithischia,Ornithischia,False,1,Herbivore,168.2,145.0,23.19999999999999,Bathonian,Tithonian,Middle Jurassic,Upper Jurassic
Hypsilophodon,Hypsilophodontidae,,Neornithischia,Ornithischia,False,1,Herbivore,154.8,119.5,35.30000000000001,Kimmeridgian,Aptian,Upper Jurassic,Lower Cretaceous
Vectidromeus,Dryosauridae,Ornithopoda,Neornithischia,Ornithischia,False,1,Herbivore,145.0,100.5,44.5,Berriasian,Albian,Lower Cretaceous,Lower Cretaceous
Lophorhothon,,Ornithopoda,Neornithischia,Ornithischia,False,1,Herbivore,86.3,72.1,14.200000000000003,Santonian,Campanian,Upper Cretaceous,Upper Cretaceous
Barilium,,Ornithopoda,Neornithischia,Ornithischia,False,1,Herbivore,139.8,121.4,18.400000000000006,Valanginian,Barremian,Lower Cretaceous,Lower Cretaceous
Bolong,,Ornithopoda,Neornithischia,Ornithischia,False,1,Herbivore,125.77,119.5,6.269999999999996,Barremian,Aptian,Lower Cretaceous,Lower Cretaceous
Jinzhousaurus,,Ornithopoda,Neornithischia,Ornithischia,False,1,Herbivore,125.77,119.5,6.269999999999996,Barremian,Aptian,Lower Cretaceous,Lower Cretaceous
Altirhinus,,Ornithopoda,Neornithischia,Ornithischia,False,1,Herbivore,109.9,100.5,9.400000000000006,Albian,Albian,Lower Cretaceous,Lower Cretaceous
Hypselospinus,,Ornithopoda,Neornithischia,Ornithischia,False,1,Herbivore,140.6,132.6,8.0,Berriasian,Valanginian,Lower Cretaceous,Lower Cretaceous
Ouranosaurus,,Ornithopoda,Neornithischia,Ornithischia,False,1,Herbivore,121.4,66.0,55.400000000000006,Aptian,Maastrichtian,Lower Cretaceous,Upper Cretaceous
Bayannurosaurus,,Ornithopoda,Neornithischia,Ornithischia,False,1,Herbivore,121.4,119.5,1.9000000000000057,Aptian,Aptian,Lower Cretaceous,Lower Cretaceous
Camptosaurus,Camptosauridae,Ornithopoda,Neornithischia,Ornithischia,False,2,Herbivore,157.9,145.0,12.900000000000006,Oxfordian,Tithonian,Upper Jurassic,Upper Jurassic
Iguanodon,Iguanodontidae,Ornithopoda,Neornithischia,Ornithischia,False,4,Herbivore,154.8,66.0,88.80000000000001,Kimmeridgian,Maastrichtian,Upper Jurassic,Upper Cretaceous
Oblitosaurus,,Ornithopoda,Neornithischia,Ornithischia,False,1,Herbivore,152.2,145.0,7.199999999999989,Kimmeridgian,Tithonian,Upper Jurassic,Upper Jurassic
Acristavus,Hadrosauridae,Ornithopoda,Neornithischia,Ornithischia,False,1,Herbivore,83.6,72.1,11.5,Campanian,Campanian,Upper Cretaceous,Upper Cretaceous
Brachylophosaurus,Hadrosauridae,Ornithopoda,Neornithischia,Ornithischia,False,1,Herbivore,83.6,72.1,11.5,Campanian,Campanian,Upper Cretaceous,Upper Cretaceous
Hadrosaurus,Hadrosauridae,Ornithopoda,Neornithischia,Ornithischia,False,1,Herbivore,86.3,66.0,20.299999999999997,Santonian,Maastrichtian,Upper Cretaceous,Upper Cretaceous
Maiasaura,Hadrosauridae,Ornithopoda,Neornithischia,Ornithischia,False,1,Herbivore,83.6,72.1,11.5,Campanian,Campanian,Upper Cretaceous,Upper Cretaceous
Ornatops,Hadrosauridae,Ornithopoda,Neornithischia,Ornithischia,False,1,Herbivore,83.6,72.1,11.5,Campanian,Campanian,Upper Cretaceous,Upper Cretaceous
Probrachylophosaurus,Hadrosauridae,Ornithopoda,Neornithischia,Ornithischia,False,1,Herbivore,83.6,72.1,11.5,Campanian,Campanian,Upper Cretaceous,Upper Cretaceous
Wulagasaurus,Hadrosauridae,Ornithopoda,Neornithischia,Ornithischia,False,1,Herbivore,72.1,66.0,6.099999999999994,Maastrichtian,Maastrichtian,Upper Cretaceous,Upper Cretaceous
Edmontosaurus,Hadrosauridae,Ornithopoda,Neornithischia,Ornithischia,False,2,Herbivore,89.8,66.0,23.799999999999997,Coniacian,Maastrichtian,Upper Cretaceous,Upper Cretaceous
Kerberosaurus,Hadrosauridae,Ornithopoda,Neornithischia,Ornithischia,False,1,Herbivore,72.1,66.0,6.099999999999994,Maastrichtian,Maastrichtian,Upper Cretaceous,Upper Cretaceous
Shantungosaurus,Hadrosauridae,Ornithopoda,Neornithischia,Ornithischia,False,1,Herbivore,100.5,66.0,34.5,Cenomanian,Maastrichtian,Upper Cretaceous,Upper Cretaceous
Ugrunaaluk,Hadrosauridae,Ornithopoda,Neornithischia,Ornithischia,False,1,Herbivore,72.1,66.0,6.099999999999994,Maastrichtian,Maastrichtian,Upper Cretaceous,Upper Cretaceous
Gryposaurus,Hadrosauridae,Ornithopoda,Neornithischia,Ornithischia,False,4,Herbivore,83.6,66.0,17.599999999999994,Campanian,Maastrichtian,Upper Cretaceous,Upper Cretaceous
Huallasaurus,Hadrosauridae,Ornithopoda,Neornithischia,Ornithischia,False,1,Herbivore,83.6,66.0,17.599999999999994,Campanian,Maastrichtian,Upper Cretaceous,Upper Cretaceous
Kelumapusaura,Hadrosauridae,Ornithopoda,Neornithischia,Ornithischia,False,1,Herbivore,83.6,66.0,17.599999999999994,Campanian,Maastrichtian,Upper Cretaceous,Upper Cretaceous
Kritosaurus,Hadrosauridae,Ornithopoda,Neornithischia,Ornithischia,False,2,Herbivore,86.3,66.0,20.299999999999997,Santonian,Maastrichtian,Upper Cretaceous,Upper Cretaceous
Naashoibitosaurus,Hadrosauridae,Ornithopoda,Neornithischia,Ornithischia,False,1,Herbivore,83.6,72.1,11.5,Campanian,Campanian,Upper Cretaceous,Upper Cretaceous
Secernosaurus,Hadrosauridae,Ornithopoda,Neornithischia,Ornithischia,False,1,Herbivore,83.6,66.0,17.599999999999994,Campanian,Maastrichtian,Upper Cretaceous,Upper Cretaceous
Augustynolophus,Hadrosauridae,Ornithopoda,Neornithischia,Ornithischia,False,1,Herbivore,72.1,66.0,6.099999999999994,Maastrichtian,Maastrichtian,Upper Cretaceous,Upper Cretaceous
Bonapartesaurus,Hadrosauridae,Ornithopoda,Neornithischia,Ornithischia,False,1,Herbivore,83.6,66.0,17.599999999999994,Campanian,Maastrichtian,Upper Cretaceous,Upper Cretaceous
Prosaurolophus,Hadrosauridae,Ornithopoda,Neornithischia,Ornithischia,False,1,Herbivore,83.6,66.0,17.599999999999994,Campanian,Maastrichtian,Upper Cretaceous,Upper Cretaceous
Saurolophus,Hadrosauridae,Ornithopoda,Neornithischia,Ornithischia,False,2,Herbivore,83.6,66.0,17.599999999999994,Campanian,Maastrichtian,Upper Cretaceous,Upper Cretaceous
Anasazisaurus,Hadrosauridae,Ornithopoda,Neornithischia,Ornithischia,False,1,Herbivore,83.6,72.1,11.5,Campanian,Campanian,Upper Cretaceous,Upper Cretaceous
Kamuysaurus,Hadrosauridae,Ornithopoda,Neornithischia,Ornithischia,False,1,Herbivore,72.1,66.0,6.099999999999994,Maastrichtian,Maastrichtian,Upper Cretaceous,Upper Cretaceous
Mandschurosaurus,Hadrosauridae,Ornithopoda,Neornithischia,Ornithischia,False,1,Herbivore,121.4,66.0,55.400000000000006,Aptian,Maastrichtian,Lower Cretaceous,Upper Cretaceous
Adynomosaurus,Hadrosauridae,Ornithopoda,Neornithischia,Ornithischia,False,1,Herbivore,72.1,66.0,6.099999999999994,Maastrichtian,Maastrichtian,Upper Cretaceous,Upper Cretaceous
Ajnabia,Hadrosauridae,Ornithopoda,Neornithischia,Ornithischia,False,1,Herbivore,72.1,66.0,6.099999999999994,Maastrichtian,Maastrichtian,Upper Cretaceous,Upper Cretaceous
Arenysaurus,Hadrosauridae,Ornithopoda,Neornithischia,Ornithischia,False,1,Herbivore,72.1,66.0,6.099999999999994,Maastrichtian,Maastrichtian,Upper Cretaceous,Upper Cretaceous
Blasisaurus,Hadrosauridae,Ornithopoda,Neornithischia,Ornithischia,False,1,Herbivore,72.1,66.0,6.099999999999994,Maastrichtian,Maastrichtian,Upper Cretaceous,Upper Cretaceous
Canardia,Hadrosauridae,Ornithopoda,Neornithischia,Ornithischia,False,1,Herbivore,72.1,66.0,6.099999999999994,Maastrichtian,Maastrichtian,Upper Cretaceous,Upper Cretaceous
Minqaria,Hadrosauridae,Ornithopoda,Neornithischia,Ornithischia,False,1,Herbivore,72.1,66.0,6.099999999999994,Maastrichtian,Maastrichtian,Upper Cretaceous,Upper Cretaceous
Pararhabdodon,Hadrosauridae,Ornithopoda,Neornithischia,Ornithischia,False,1,Herbivore,72.1,66.0,6.099999999999994,Maastrichtian,Maastrichtian,Upper Cretaceous,Upper Cretaceous
Corythosaurus,Hadrosauridae,Ornithopoda,Neornithischia,Ornithischia,False,2,Herbivore,83.6,72.1,11.5,Campanian,Campanian,Upper Cretaceous,Upper Cretaceous
Hypacrosaurus,Hadrosauridae,Ornithopoda,Neornithischia,Ornithischia,False,2,Herbivore,83.6,66.0,17.599999999999994,Campanian,Maastrichtian,Upper Cretaceous,Upper Cretaceous
Lambeosaurus,Hadrosauridae,Ornithopoda,Neornithischia,Ornithischia,False,3,Herbivore,83.6,72.1,11.5,Campanian,Campanian,Upper Cretaceous,Upper Cretaceous
Velafrons,Hadrosauridae,Ornithopoda,Neornithischia,Ornithischia,False,1,Herbivore,83.6,72.1,11.5,Campanian,Campanian,Upper Cretaceous,Upper Cretaceous
Magnapaulia,Hadrosauridae,Ornithopoda,Neornithischia,Ornithischia,False,1,Herbivore,83.6,72.1,11.5,Campanian,Campanian,Upper Cretaceous,Upper Cretaceous
Charonosaurus,Hadrosauridae,Ornithopoda,Neornithischia,Ornithischia,False,1,Herbivore,72.1,66.0,6.099999999999994,Maastrichtian,Maastrichtian,Upper Cretaceous,Upper Cretaceous
Parasaurolophus,Hadrosauridae,Ornithopoda,Neornithischia,Ornithischia,False,3,Herbivore,83.6,72.1,11.5,Campanian,Campanian,Upper Cretaceous,Upper Cretaceous
Tlatolophus,Hadrosauridae,Ornithopoda,Neornithischia,Ornithischia,False,1,Herbivore,83.6,72.1,11.5,Campanian,Campanian,Upper Cretaceous,Upper Cretaceous
Adelolophus,Hadrosauridae,Ornithopoda,Neornithischia,Ornithischia,False,1,Herbivore,83.6,72.1,11.5,Campanian,Campanian,Upper Cretaceous,Upper Cretaceous
Amurosaurus,Hadrosauridae,Ornithopoda,Neornithischia,Ornithischia,False,1,Herbivore,72.1,66.0,6.099999999999994,Maastrichtian,Maastrichtian,Upper Cretaceous,Upper Cretaceous
Angulomastacator,Hadrosauridae,Ornithopoda,Neornithischia,Ornithischia,False,1,Herbivore,83.6,72.1,11.5,Campanian,Campanian,Upper Cretaceous,Upper Cretaceous
Aralosaurus,Hadrosauridae,Ornithopoda,Neornithischia,Ornithischia,False,1,Herbivore,86.3,72.1,14.200000000000003,Santonian,Campanian,Upper Cretaceous,Upper Cretaceous
Jaxartosaurus,Hadrosauridae,Ornithopoda,Neornithischia,Ornithischia,False,1,Herbivore,89.8,83.6,6.200000000000003,Coniacian,Santonian,Upper Cretaceous,Upper Cretaceous
Kazaklambia,Hadrosauridae,Ornithopoda,Neornithischia,Ornithischia,False,1,Herbivore,89.8,83.6,6.200000000000003,Coniacian,Santonian,Upper Cretaceous,Upper Cretaceous
Latirhinus,Hadrosauridae,Ornithopoda,Neornithischia,Ornithischia,False,1,Herbivore,83.6,72.1,11.5,Campanian,Campanian,Upper Cretaceous,Upper Cretaceous
Nipponosaurus,Hadrosauridae,Ornithopoda,Neornithischia,Ornithischia,False,1,Herbivore,86.3,72.1,14.200000000000003,Santonian,Campanian,Upper Cretaceous,Upper Cretaceous
Olorotitan,Hadrosauridae,Ornithopoda,Neornithischia,Ornithischia,False,1,Herbivore,72.1,66.0,6.099999999999994,Maastrichtian,Maastrichtian,Upper Cretaceous,Upper Cretaceous
Tsintaosaurus,Hadrosauridae,Ornithopoda,Neornithischia,Ornithischia,False,1,Herbivore,83.6,72.1,11.5,Campanian,Campanian,Upper Cretaceous,Upper Cretaceous
Barsboldia,Hadrosauridae,Ornithopoda,Neornithischia,Ornithischia,False,1,Herbivore,72.1,66.0,6.099999999999994,Maastrichtian,Maastrichtian,Upper Cretaceous,Upper Cretaceous
Laiyangosaurus,Hadrosauridae,Ornithopoda,Neornithischia,Ornithischia,False,1,Herbivore,83.6,72.1,11.5,Campanian,Campanian,Upper Cretaceous,Upper Cretaceous
Rhinorex,Hadrosauridae,Ornithopoda,Neornithischia,Ornithischia,False,1,Herbivore,83.6,72.1,11.5,Campanian,Campanian,Upper Cretaceous,Upper Cretaceous
Aquilarhinus,Hadrosauridae,Ornithopoda,Neornithischia,Ornithischia,False,1,Herbivore,83.6,72.1,11.5,Campanian,Campanian,Upper Cretaceous,Upper Cretaceous
Eotrachodon,Hadrosauridae,Ornithopoda,Neornithischia,Ornithischia,False,1,Herbivore,86.3,83.6,2.700000000000003,Santonian,Santonian,Upper Cretaceous,Upper Cretaceous
Lapampasaurus,Hadrosauridae,Ornithopoda,Neornithischia,Ornithischia,False,1,Herbivore,83.6,66.0,17.599999999999994,Campanian,Maastrichtian,Upper Cretaceous,Upper Cretaceous
Malefica,Hadrosauridae,Ornithopoda,Neornithischia,Ornithischia,False,1,Herbivore,83.6,72.1,11.5,Campanian,Campanian,Upper Cretaceous,Upper Cretaceous
Yamatosaurus,Hadrosauridae,Ornithopoda,Neornithischia,Ornithischia,False,1,Herbivore,72.1,66.0,6.099999999999994,Maastrichtian,Maastrichtian,Upper Cretaceous,Upper Cretaceous
Bactrosaurus,,Ornithopoda,Neornithischia,Ornithischia,False,1,Herbivore,100.5,72.1,28.400000000000006,Cenomanian,Campanian,Upper Cretaceous,Upper Cretaceous
Batyrosaurus,,Ornithopoda,Neornithischia,Ornithischia,False,1,Herbivore,86.3,72.1,14.200000000000003,Santonian,Campanian,Upper Cretaceous,Upper Cretaceous
Cedrorestes,,Ornithopoda,Neornithischia,Ornithischia,False,1,Herbivore,139.8,132.6,7.200000000000017,Valanginian,Valanginian,Lower Cretaceous,Lower Cretaceous
Claosaurus,,Ornithopoda,Neornithischia,Ornithischia,False,1,Herbivore,89.8,72.1,17.700000000000003,Coniacian,Campanian,Upper Cretaceous,Upper Cretaceous
Datonglong,,Ornithopoda,Neornithischia,Ornithischia,False,1,Herbivore,100.5,72.1,28.400000000000006,Cenomanian,Campanian,Upper Cretaceous,Upper Cretaceous
Eolambia,,Ornithopoda,Neornithischia,Ornithischia,False,1,Herbivore,121.4,93.9,27.5,Aptian,Cenomanian,Lower Cretaceous,Upper Cretaceous
Equijubus,,Ornithopoda,Neornithischia,Ornithischia,False,1,Herbivore,113.0,109.9,3.0999999999999943,Albian,Albian,Lower Cretaceous,Lower Cretaceous
Fukuisaurus,,Ornithopoda,Neornithischia,Ornithischia,False,1,Herbivore,121.4,113.0,8.400000000000006,Aptian,Aptian,Lower Cretaceous,Lower Cretaceous
Fylax,,Ornithopoda,Neornithischia,Ornithischia,False,1,Herbivore,72.1,66.0,6.099999999999994,Maastrichtian,Maastrichtian,Upper Cretaceous,Upper Cretaceous
Gilmoreosaurus,,Ornithopoda,Neornithischia,Ornithischia,False,1,Herbivore,83.6,72.1,11.5,Campanian,Campanian,Upper Cretaceous,Upper Cretaceous
Gobihadros,,Ornithopoda,Neornithischia,Ornithischia,False,1,Herbivore,100.5,83.6,16.900000000000006,Cenomanian,Santonian,Upper Cretaceous,Upper Cretaceous
Gongpoquansaurus,,Ornithopoda,Neornithischia,Ornithischia,False,1,Herbivore,113.0,109.9,3.0999999999999943,Albian,Albian,Lower Cretaceous,Lower Cretaceous
Gonkoken,,Ornithopoda,Neornithischia,Ornithischia,False,1,Herbivore,72.1,66.0,6.099999999999994,Maastrichtian,Maastrichtian,Upper Cretaceous,Upper Cretaceous
Huehuecanauhtlus,,Ornithopoda,Neornithischia,Ornithischia,False,1,Herbivore,86.3,83.6,2.700000000000003,Santonian,Santonian,Upper Cretaceous,Upper Cretaceous
Jeyawati,,Ornithopoda,Neornithischia,Ornithischia,False,1,Herbivore,93.9,89.8,4.1000000000000085,Turonian,Turonian,Upper Cretaceous,Upper Cretaceous
Jintasaurus,,Ornithopoda,Neornithischia,Ornithischia,False,1,Herbivore,121.4,113.0,8.400000000000006,Aptian,Aptian,Lower Cretaceous,Lower Cretaceous
Koshisaurus,,Ornithopoda,Neornithischia,Ornithischia,False,1,Herbivore,121.4,113.0,8.400000000000006,Aptian,Aptian,Lower Cretaceous,Lower Cretaceous
Levnesovia,,Ornithopoda,Neornithischia,Ornithischia,False,1,Herbivore,93.9,89.8,4.1000000000000085,Turonian,Turonian,Upper Cretaceous,Upper Cretaceous
Morelladon,,Ornithopoda,Neornithischia,Ornithischia,False,1,Herbivore,125.77,121.4,4.36999999999999,Barremian,Barremian,Lower Cretaceous,Lower Cretaceous
Nanningosaurus,,Ornithopoda,Neornithischia,Ornithischia,False,1,Herbivore,100.5,66.0,34.5,Cenomanian,Maastrichtian,Upper Cretaceous,Upper Cretaceous
Nanyangosaurus,,Ornithopoda,Neornithischia,Ornithischia,False,1,Herbivore,93.9,72.1,21.80000000000001,Turonian,Campanian,Upper Cretaceous,Upper Cretaceous
Penelopognathus,,Ornithopoda,Neornithischia,Ornithischia,False,1,Herbivore,121.4,113.0,8.400000000000006,Aptian,Aptian,Lower Cretaceous,Lower Cretaceous
Plesiohadros,,Ornithopoda,Neornithischia,Ornithischia,False,1,Herbivore,86.3,72.1,14.200000000000003,Santonian,Campanian,Upper Cretaceous,Upper Cretaceous
Portellsaurus,,Ornithopoda,Neornithischia,Ornithischia,False,1,Herbivore,125.77,121.4,4.36999999999999,Barremian,Barremian,Lower Cretaceous,Lower Cretaceous
Probactrosaurus,,Ornithopoda,Neornithischia,Ornithischia,False,1,Herbivore,125.77,100.5,25.269999999999996,Barremian,Albian,Lower Cretaceous,Lower Cretaceous
Protohadros,,Ornithopoda,Neornithischia,Ornithischia,False,1,Herbivore,100.5,93.9,6.599999999999994,Cenomanian,Cenomanian,Upper Cretaceous,Upper Cretaceous
Ratchasimasaurus,,Ornithopoda,Neornithischia,Ornithischia,False,1,Herbivore,121.4,113.0,8.400000000000006,Aptian,Aptian,Lower Cretaceous,Lower Cretaceous
Shuangmiaosaurus,,Ornithopoda,Neornithischia,Ornithischia,False,1,Herbivore,106.2,100.5,5.700000000000003,Albian,Albian,Lower Cretaceous,Lower Cretaceous
Sirindhorna,,Ornithopoda,Neornithischia,Ornithischia,False,1,Herbivore,121.4,113.0,8.400000000000006,Aptian,Aptian,Lower Cretaceous,Lower Cretaceous
Tanius,,Ornithopoda,Neornithischia,Ornithischia,False,2,Herbivore,89.8,72.1,17.700000000000003,Coniacian,Campanian,Upper Cretaceous,Upper Cretaceous
Telmatosaurus,,Ornithopoda,Neornithischia,Ornithischia,False,1,Herbivore,83.6,66.0,17.599999999999994,Campanian,Maastrichtian,Upper Cretaceous,Upper Cretaceous
Tethyshadros,,Ornithopoda,Neornithischia,Ornithischia,False,1,Herbivore,83.6,72.1,11.5,Campanian,Campanian,Upper Cretaceous,Upper Cretaceous
Xuwulong,,Ornithopoda,Neornithischia,Ornithischia,False,1,Herbivore,121.4,113.0,8.400000000000006,Aptian,Aptian,Lower Cretaceous,Lower Cretaceous
Yunganglong,,Ornithopoda,Neornithischia,Ornithischia,False,1,Herbivore,100.5,83.6,16.900000000000006,Cenomanian,Santonian,Upper Cretaceous,Upper Cretaceous
Zhanghenglong,,Ornithopoda,Neornithischia,Ornithischia,False,1,Herbivore,86.3,83.6,2.700000000000003,Santonian,Santonian,Upper Cretaceous,Upper Cretaceous
Zuoyunlong,,Ornithopoda,Neornithischia,Ornithischia,False,1,Herbivore,100.5,83.6,16.900000000000006,Cenomanian,Santonian,Upper Cretaceous,Upper Cretaceous
Brighstoneus,,Ornithopoda,Neornithischia,Ornithischia,False,1,Herbivore,125.77,121.4,4.36999999999999,Barremian,Barremian,Lower Cretaceous,Lower Cretaceous
Comptonatus,Iguanodontidae,Ornithopoda,Neornithischia,Ornithischia,False,1,Herbivore,125.77,121.4,4.36999999999999,Barremian,Barremian,Lower Cretaceous,Lower Cretaceous
Proa,,Ornithopoda,Neornithischia,Ornithischia,False,1,Herbivore,113.0,109.9,3.0999999999999943,Albian,Albian,Lower Cretaceous,Lower Cretaceous
Siamodon,,Ornithopoda,Neornithischia,Ornithischia,False,1,Herbivore,121.4,113.0,8.400000000000006,Aptian,Aptian,Lower Cretaceous,Lower Cretaceous
Calvarius,,Ornithopoda,Neornithischia,Ornithischia,False,1,Herbivore,72.1,66.0,6.099999999999994,Maastrichtian,Maastrichtian,Upper Cretaceous,Upper Cretaceous
Cumnoria,,Ornithopoda,Neornithischia,Ornithischia,False,1,Herbivore,152.2,149.2,3.0,Kimmeridgian,Kimmeridgian,Upper Jurassic,Upper Jurassic
Dakotadon,,Ornithopoda,Neornithischia,Ornithischia,False,1,Herbivore,139.8,132.6,7.200000000000017,Valanginian,Valanginian,Lower Cretaceous,Lower Cretaceous
Delapparentia,Iguanodontidae,Ornithopoda,Neornithischia,Ornithischia,False,1,Herbivore,125.77,121.4,4.36999999999999,Barremian,Barremian,Lower Cretaceous,Lower Cretaceous
Draconyx,,Ornithopoda,Neornithischia,Ornithischia,False,1,Herbivore,152.2,146.3,5.899999999999977,Kimmeridgian,Tithonian,Upper Jurassic,Upper Jurassic
Hippodraco,,Ornithopoda,Neornithischia,Ornithischia,False,1,Herbivore,139.8,132.6,7.200000000000017,Valanginian,Valanginian,Lower Cretaceous,Lower Cretaceous
Iguanacolossus,,Ornithopoda,Neornithischia,Ornithischia,False,1,Herbivore,140.6,132.6,8.0,Berriasian,Valanginian,Lower Cretaceous,Lower Cretaceous
Lanzhousaurus,,Ornithopoda,Neornithischia,Ornithischia,False,1,Herbivore,125.77,113.0,12.769999999999996,Barremian,Aptian,Lower Cretaceous,Lower Cretaceous
Magnamanus,,Ornithopoda,Neornithischia,Ornithischia,False,1,Herbivore,132.6,121.4,11.199999999999989,Hauterivian,Barremian,Lower Cretaceous,Lower Cretaceous
Napaisaurus,,Ornithopoda,Neornithischia,Ornithischia,False,1,Herbivore,121.4,113.0,8.400000000000006,Aptian,Aptian,Lower Cretaceous,Lower Cretaceous
Riabininohadros,,Ornithopoda,Neornithischia,Ornithischia,False,1,Herbivore,72.1,66.0,6.099999999999994,Maastrichtian,Maastrichtian,Upper Cretaceous,Upper Cretaceous
Theiophytalia,,Ornithopoda,Neornithischia,Ornithischia,False,1,Herbivore,121.4,100.5,20.900000000000006,Aptian,Albian,Lower Cretaceous,Lower Cretaceous
Callovosaurus,Dryosauridae,Ornithopoda,Neornithischia,Ornithischia,False,1,Herbivore,165.3,161.5,3.8000000000000114,Callovian,Callovian,Middle Jurassic,Middle Jurassic
Dryosaurus,Dryosauridae,Ornithopoda,Neornithischia,Ornithischia,False,2,Herbivore,154.8,145.0,9.800000000000011,Kimmeridgian,Tithonian,Upper Jurassic,Upper Jurassic
Dysalotosaurus,Dryosauridae,Ornithopoda,Neornithischia,Ornithischia,False,1,Herbivore,152.2,149.2,3.0,Kimmeridgian,Kimmeridgian,Upper Jurassic,Upper Jurassic
Elrhazosaurus,Dryosauridae,Ornithopoda,Neornithischia,Ornithischia,False,1,Herbivore,121.4,113.0,8.400000000000006,Aptian,Aptian,Lower Cretaceous,Lower Cretaceous
Valdosaurus,Dryosauridae,Ornithopoda,Neornithischia,Ornithischia,False,1,Herbivore,154.8,119.5,35.30000000000001,Kimmeridgian,Aptian,Upper Jurassic,Lower Cretaceous
Eousdryosaurus,Dryosauridae,Ornithopoda,Neornithischia,Ornithischia,False,1,Herbivore,152.2,146.3,5.899999999999977,Kimmeridgian,Tithonian,Upper Jurassic,Upper Jurassic
Hesperonyx,,Ornithopoda,Neornithischia,Ornithischia,False,1,Herbivore,152.2,149.2,3.0,Kimmeridgian,Kimmeridgian,Upper Jurassic,Upper Jurassic
Owenodon,,Ornithopoda,Neornithischia,Ornithischia,False,1,Herbivore,149.2,139.8,9.399999999999977,Tithonian,Berriasian,Upper Jurassic,Lower Cretaceous
Anabisetia,,Ornithopoda,Neornithischia,Ornithischia,False,1,Herbivore,93.9,89.8,4.1000000000000085,Turonian,Turonian,Upper Cretaceous,Upper Cretaceous
Atlascopcosaurus,,Ornithopoda,Neornithischia,Ornithischia,False,1,Herbivore,125.77,109.9,15.86999999999999,Barremian,Albian,Lower Cretaceous,Lower Cretaceous
Chakisaurus,,Ornithopoda,Neornithischia,Ornithischia,False,1,Herbivore,100.5,89.8,10.700000000000003,Cenomanian,Turonian,Upper Cretaceous,Upper Cretaceous
Diluvicursor,,Ornithopoda,Neornithischia,Ornithischia,False,1,Herbivore,113.0,109.9,3.0999999999999943,Albian,Albian,Lower Cretaceous,Lower Cretaceous
Galleonosaurus,,Ornithopoda,Neornithischia,Ornithischia,False,1,Herbivore,125.77,109.9,15.86999999999999,Barremian,Albian,Lower Cretaceous,Lower Cretaceous
Isasicursor,,Ornithopoda,Neornithischia,Ornithischia,False,1,Herbivore,72.1,66.0,6.099999999999994,Maastrichtian,Maastrichtian,Upper Cretaceous,Upper Cretaceous
Kangnasaurus,,Ornithopoda,Neornithischia,Ornithischia,False,1,Herbivore,100.5,66.0,34.5,Cenomanian,Maastrichtian,Upper Cretaceous,Upper Cretaceous
Leaellynasaura,,Ornithopoda,Neornithischia,Ornithischia,False,1,Herbivore,113.0,109.9,3.0999999999999943,Albian,Albian,Lower Cretaceous,Lower Cretaceous
Macrogryphosaurus,,Ornithopoda,Neornithischia,Ornithischia,False,1,Herbivore,89.8,86.3,3.5,Coniacian,Coniacian,Upper Cretaceous,Upper Cretaceous
Mahuidacursor,,Ornithopoda,Neornithischia,Ornithischia,False,1,Herbivore,86.3,83.6,2.700000000000003,Santonian,Santonian,Upper Cretaceous,Upper Cretaceous
Morrosaurus,,Ornithopoda,Neornithischia,Ornithischia,False,1,Herbivore,72.1,66.0,6.099999999999994,Maastrichtian,Maastrichtian,Upper Cretaceous,Upper Cretaceous
Talenkauen,,Ornithopoda,Neornithischia,Ornithischia,False,1,Herbivore,83.6,72.1,11.5,Campanian,Campanian,Upper Cretaceous,Upper Cretaceous
Tietasaura,,Ornithopoda,Neornithischia,Ornithischia,False,1,Herbivore,139.8,125.77,14.030000000000015,Valanginian,Hauterivian,Lower Cretaceous,Lower Cretaceous
Trinisaura,,Ornithopoda,Neornithischia,Ornithischia,False,1,Herbivore,83.6,72.1,11.5,Campanian,Campanian,Upper Cretaceous,Upper Cretaceous
Matheronodon,Rhabdodontidae,Ornithopoda,Neornithischia,Ornithischia,False,1,Herbivore,83.6,72.1,11.5,Campanian,Campanian,Upper Cretaceous,Upper Cretaceous
Mochlodon,Rhabdodontidae,Ornithopoda,Neornithischia,Ornithischia,False,3,Herbivore,86.3,66.0,20.299999999999997,Santonian,Maastrichtian,Upper Cretaceous,Upper Cretaceous
Pareisactus,Rhabdodontidae,Ornithopoda,Neornithischia,Ornithischia,False,1,Herbivore,72.1,66.0,6.099999999999994,Maastrichtian,Maastrichtian,Upper Cretaceous,Upper Cretaceous
Rhabdodon,Rhabdodontidae,Ornithopoda,Neornithischia,Ornithischia,False,2,Herbivore,83.6,66.0,17.599999999999994,Campanian,Maastrichtian,Upper Cretaceous,Upper Cretaceous
Transylvanosaurus,Rhabdodontidae,Ornithopoda,Neornithischia,Ornithischia,False,1,Herbivore,72.1,66.0,6.099999999999994,Maastrichtian,Maastrichtian,Upper Cretaceous,Upper Cretaceous
Zalmoxes,Rhabdodontidae,Ornithopoda,Neornithischia,Ornithischia,False,2,Herbivore,83.6,66.0,17.599999999999994,Campanian,Maastrichtian,Upper Cretaceous,Upper Cretaceous
Emiliasaura,,Ornithopoda,Neornithischia,Ornithischia,False,1,Herbivore,139.8,132.6,7.200000000000017,Valanginian,Valanginian,Lower Cretaceous,Lower Cretaceous
Fostoria,,Ornithopoda,Neornithischia,Ornithischia,False,1,Herbivore,100.5,93.9,6.599999999999994,Cenomanian,Cenomanian,Upper Cretaceous,Upper Cretaceous
Iani,,Ornithopoda,Neornithischia,Ornithischia,False,1,Herbivore,100.5,93.9,6.599999999999994,Cenomanian,Cenomanian,Upper Cretaceous,Upper Cretaceous
Muttaburrasaurus,,Ornithopoda,Neornithischia,Ornithischia,False,1,Herbivore,106.2,93.9,12.299999999999997,Albian,Cenomanian,Lower Cretaceous,Upper Cretaceous
Craspedodon,,Ceratopsia,Neornithischia,Ornithischia,False,1,Herbivore,89.8,83.6,6.200000000000003,Coniacian,Santonian,Upper Cretaceous,Upper Cretaceous
Lurdusaurus,,Ornithopoda,Neornithischia,Ornithischia,False,1,Herbivore,113.0,100.5,12.5,Albian,Albian,Lower Cretaceous,Lower Cretaceous
Choyrodon,,Ornithopoda,Neornithischia,Ornithischia,False,1,Herbivore,109.9,100.5,9.400000000000006,Albian,Albian,Lower Cretaceous,Lower Cretaceous
Convolosaurus,,Ornithopoda,Neornithischia,Ornithischia,False,1,Herbivore,119.5,113.0,6.5,Aptian,Aptian,Lower Cretaceous,Lower Cretaceous
Fulgurotherium,,,Neornithischia,Ornithischia,False,0,Herbivore,100.5,93.9,6.599999999999994,Cenomanian,Cenomanian,Upper Cretaceous,Upper Cretaceous
Iyuku,,Ornithopoda,Neornithischia,Ornithischia,False,1,Herbivore,139.8,132.6,7.200000000000017,Valanginian,Valanginian,Lower Cretaceous,Lower Cretaceous
Mantellisaurus,,Ornithopoda,Neornithischia,Ornithischia,False,1,Herbivore,145.0,119.5,25.5,Berriasian,Aptian,Lower Cretaceous,Lower Cretaceous
Osmakasaurus,,Ornithopoda,Neornithischia,Ornithischia,False,1,Herbivore,154.8,121.4,33.400000000000006,Kimmeridgian,Barremian,Upper Jurassic,Lower Cretaceous
Planicoxa,,Ornithopoda,Neornithischia,Ornithischia,False,1,Herbivore,121.4,113.0,8.400000000000006,Aptian,Aptian,Lower Cretaceous,Lower Cretaceous
Sektensaurus,,Ornithopoda,Neornithischia,Ornithischia,False,1,Herbivore,83.6,66.0,17.599999999999994,Campanian,Maastrichtian,Upper Cretaceous,Upper Cretaceous
Tenontosaurus,,Ornithopoda,Neornithischia,Ornithischia,False,2,Herbivore,121.4,93.9,27.5,Aptian,Cenomanian,Lower Cretaceous,Upper Cretaceous
Yueosaurus,Thescelosauridae,,Neornithischia,Ornithischia,False,1,Herbivore,113.0,93.9,19.099999999999994,Albian,Cenomanian,Lower Cretaceous,Upper Cretaceous
Thescelosaurus,Thescelosauridae,,Neornithischia,Ornithischia,False,4,Herbivore,93.9,66.0,27.900000000000006,Turonian,Maastrichtian,Upper Cretaceous,Upper Cretaceous
Ampelognathus,,Ornithopoda,Neornithischia,Ornithischia,False,1,Herbivore,100.5,93.9,6.599999999999994,Cenomanian,Cenomanian,Upper Cretaceous,Upper Cretaceous
Burianosaurus,,Ornithopoda,Neornithischia,Ornithischia,False,1,Herbivore,100.5,93.9,6.599999999999994,Cenomanian,Cenomanian,Upper Cretaceous,Upper Cretaceous
Changchunsaurus,Thescelosauridae,,Neornithischia,Ornithischia,False,1,Herbivore,121.4,100.5,20.900000000000006,Aptian,Albian,Lower Cretaceous,Lower Cretaceous
Changmiania,,Ornithopoda,Neornithischia,Ornithischia,False,1,Herbivore,125.77,119.5,6.269999999999996,Barremian,Aptian,Lower Cretaceous,Lower Cretaceous
Gideonmantellia,,Ornithopoda,Neornithischia,Ornithischia,False,1,Herbivore,125.77,121.4,4.36999999999999,Barremian,Barremian,Lower Cretaceous,Lower Cretaceous
Nanosaurus,Nanosauridae,,Neornithischia,Ornithischia,False,1,Herbivore,157.9,145.0,12.900000000000006,Oxfordian,Tithonian,Upper Jurassic,Upper Jurassic
Qantassaurus,,Ornithopoda,Neornithischia,Ornithischia,False,1,Herbivore,125.77,121.4,4.36999999999999,Barremian,Barremian,Lower Cretaceous,Lower Cretaceous
Weewarrasaurus,,Ornithopoda,Neornithischia,Ornithischia,False,1,Herbivore,100.5,93.9,6.599999999999994,Cenomanian,Cenomanian,Upper Cretaceous,Upper Cretaceous
Stegouros,,Ankylosauria,Thyreophora,Ornithischia,False,1,Herbivore,83.6,66.0,17.599999999999994,Campanian,Maastrichtian,Upper Cretaceous,Upper Cretaceous
Akainacephalus,Ankylosauridae,Ankylosauria,Thyreophora,Ornithischia,False,1,Herbivore,83.6,72.1,11.5,Campanian,Campanian,Upper Cretaceous,Upper Cretaceous
Ziapelta,Ankylosauridae,Ankylosauria,Thyreophora,Ornithischia,False,1,Herbivore,83.6,72.1,11.5,Campanian,Campanian,Upper Cretaceous,Upper Cretaceous
Anodontosaurus,Ankylosauridae,Ankylosauria,Thyreophora,Ornithischia,False,2,Herbivore,83.6,66.0,17.599999999999994,Campanian,Maastrichtian,Upper Cretaceous,Upper Cretaceous
Dyoplosaurus,Ankylosauridae,Ankylosauria,Thyreophora,Ornithischia,False,1,Herbivore,83.6,72.1,11.5,Campanian,Campanian,Upper Cretaceous,Upper Cretaceous
Euoplocephalus,Ankylosauridae,Ankylosauria,Thyreophora,Ornithischia,False,1,Herbivore,83.6,66.0,17.599999999999994,Campanian,Maastrichtian,Upper Cretaceous,Upper Cretaceous
Platypelta,Ankylosauridae,Ankylosauria,Thyreophora,Ornithischia,False,1,Herbivore,83.6,72.1,11.5,Campanian,Campanian,Upper Cretaceous,Upper Cretaceous
Scolosaurus,Ankylosauridae,Ankylosauria,Thyreophora,Ornithischia,False,2,Herbivore,83.6,72.1,11.5,Campanian,Campanian,Upper Cretaceous,Upper Cretaceous
Ankylosaurus,Ankylosauridae,Ankylosauria,Thyreophora,Ornithischia,False,1,Herbivore,83.6,66.0,17.599999999999994,Campanian,Maastrichtian,Upper Cretaceous,Upper Cretaceous
Crichtonpelta,Ankylosauridae,Ankylosauria,Thyreophora,Ornithischia,False,1,Herbivore,106.2,89.8,16.400000000000006,Albian,Turonian,Lower Cretaceous,Upper Cretaceous
Jinyunpelta,Ankylosauridae,Ankylosauria,Thyreophora,Ornithischia,False,1,Herbivore,113.0,100.5,12.5,Albian,Albian,Lower Cretaceous,Lower Cretaceous
Nodocephalosaurus,Ankylosauridae,Ankylosauria,Thyreophora,Ornithischia,False,1,Herbivore,83.6,72.1,11.5,Campanian,Campanian,Upper Cretaceous,Upper Cretaceous
Oohkotokia,Ankylosauridae,Ankylosauria,Thyreophora,Ornithischia,False,1,Herbivore,83.6,72.1,11.5,Campanian,Campanian,Upper Cretaceous,Upper Cretaceous
Pinacosaurus,Ankylosauridae,Ankylosauria,Thyreophora,Ornithischia,False,2,Herbivore,89.8,72.1,17.700000000000003,Coniacian,Campanian,Upper Cretaceous,Upper Cretaceous
Saichania,Ankylosauridae,Ankylosauria,Thyreophora,Ornithischia,False,1,Herbivore,100.5,72.1,28.400000000000006,Cenomanian,Campanian,Upper Cretaceous,Upper Cretaceous
Talarurus,Ankylosauridae,Ankylosauria,Thyreophora,Ornithischia,False,1,Herbivore,100.5,83.6,16.900000000000006,Cenomanian,Santonian,Upper Cretaceous,Upper Cretaceous
Tarchia,Ankylosauridae,Ankylosauria,Thyreophora,Ornithischia,False,3,Herbivore,83.6,66.0,17.599999999999994,Campanian,Maastrichtian,Upper Cretaceous,Upper Cretaceous
Tsagantegia,Ankylosauridae,Ankylosauria,Thyreophora,Ornithischia,False,1,Herbivore,100.5,83.6,16.900000000000006,Cenomanian,Santonian,Upper Cretaceous,Upper Cretaceous
Zaraapelta,Ankylosauridae,Ankylosauria,Thyreophora,Ornithischia,False,1,Herbivore,100.5,83.6,16.900000000000006,Cenomanian,Santonian,Upper Cretaceous,Upper Cretaceous
Zuul,Ankylosauridae,Ankylosauria,Thyreophora,Ornithischia,False,1,Herbivore,83.6,72.1,11.5,Campanian,Campanian,Upper Cretaceous,Upper Cretaceous
Ahshislepelta,,Ankylosauria,Thyreophora,Ornithischia,False,1,Herbivore,83.6,72.1,11.5,Campanian,Campanian,Upper Cretaceous,Upper Cretaceous
Aletopelta,,Ankylosauria,Thyreophora,Ornithischia,False,1,Herbivore,83.6,72.1,11.5,Campanian,Campanian,Upper Cretaceous,Upper Cretaceous
Bissektipelta,Ankylosauridae,Ankylosauria,Thyreophora,Ornithischia,False,1,Herbivore,93.9,89.8,4.1000000000000085,Turonian,Turonian,Upper Cretaceous,Upper Cretaceous
Cedarpelta,Ankylosauridae,Ankylosauria,Thyreophora,Ornithischia,False,1,Herbivore,121.4,100.5,20.900000000000006,Aptian,Albian,Lower Cretaceous,Lower Cretaceous
Chuanqilong,Ankylosauridae,Ankylosauria,Thyreophora,Ornithischia,False,1,Herbivore,121.4,113.0,8.400000000000006,Aptian,Aptian,Lower Cretaceous,Lower Cretaceous
Datai,Ankylosauridae,Ankylosauria,Thyreophora,Ornithischia,False,1,Herbivore,93.9,86.3,7.6000000000000085,Turonian,Coniacian,Upper Cretaceous,Upper Cretaceous
Gobisaurus,Ankylosauridae,Ankylosauria,Thyreophora,Ornithischia,False,1,Herbivore,121.4,89.8,31.60000000000001,Aptian,Turonian,Lower Cretaceous,Upper Cretaceous
Huaxiazhoulong,Ankylosauridae,Ankylosauria,Thyreophora,Ornithischia,False,1,Herbivore,83.6,72.1,11.5,Campanian,Campanian,Upper Cretaceous,Upper Cretaceous
Liaoningosaurus,Ankylosauridae,Ankylosauria,Thyreophora,Ornithischia,False,1,Herbivore,125.77,119.5,6.269999999999996,Barremian,Aptian,Lower Cretaceous,Lower Cretaceous
Minmi,,Ankylosauria,Thyreophora,Ornithischia,False,0,Herbivore,132.6,113.0,19.599999999999994,Hauterivian,Aptian,Lower Cretaceous,Lower Cretaceous
Shamosaurus,Ankylosauridae,Ankylosauria,Thyreophora,Ornithischia,False,1,Herbivore,121.4,100.5,20.900000000000006,Aptian,Albian,Lower Cretaceous,Lower Cretaceous
Europelta,Nodosauridae,Ankylosauria,Thyreophora,Ornithischia,False,1,Herbivore,113.0,109.9,3.0999999999999943,Albian,Albian,Lower Cretaceous,Lower Cretaceous
Acantholipan,Nodosauridae,Ankylosauria,Thyreophora,Ornithischia,False,1,Herbivore,83.6,72.1,11.5,Campanian,Campanian,Upper Cretaceous,Upper Cretaceous
Animantarx,Nodosauridae,Ankylosauria,Thyreophora,Ornithischia,False,1,Herbivore,121.4,100.5,20.900000000000006,Aptian,Albian,Lower Cretaceous,Lower Cretaceous
Anoplosaurus,Nodosauridae,Ankylosauria,Thyreophora,Ornithischia,False,1,Herbivore,100.5,93.9,6.599999999999994,Cenomanian,Cenomanian,Upper Cretaceous,Upper Cretaceous
Borealopelta,Nodosauridae,Ankylosauria,Thyreophora,Ornithischia,False,1,Herbivore,121.4,113.0,8.400000000000006,Aptian,Aptian,Lower Cretaceous,Lower Cretaceous
Dongyangopelta,Nodosauridae,Ankylosauria,Thyreophora,Ornithischia,False,1,Herbivore,113.0,93.9,19.099999999999994,Albian,Cenomanian,Lower Cretaceous,Upper Cretaceous
Edmontonia,Nodosauridae,Ankylosauria,Thyreophora,Ornithischia,False,1,Herbivore,83.6,66.0,17.599999999999994,Campanian,Maastrichtian,Upper Cretaceous,Upper Cretaceous
Gargoyleosaurus,Nodosauridae,Ankylosauria,Thyreophora,Ornithischia,False,1,Herbivore,152.2,146.3,5.899999999999977,Kimmeridgian,Tithonian,Upper Jurassic,Upper Jurassic
Gastonia,Nodosauridae,Ankylosauria,Thyreophora,Ornithischia,False,2,Herbivore,139.8,100.5,39.30000000000001,Valanginian,Albian,Lower Cretaceous,Lower Cretaceous
Glyptodontopelta,Nodosauridae,Ankylosauria,Thyreophora,Ornithischia,False,1,Herbivore,83.6,66.0,17.599999999999994,Campanian,Maastrichtian,Upper Cretaceous,Upper Cretaceous
Hoplitosaurus,Nodosauridae,Ankylosauria,Thyreophora,Ornithischia,False,1,Herbivore,125.77,113.0,12.769999999999996,Barremian,Aptian,Lower Cretaceous,Lower Cretaceous
Hungarosaurus,Nodosauridae,Ankylosauria,Thyreophora,Ornithischia,False,1,Herbivore,86.3,83.6,2.700000000000003,Santonian,Santonian,Upper Cretaceous,Upper Cretaceous
Hylaeosaurus,Nodosauridae,Ankylosauria,Thyreophora,Ornithischia,False,1,Herbivore,140.6,109.9,30.69999999999999,Berriasian,Albian,Lower Cretaceous,Lower Cretaceous
Invictarx,Nodosauridae,Ankylosauria,Thyreophora,Ornithischia,False,1,Herbivore,83.6,72.1,11.5,Campanian,Campanian,Upper Cretaceous,Upper Cretaceous
Mymoorapelta,Nodosauridae,Ankylosauria,Thyreophora,Ornithischia,False,1,Herbivore,154.8,145.0,9.800000000000011,Kimmeridgian,Tithonian,Upper Jurassic,Upper Jurassic
Niobrarasaurus,Nodosauridae,Ankylosauria,Thyreophora,Ornithischia,False,1,Herbivore,89.8,83.6,6.200000000000003,Coniacian,Santonian,Upper Cretaceous,Upper Cretaceous
Nodosaurus,Nodosauridae,Ankylosauria,Thyreophora,Ornithischia,False,1,Herbivore,100.5,66.0,34.5,Cenomanian,Maastrichtian,Upper Cretaceous,Upper Cretaceous
Panoplosaurus,Nodosauridae,Ankylosauria,Thyreophora,Ornithischia,False,2,Herbivore,83.6,66.0,17.599999999999994,Campanian,Maastrichtian,Upper Cretaceous,Upper Cretaceous
Patagopelta,,Ankylosauria,Thyreophora,Ornithischia,False,1,Herbivore,83.6,66.0,17.599999999999994,Campanian,Maastrichtian,Upper Cretaceous,Upper Cretaceous
Pawpawsaurus,Nodosauridae,Ankylosauria,Thyreophora,Ornithischia,False,1,Herbivore,106.2,100.5,5.700000000000003,Albian,Albian,Lower Cretaceous,Lower Cretaceous
Peloroplites,Nodosauridae,Ankylosauria,Thyreophora,Ornithischia,False,1,Herbivore,121.4,100.5,20.900000000000006,Aptian,Albian,Lower Cretaceous,Lower Cretaceous
Polacanthus,Nodosauridae,Ankylosauria,Thyreophora,Ornithischia,False,2,Herbivore,140.6,100.5,40.099999999999994,Berriasian,Albian,Lower Cretaceous,Lower Cretaceous
Propanoplosaurus,Nodosauridae,Ankylosauria,Thyreophora,Ornithischia,False,1,Herbivore,119.5,113.0,6.5,Aptian,Aptian,Lower Cretaceous,Lower Cretaceous
Sauropelta,Nodosauridae,Ankylosauria,Thyreophora,Ornithischia,False,1,Herbivore,121.4,93.9,27.5,Aptian,Cenomanian,Lower Cretaceous,Upper Cretaceous
Sauroplites,,Ankylosauria,Thyreophora,Ornithischia,False,1,Herbivore,121.4,113.0,8.400000000000006,Aptian,Aptian,Lower Cretaceous,Lower Cretaceous
Silvisaurus,Nodosauridae,Ankylosauria,Thyreophora,Ornithischia,False,1,Herbivore,106.2,100.5,5.700000000000003,Albian,Albian,Lower Cretaceous,Lower Cretaceous
Stegopelta,Nodosauridae,Ankylosauria,Thyreophora,Ornithischia,False,1,Herbivore,100.5,93.9,6.599999999999994,Cenomanian,Cenomanian,Upper Cretaceous,Upper Cretaceous
Struthiosaurus,Nodosauridae,Ankylosauria,Thyreophora,Ornithischia,False,3,Herbivore,83.6,66.0,17.599999999999994,Campanian,Maastrichtian,Upper Cretaceous,Upper Cretaceous
Taohelong,Nodosauridae,Ankylosauria,Thyreophora,Ornithischia,False,1,Herbivore,125.77,113.0,12.769999999999996,Barremian,Aptian,Lower Cretaceous,Lower Cretaceous
Tatankacephalus,Nodosauridae,Ankylosauria,Thyreophora,Ornithischia,False,1,Herbivore,113.0,100.5,12.5,Albian,Albian,Lower Cretaceous,Lower Cretaceous
Texasetes,Nodosauridae,Ankylosauria,Thyreophora,Ornithischia,False,1,Herbivore,106.2,100.5,5.700000000000003,Albian,Albian,Lower Cretaceous,Lower Cretaceous
Dracopelta,,Ankylosauria,Thyreophora,Ornithischia,False,1,Herbivore,146.3,145.0,1.3000000000000114,Tithonian,Tithonian,Upper Jurassic,Upper Jurassic
Kunbarrasaurus,,Ankylosauria,Thyreophora,Ornithischia,False,1,Herbivore,106.2,100.5,5.700000000000003,Albian,Albian,Lower Cretaceous,Lower Cretaceous
Sarcolestes,,Ankylosauria,Thyreophora,Ornithischia,False,1,Herbivore,165.3,161.5,3.8000000000000114,Callovian,Callovian,Middle Jurassic,Middle Jurassic
Sinankylosaurus,,,,,False,1,Herbivore,83.6,72.1,11.5,Campanian,Campanian,Upper Cretaceous,Upper Cretaceous
Spicomellus,,Ankylosauria,Thyreophora,Ornithischia,False,1,Herbivore,168.2,161.5,6.699999999999989,Bathonian,Callovian,Middle Jurassic,Middle Jurassic
Vectipelta,,Ankylosauria,Thyreophora,Ornithischia,False,1,Herbivore,140.6,139.8,0.799999999999983,Berriasian,Berriasian,Lower Cretaceous,Lower Cretaceous
Dacentrurus,Stegosauridae,Stegosauria,Thyreophora,Ornithischia,False,1,Herbivore,154.8,121.4,33.400000000000006,Kimmeridgian,Barremian,Upper Jurassic,Lower Cretaceous
Miragaia,Stegosauridae,Stegosauria,Thyreophora,Ornithischia,False,2,Herbivore,154.8,145.0,9.800000000000011,Kimmeridgian,Tithonian,Upper Jurassic,Upper Jurassic
Thyreosaurus,Stegosauridae,Stegosauria,Thyreophora,Ornithischia,False,1,Herbivore,168.2,161.5,6.699999999999989,Bathonian,Callovian,Middle Jurassic,Middle Jurassic
Chungkingosaurus,Huayangosauridae,Stegosauria,Thyreophora,Ornithischia,False,1,Herbivore,168.2,161.5,6.699999999999989,Bathonian,Callovian,Middle Jurassic,Middle Jurassic
Gigantspinosaurus,,Stegosauria,Thyreophora,Ornithischia,False,1,Herbivore,168.2,161.5,6.699999999999989,Bathonian,Callovian,Middle Jurassic,Middle Jurassic
Changdusaurus,Stegosauridae,,,,True,1,Herbivore,174.7,161.5,13.199999999999989,Aalenian,Callovian,Middle Jurassic,Middle Jurassic
Hesperosaurus,Stegosauridae,Stegosauria,Thyreophora,Ornithischia,False,1,Herbivore,157.9,145.0,12.900000000000006,Oxfordian,Tithonian,Upper Jurassic,Upper Jurassic
Jiangjunosaurus,Stegosauridae,Stegosauria,Thyreophora,Ornithischia,False,1,Herbivore,161.5,154.8,6.699999999999989,Oxfordian,Oxfordian,Upper Jurassic,Upper Jurassic
Lexovisaurus,,Stegosauria,Thyreophora,Ornithischia,False,0,Herbivore,165.3,154.8,10.5,Callovian,Oxfordian,Middle Jurassic,Upper Jurassic
Loricatosaurus,Stegosauridae,Stegosauria,Thyreophora,Ornithischia,False,1,Herbivore,165.3,161.5,3.8000000000000114,Callovian,Callovian,Middle Jurassic,Middle Jurassic
Mongolostegus,Stegosauridae,Stegosauria,Thyreophora,Ornithischia,False,1,Herbivore,121.4,100.5,20.900000000000006,Aptian,Albian,Lower Cretaceous,Lower Cretaceous
Stegosaurus,Stegosauridae,Stegosauria,Thyreophora,Ornithischia,False,8,Herbivore,161.5,93.9,67.6,Oxfordian,Cenomanian,Upper Jurassic,Upper Cretaceous
Yingshanosaurus,Stegosauridae,Stegosauria,Thyreophora,Ornithischia,False,1,Herbivore,168.2,161.5,6.699999999999989,Bathonian,Callovian,Middle Jurassic,Middle Jurassic
Adratiklit,Stegosauridae,Stegosauria,Thyreophora,Ornithischia,False,1,Herbivore,168.2,161.5,6.699999999999989,Bathonian,Callovian,Middle Jurassic,Middle Jurassic
Baiyinosaurus,,Stegosauria,Thyreophora,Ornithischia,False,1,Herbivore,168.2,165.3,2.8999999999999773,Bathonian,Bathonian,Middle Jurassic,Middle Jurassic
Bashanosaurus,,Stegosauria,Thyreophora,Ornithischia,False,1,Herbivore,168.2,161.5,6.699999999999989,Bathonian,Callovian,Middle Jurassic,Middle Jurassic
Huayangosaurus,,Stegosauria,Thyreophora,Ornithischia,False,1,Herbivore,170.9,154.8,16.099999999999994,Bajocian,Oxfordian,Middle Jurassic,Upper Jurassic
Isaberrysaura,,Stegosauria,Thyreophora,Ornithischia,False,1,Herbivore,170.9,168.6,2.3000000000000114,Bajocian,Bajocian,Middle Jurassic,Middle Jurassic
Kentrosaurus,Stegosauridae,Stegosauria,Thyreophora,Ornithischia,False,1,Herbivore,161.5,145.0,16.5,Oxfordian,Tithonian,Upper Jurassic,Upper Jurassic
Paranthodon,Stegosauridae,Stegosauria,Thyreophora,Ornithischia,False,1,Herbivore,145.0,132.6,12.400000000000006,Berriasian,Valanginian,Lower Cretaceous,Lower Cretaceous
Tuojiangosaurus,,Stegosauria,Thyreophora,Ornithischia,False,1,Herbivore,168.2,161.5,6.699999999999989,Bathonian,Callovian,Middle Jurassic,Middle Jurassic
Yanbeilong,Stegosauridae,Stegosauria,Thyreophora,Ornithischia,False,1,Herbivore,113.0,100.5,12.5,Albian,Albian,Lower Cretaceous,Lower Cretaceous
Emausaurus,,,Thyreophora,Ornithischia,False,1,Herbivore,184.2,174.7,9.5,Toarcian,Toarcian,Lower Jurassic,Lower Jurassic
Jakapil,,,Thyreophora,Ornithischia,False,1,Herbivore,100.5,93.9,6.599999999999994,Cenomanian,Cenomanian,Upper Cretaceous,Upper Cretaceous
Scelidosaurus,,,Thyreophora,Ornithischia,False,1,Herbivore,208.5,174.7,33.80000000000001,Rhaetian,Toarcian,Upper Triassic,Lower Jurassic
Scutellosaurus,,,Thyreophora,Ornithischia,False,1,Herbivore,201.4,184.2,17.200000000000017,Hettangian,Pliensbachian,Lower Jurassic,Lower Jurassic
Yuxisaurus,,,Thyreophora,Ornithischia,False,1,Herbivore,192.9,184.2,8.700000000000017,Pliensbachian,Pliensbachian,Lower Jurassic,Lower Jurassic
Agilisaurus,,,Neornithischia,Ornithischia,False,1,Herbivore,170.9,154.8,16.099999999999994,Bajocian,Oxfordian,Middle Jurassic,Upper Jurassic
Eocursor,,,,Ornithischia,False,1,Herbivore,201.4,192.9,8.5,Hettangian,Sinemurian,Lower Jurassic,Lower Jurassic
Hexinlusaurus,,,Neornithischia,Ornithischia,False,1,Herbivore,170.9,154.8,16.099999999999994,Bajocian,Oxfordian,Middle Jurassic,Upper Jurassic
Jeholosaurus,Jeholosauridae,,Neornithischia,Ornithischia,False,1,Herbivore,125.77,119.5,6.269999999999996,Barremian,Aptian,Lower Cretaceous,Lower Cretaceous
Kulindapteryx,,,Neornithischia,Ornithischia,False,1,Herbivore,168.2,145.0,23.19999999999999,Bathonian,Tithonian,Middle Jurassic,Upper Jurassic
Albertadromeus,Thescelosauridae,,Neornithischia,Ornithischia,False,1,Herbivore,83.6,72.1,11.5,Campanian,Campanian,Upper Cretaceous,Upper Cretaceous
Koreanosaurus,Thescelosauridae,,Neornithischia,Ornithischia,False,1,Herbivore,83.6,72.1,11.5,Campanian,Campanian,Upper Cretaceous,Upper Cretaceous
Orodromeus,Thescelosauridae,,Neornithischia,Ornithischia,False,1,Herbivore,83.6,66.0,17.599999999999994,Campanian,Maastrichtian,Upper Cretaceous,Upper Cretaceous
Oryctodromeus,Thescelosauridae,,Neornithischia,Ornithischia,False,1,Herbivore,106.2,93.9,12.299999999999997,Albian,Cenomanian,Lower Cretaceous,Upper Cretaceous
Zephyrosaurus,Thescelosauridae,,Neornithischia,Ornithischia,False,1,Herbivore,121.4,100.5,20.900000000000006,Aptian,Albian,Lower Cretaceous,Lower Cretaceous
Fona,Thescelosauridae,,Neornithischia,Ornithischia,False,1,Herbivore,100.5,93.9,6.599999999999994,Cenomanian,Cenomanian,Upper Cretaceous,Upper Cretaceous
Nevadadromeus,Thescelosauridae,,Neornithischia,Ornithischia,False,1,Herbivore,100.5,93.9,6.599999999999994,Cenomanian,Cenomanian,Upper Cretaceous,Upper Cretaceous
Notohypsilophodon,,Ornithopoda,Neornithischia,Ornithischia,False,1,Herbivore,100.5,89.8,10.700000000000003,Cenomanian,Turonian,Upper Cretaceous,Upper Cretaceous
Parksosaurus,Thescelosauridae,,Neornithischia,Ornithischia,False,1,Herbivore,72.1,66.0,6.099999999999994,Maastrichtian,Maastrichtian,Upper Cretaceous,Upper Cretaceous
Haya,Thescelosauridae,,Neornithischia,Ornithischia,False,1,Herbivore,86.3,72.1,14.200000000000003,Santonian,Campanian,Upper Cretaceous,Upper Cretaceous
Kulindadromeus,,,Neornithischia,Ornithischia,False,1,Herbivore,168.2,145.0,23.19999999999999,Bathonian,Tithonian,Middle Jurassic,Upper Jurassic
Minimocursor,,,Neornithischia,Ornithischia,False,1,Herbivore,149.2,139.8,9.399999999999977,Tithonian,Berriasian,Upper Jurassic,Lower Cretaceous
Sanxiasaurus,,,Neornithischia,Ornithischia,False,1,Herbivore,184.2,170.9,13.299999999999983,Toarcian,Aalenian,Lower Jurassic,Middle Jurassic
Yandusaurus,,,Neornithischia,Ornithischia,False,1,Herbivore,170.9,168.2,2.700000000000017,Bajocian,Bajocian,Middle Jurassic,Middle Jurassic
Gongbusaurus,,,Neornithischia,Ornithischia,False,2,Herbivore,168.2,154.8,13.399999999999977,Bathonian,Oxfordian,Middle Jurassic,Upper Jurassic
Xiaosaurus,,,Neornithischia,Ornithischia,False,1,Herbivore,170.9,154.8,16.099999999999994,Bajocian,Oxfordian,Middle Jurassic,Upper Jurassic
Abrictosaurus,Heterodontosauridae,,,Ornithischia,False,1,Herbivore,201.4,192.9,8.5,Hettangian,Sinemurian,Lower Jurassic,Lower Jurassic
Fruitadens,Heterodontosauridae,,,Ornithischia,False,1,Herbivore,149.2,145.0,4.199999999999989,Tithonian,Tithonian,Upper Jurassic,Upper Jurassic
Heterodontosaurus,Heterodontosauridae,,,Ornithischia,False,1,Herbivore,201.4,184.2,17.200000000000017,Hettangian,Pliensbachian,Lower Jurassic,Lower Jurassic
Lycorhinus,Heterodontosauridae,,,Ornithischia,False,2,Herbivore,201.4,184.2,17.200000000000017,Hettangian,Pliensbachian,Lower Jurassic,Lower Jurassic
Echinodon,Heterodontosauridae,,,Ornithischia,False,1,Herbivore,152.2,139.8,12.399999999999977,Kimmeridgian,Berriasian,Upper Jurassic,Lower Cretaceous
Manidens,Heterodontosauridae,,,Ornithischia,False,1,Herbivore,182.9,174.7,8.200000000000017,Toarcian,Toarcian,Lower Jurassic,Lower Jurassic
Pegomastax,Heterodontosauridae,,,Ornithischia,False,1,Herbivore,201.4,192.9,8.5,Hettangian,Sinemurian,Lower Jurassic,Lower Jurassic
Chilesaurus,,Non-Avian,Theropoda,Saurischia,False,1,Herbivore,149.2,145.0,4.199999999999989,Tithonian,Tithonian,Upper Jurassic,Upper Jurassic
Ferganocephale,,,,Ornithischia,False,1,Herbivore,165.3,161.5,3.8000000000000114,Callovian,Callovian,Middle Jurassic,Middle Jurassic
Laquintasaura,,,,Ornithischia,False,1,Herbivore,201.4,199.5,1.9000000000000057,Hettangian,Hettangian,Lower Jurassic,Lower Jurassic
Lesothosaurus,,,,Ornithischia,False,1,Herbivore,201.4,192.9,8.5,Hettangian,Sinemurian,Lower Jurassic,Lower Jurassic
Pisanosaurus,,,,Ornithischia,False,1,Herbivore,233.4,227.0,6.400000000000006,Carnian,Carnian,Upper Triassic,Upper Triassic
Gyposaurus,,,Sauropodomorpha,Saurischia,False,1,Herbivore,201.4,174.7,26.700000000000017,Hettangian,Toarcian,Lower Jurassic,Lower Jurassic
Gresslyosaurus,Plateosauridae,,Sauropodomorpha,Saurischia,False,1,Herbivore,227.0,201.4,25.599999999999994,Norian,Rhaetian,Upper Triassic,Upper Triassic
Yimenosaurus,Plateosauridae,,Sauropodomorpha,Saurischia,False,1,Herbivore,201.4,199.5,1.9000000000000057,Hettangian,Hettangian,Lower Jurassic,Lower Jurassic
Bagualosaurus,,,Sauropodomorpha,Saurischia,False,1,,237.0,208.5,28.5,Carnian,Norian,Upper Triassic,Upper Triassic
Eucnemesaurus,,,Sauropodomorpha,Saurischia,False,2,,227.0,201.4,25.599999999999994,Norian,Rhaetian,Upper Triassic,Upper Triassic
Riojasaurus,,,Sauropodomorpha,Saurischia,False,1,,227.0,208.5,18.5,Norian,Norian,Upper Triassic,Upper Triassic
Aardonyx,,,Sauropodomorpha,Saurischia,False,1,,201.4,192.9,8.5,Hettangian,Sinemurian,Lower Jurassic,Lower Jurassic
Blikanasaurus,Blikanasauridae,Sauropoda,Sauropodomorpha,Saurischia,False,1,,227.0,201.4,25.599999999999994,Norian,Rhaetian,Upper Triassic,Upper Triassic
Camelotia,Melanorosauridae,,Sauropodomorpha,Saurischia,False,1,,208.5,201.4,7.099999999999994,Rhaetian,Rhaetian,Upper Triassic,Upper Triassic
Gongxianosaurus,,Sauropoda,Sauropodomorpha,Saurischia,False,1,,184.2,174.7,9.5,Toarcian,Toarcian,Lower Jurassic,Lower Jurassic
Irisosaurus,,,Sauropodomorpha,Saurischia,False,1,,192.9,184.2,8.700000000000017,Pliensbachian,Pliensbachian,Lower Jurassic,Lower Jurassic
Jingshanosaurus,,,Sauropodomorpha,Saurischia,False,1,,201.4,199.5,1.9000000000000057,Hettangian,Hettangian,Lower Jurassic,Lower Jurassic
Ledumahadi,Lessemsauridae,Sauropoda,Sauropodomorpha,Saurischia,False,1,,201.4,192.9,8.5,Hettangian,Sinemurian,Lower Jurassic,Lower Jurassic
Leonerasaurus,,,Sauropodomorpha,Saurischia,False,1,,192.9,184.2,8.700000000000017,Pliensbachian,Pliensbachian,Lower Jurassic,Lower Jurassic
Lishulong,,,Sauropodomorpha,Saurischia,False,1,,199.5,174.7,24.80000000000001,Sinemurian,Toarcian,Lower Jurassic,Lower Jurassic
Melanorosaurus,Melanorosauridae,,Sauropodomorpha,Saurischia,False,1,,227.0,192.9,34.099999999999994,Norian,Sinemurian,Upper Triassic,Lower Jurassic
Meroktenos,,,Sauropodomorpha,Saurischia,False,1,,227.0,201.4,25.599999999999994,Norian,Rhaetian,Upper Triassic,Upper Triassic
Mussaurus,Mussauridae,,Sauropodomorpha,Saurischia,False,1,,199.5,192.9,6.599999999999994,Sinemurian,Sinemurian,Lower Jurassic,Lower Jurassic
Schleitheimia,,,Sauropodomorpha,Saurischia,False,1,,227.0,208.5,18.5,Norian,Norian,Upper Triassic,Upper Triassic
Sefapanosaurus,,,Sauropodomorpha,Saurischia,False,1,,227.0,199.5,27.5,Norian,Hettangian,Upper Triassic,Lower Jurassic
Seitaad,,,Sauropodomorpha,Saurischia,False,1,,192.9,174.7,18.200000000000017,Pliensbachian,Toarcian,Lower Jurassic,Lower Jurassic
Xingxiulong,,,Sauropodomorpha,Saurischia,False,1,,201.4,199.5,1.9000000000000057,Hettangian,Hettangian,Lower Jurassic,Lower Jurassic
Yizhousaurus,,,Sauropodomorpha,Saurischia,False,1,,199.5,192.9,6.599999999999994,Sinemurian,Sinemurian,Lower Jurassic,Lower Jurassic
Yunnanosaurus,,,Sauropodomorpha,Saurischia,False,3,,201.4,184.2,17.200000000000017,Hettangian,Pliensbachian,Lower Jurassic,Lower Jurassic
Adeopapposaurus,Massospondylidae,,Sauropodomorpha,Saurischia,False,1,,201.4,174.7,26.700000000000017,Hettangian,Toarcian,Lower Jurassic,Lower Jurassic
Coloradisaurus,Massospondylidae,,Sauropodomorpha,Saurischia,False,1,,227.0,208.5,18.5,Norian,Norian,Upper Triassic,Upper Triassic
Glacialisaurus,Massospondylidae,,Sauropodomorpha,Saurischia,False,1,,199.5,184.2,15.300000000000011,Sinemurian,Pliensbachian,Lower Jurassic,Lower Jurassic
Ignavusaurus,,,Sauropodomorpha,Saurischia,False,1,,201.4,192.9,8.5,Hettangian,Sinemurian,Lower Jurassic,Lower Jurassic
Leyesaurus,Massospondylidae,,Sauropodomorpha,Saurischia,False,1,,201.4,174.7,26.700000000000017,Hettangian,Toarcian,Lower Jurassic,Lower Jurassic
Lufengosaurus,Massospondylidae,,Sauropodomorpha,Saurischia,False,3,,201.4,168.2,33.20000000000002,Hettangian,Bajocian,Lower Jurassic,Middle Jurassic
Massospondylus,Massospondylidae,,Sauropodomorpha,Saurischia,False,3,,237.0,174.7,62.30000000000001,Carnian,Toarcian,Upper Triassic,Lower Jurassic
Ngwevu,Massospondylidae,,Sauropodomorpha,Saurischia,False,1,,201.4,192.9,8.5,Hettangian,Sinemurian,Lower Jurassic,Lower Jurassic
Pradhania,Massospondylidae,,Sauropodomorpha,Saurischia,False,1,,201.4,192.9,8.5,Hettangian,Sinemurian,Lower Jurassic,Lower Jurassic
Sarahsaurus,,,Sauropodomorpha,Saurischia,False,1,,199.5,184.2,15.300000000000011,Sinemurian,Pliensbachian,Lower Jurassic,Lower Jurassic
Anchisaurus,,,Sauropodomorpha,Saurischia,False,1,,201.4,192.9,8.5,Hettangian,Sinemurian,Lower Jurassic,Lower Jurassic
Musankwa,,,Sauropodomorpha,Saurischia,False,1,,237.0,208.5,28.5,Carnian,Norian,Upper Triassic,Upper Triassic
Tuebingosaurus,,,Sauropodomorpha,Saurischia,False,1,,227.0,208.5,18.5,Norian,Norian,Upper Triassic,Upper Triassic
Jaklapallisaurus,,,Sauropodomorpha,Saurischia,False,1,,227.0,201.4,25.599999999999994,Norian,Rhaetian,Upper Triassic,Upper Triassic
Macrocollum,,,Sauropodomorpha,Saurischia,False,1,,227.0,208.5,18.5,Norian,Norian,Upper Triassic,Upper Triassic
Agnosphitys,Silesauridae,,,Ornithischia,False,1,,237.0,227.0,10.0,Carnian,Carnian,Upper Triassic,Upper Triassic
Guaibasaurus,Guaibasauridae,,Sauropodomorpha,Saurischia,False,1,,227.0,208.5,18.5,Norian,Norian,Upper Triassic,Upper Triassic
Issi,Plateosauridae,,Sauropodomorpha,Saurischia,False,1,,227.0,208.5,18.5,Norian,Norian,Upper Triassic,Upper Triassic
Plateosauravus,,,Sauropodomorpha,Saurischia,False,1,,227.0,201.4,25.599999999999994,Norian,Rhaetian,Upper Triassic,Upper Triassic
Plateosaurus,Plateosauridae,,Sauropodomorpha,Saurischia,False,7,Herbivore,227.0,199.5,27.5,Norian,Hettangian,Upper Triassic,Lower Jurassic
Ruehleia,,,Sauropodomorpha,Saurischia,False,1,,227.0,208.5,18.5,Norian,Norian,Upper Triassic,Upper Triassic
Unaysaurus,,,Sauropodomorpha,Saurischia,False,1,,227.0,208.5,18.5,Norian,Norian,Upper Triassic,Upper Triassic
Xixiposaurus,,,Sauropodomorpha,Saurischia,False,1,,201.4,192.9,8.5,Hettangian,Sinemurian,Lower Jurassic,Lower Jurassic
Chromogisaurus,Saturnaliidae,,Sauropodomorpha,Saurischia,False,1,,237.0,227.0,10.0,Carnian,Carnian,Upper Triassic,Upper Triassic
Pampadromaeus,Saturnaliidae,,Sauropodomorpha,Saurischia,False,1,,237.0,208.5,28.5,Carnian,Norian,Upper Triassic,Upper Triassic
Panphagia,Saturnaliidae,,Sauropodomorpha,Saurischia,False,1,,237.0,227.0,10.0,Carnian,Carnian,Upper Triassic,Upper Triassic
Saturnalia,Saturnaliidae,,Sauropodomorpha,Saurischia,False,1,,237.0,208.5,28.5,Carnian,Norian,Upper Triassic,Upper Triassic
Arcusaurus,,,Sauropodomorpha,Saurischia,False,1,,201.4,192.9,8.5,Hettangian,Sinemurian,Lower Jurassic,Lower Jurassic
Asylosaurus,,,Sauropodomorpha,Saurischia,False,1,,208.5,201.4,7.099999999999994,Rhaetian,Rhaetian,Upper Triassic,Upper Triassic
Buriolestes,,,Sauropodomorpha,Saurischia,False,1,,237.0,227.0,10.0,Carnian,Carnian,Upper Triassic,Upper Triassic
Efraasia,,,Sauropodomorpha,Saurischia,False,1,,227.0,208.5,18.5,Norian,Norian,Upper Triassic,Upper Triassic
Eoraptor,,,Sauropodomorpha,Saurischia,False,1,,233.4,227.0,6.400000000000006,Carnian,Carnian,Upper Triassic,Upper Triassic
Kholumolumo,,,Sauropodomorpha,Saurischia,False,1,,227.0,208.5,18.5,Norian,Norian,Upper Triassic,Upper Triassic
Mbiresaurus,,,Sauropodomorpha,Saurischia,False,1,,237.0,227.0,10.0,Carnian,Carnian,Upper Triassic,Upper Triassic
Nambalia,,,Sauropodomorpha,Saurischia,False,1,,227.0,208.5,18.5,Norian,Norian,Upper Triassic,Upper Triassic
Pantydraco,,,Sauropodomorpha,Saurischia,False,1,,237.0,227.0,10.0,Carnian,Carnian,Upper Triassic,Upper Triassic
Qianlong,,,Sauropodomorpha,Saurischia,False,1,,199.5,192.9,6.599999999999994,Sinemurian,Sinemurian,Lower Jurassic,Lower Jurassic
Thecodontosaurus,Thecodontosauridae,,Sauropodomorpha,Saurischia,False,2,,247.2,192.9,54.29999999999998,Anisian,Sinemurian,Middle Triassic,Lower Jurassic
Abrosaurus,,Sauropoda,Sauropodomorpha,Saurischia,False,1,Herbivore,170.9,154.8,16.099999999999994,Bajocian,Oxfordian,Middle Jurassic,Upper Jurassic
Analong,Mamenchisauridae,Sauropoda,Sauropodomorpha,Saurischia,False,1,Herbivore,170.9,168.2,2.700000000000017,Bajocian,Bajocian,Middle Jurassic,Middle Jurassic
Anhuilong,Mamenchisauridae,Sauropoda,Sauropodomorpha,Saurischia,False,1,Herbivore,174.7,161.5,13.199999999999989,Aalenian,Callovian,Middle Jurassic,Middle Jurassic
Bellusaurus,,Sauropoda,Sauropodomorpha,Saurischia,False,1,Herbivore,161.5,154.8,6.699999999999989,Oxfordian,Oxfordian,Upper Jurassic,Upper Jurassic
Chuanjiesaurus,Mamenchisauridae,Sauropoda,Sauropodomorpha,Saurischia,False,1,Herbivore,170.9,168.2,2.700000000000017,Bajocian,Bajocian,Middle Jurassic,Middle Jurassic
Daanosaurus,,Sauropoda,Sauropodomorpha,Saurischia,False,1,Herbivore,154.8,145.0,9.800000000000011,Kimmeridgian,Tithonian,Upper Jurassic,Upper Jurassic
Eomamenchisaurus,Mamenchisauridae,Sauropoda,Sauropodomorpha,Saurischia,False,1,Herbivore,174.7,161.5,13.199999999999989,Aalenian,Callovian,Middle Jurassic,Middle Jurassic
Huangshanlong,Mamenchisauridae,Sauropoda,Sauropodomorpha,Saurischia,False,1,Herbivore,174.7,161.5,13.199999999999989,Aalenian,Callovian,Middle Jurassic,Middle Jurassic
Hudiesaurus,Mamenchisauridae,Sauropoda,Sauropodomorpha,Saurischia,False,1,Herbivore,152.2,145.0,7.199999999999989,Kimmeridgian,Tithonian,Upper Jurassic,Upper Jurassic
Jingiella,Mamenchisauridae,Sauropoda,Sauropodomorpha,Saurischia,False,1,Herbivore,154.8,149.2,5.600000000000023,Kimmeridgian,Kimmeridgian,Upper Jurassic,Upper Jurassic
Klamelisaurus,Mamenchisauridae,Sauropoda,Sauropodomorpha,Saurischia,False,1,Herbivore,165.3,161.5,3.8000000000000114,Callovian,Callovian,Middle Jurassic,Middle Jurassic
Mamenchisaurus,Mamenchisauridae,Sauropoda,Sauropodomorpha,Saurischia,False,7,Herbivore,168.2,113.0,55.19999999999999,Bathonian,Aptian,Middle Jurassic,Lower Cretaceous
Omeisaurus,Mamenchisauridae,Sauropoda,Sauropodomorpha,Saurischia,False,8,Herbivore,174.7,145.0,29.69999999999999,Aalenian,Tithonian,Middle Jurassic,Upper Jurassic
Qijianglong,Mamenchisauridae,Sauropoda,Sauropodomorpha,Saurischia,False,1,Herbivore,161.5,145.0,16.5,Oxfordian,Tithonian,Upper Jurassic,Upper Jurassic
Rhomaleopakhus,Mamenchisauridae,Sauropoda,Sauropodomorpha,Saurischia,False,1,Herbivore,152.2,145.0,7.199999999999989,Kimmeridgian,Tithonian,Upper Jurassic,Upper Jurassic
Tonganosaurus,Mamenchisauridae,Sauropoda,Sauropodomorpha,Saurischia,False,1,Herbivore,201.4,174.7,26.700000000000017,Hettangian,Toarcian,Lower Jurassic,Lower Jurassic
Wamweracaudia,Mamenchisauridae,Sauropoda,Sauropodomorpha,Saurischia,False,1,Herbivore,149.2,145.0,4.199999999999989,Tithonian,Tithonian,Upper Jurassic,Upper Jurassic
Xinjiangtitan,Mamenchisauridae,Sauropoda,Sauropodomorpha,Saurischia,False,1,Herbivore,168.2,145.0,23.19999999999999,Bathonian,Tithonian,Middle Jurassic,Upper Jurassic
Yuanmousaurus,Mamenchisauridae,Sauropoda,Sauropodomorpha,Saurischia,False,1,Herbivore,174.7,161.5,13.199999999999989,Aalenian,Callovian,Middle Jurassic,Middle Jurassic
Amargasaurus,Dicraeosauridae,Sauropoda,Sauropodomorpha,Saurischia,False,1,Herbivore,125.77,121.4,4.36999999999999,Barremian,Barremian,Lower Cretaceous,Lower Cretaceous
Amargatitanis,Dicraeosauridae,Sauropoda,Sauropodomorpha,Saurischia,False,1,Herbivore,125.77,121.4,4.36999999999999,Barremian,Barremian,Lower Cretaceous,Lower Cretaceous
Bajadasaurus,Dicraeosauridae,Sauropoda,Sauropodomorpha,Saurischia,False,1,Herbivore,140.6,132.6,8.0,Berriasian,Valanginian,Lower Cretaceous,Lower Cretaceous
Brachytrachelopan,Dicraeosauridae,Sauropoda,Sauropodomorpha,Saurischia,False,1,Herbivore,154.8,146.3,8.5,Kimmeridgian,Tithonian,Upper Jurassic,Upper Jurassic
Dicraeosaurus,Dicraeosauridae,Sauropoda,Sauropodomorpha,Saurischia,False,2,Herbivore,161.5,145.0,16.5,Oxfordian,Tithonian,Upper Jurassic,Upper Jurassic
Dyslocosaurus,Dicraeosauridae,Sauropoda,Sauropodomorpha,Saurischia,False,1,Herbivore,154.8,145.0,9.800000000000011,Kimmeridgian,Tithonian,Upper Jurassic,Upper Jurassic
Kaatedocus,,Sauropoda,Sauropodomorpha,Saurischia,False,1,Herbivore,154.8,149.2,5.600000000000023,Kimmeridgian,Kimmeridgian,Upper Jurassic,Upper Jurassic
Lingwulong,Dicraeosauridae,Sauropoda,Sauropodomorpha,Saurischia,False,1,Herbivore,174.7,161.5,13.199999999999989,Aalenian,Callovian,Middle Jurassic,Middle Jurassic
Pilmatueia,Dicraeosauridae,Sauropoda,Sauropodomorpha,Saurischia,False,1,Herbivore,139.8,132.6,7.200000000000017,Valanginian,Valanginian,Lower Cretaceous,Lower Cretaceous
Smitanosaurus,Dicraeosauridae,Sauropoda,Sauropodomorpha,Saurischia,False,1,Herbivore,152.2,146.3,5.899999999999977,Kimmeridgian,Tithonian,Upper Jurassic,Upper Jurassic
Suuwassea,Dicraeosauridae,Sauropoda,Sauropodomorpha,Saurischia,False,1,Herbivore,152.2,149.2,3.0,Kimmeridgian,Kimmeridgian,Upper Jurassic,Upper Jurassic
Tharosaurus,Dicraeosauridae,Sauropoda,Sauropodomorpha,Saurischia,False,1,Herbivore,168.2,165.3,2.8999999999999773,Bathonian,Bathonian,Middle Jurassic,Middle Jurassic
Ardetosaurus,Diplodocidae,Sauropoda,Sauropodomorpha,Saurischia,False,1,Herbivore,154.8,149.2,5.600000000000023,Kimmeridgian,Kimmeridgian,Upper Jurassic,Upper Jurassic
Barosaurus,Diplodocidae,Sauropoda,Sauropodomorpha,Saurischia,False,1,Herbivore,157.9,145.0,12.900000000000006,Oxfordian,Tithonian,Upper Jurassic,Upper Jurassic
Dinheirosaurus,Diplodocidae,Sauropoda,Sauropodomorpha,Saurischia,False,1,Herbivore,152.2,149.2,3.0,Kimmeridgian,Kimmeridgian,Upper Jurassic,Upper Jurassic
Diplodocus,Diplodocidae,Sauropoda,Sauropodomorpha,Saurischia,False,3,Herbivore,157.9,145.0,12.900000000000006,Oxfordian,Tithonian,Upper Jurassic,Upper Jurassic
Galeamopus,Diplodocidae,Sauropoda,Sauropodomorpha,Saurischia,False,2,Herbivore,154.8,145.0,9.800000000000011,Kimmeridgian,Tithonian,Upper Jurassic,Upper Jurassic
Leinkupal,Diplodocidae,Sauropoda,Sauropodomorpha,Saurischia,False,1,Herbivore,140.6,132.6,8.0,Berriasian,Valanginian,Lower Cretaceous,Lower Cretaceous
Supersaurus,Diplodocidae,Sauropoda,Sauropodomorpha,Saurischia,False,1,Herbivore,154.8,145.0,9.800000000000011,Kimmeridgian,Tithonian,Upper Jurassic,Upper Jurassic
Tornieria,Diplodocidae,Sauropoda,Sauropodomorpha,Saurischia,False,1,Herbivore,152.2,145.0,7.199999999999989,Kimmeridgian,Tithonian,Upper Jurassic,Upper Jurassic
Apatosaurus,Diplodocidae,Sauropoda,Sauropodomorpha,Saurischia,False,2,Herbivore,157.9,145.0,12.900000000000006,Oxfordian,Tithonian,Upper Jurassic,Upper Jurassic
Brontosaurus,Diplodocidae,Sauropoda,Sauropodomorpha,Saurischia,False,3,Herbivore,154.8,145.0,9.800000000000011,Kimmeridgian,Tithonian,Upper Jurassic,Upper Jurassic
Demandasaurus,Rebbachisauridae,Sauropoda,Sauropodomorpha,Saurischia,False,1,Herbivore,125.77,119.5,6.269999999999996,Barremian,Aptian,Lower Cretaceous,Lower Cretaceous
Nigersaurus,Rebbachisauridae,Sauropoda,Sauropodomorpha,Saurischia,False,1,Herbivore,121.4,100.5,20.900000000000006,Aptian,Albian,Lower Cretaceous,Lower Cretaceous
Tataouinea,Rebbachisauridae,Sauropoda,Sauropodomorpha,Saurischia,False,1,Herbivore,113.0,100.5,12.5,Albian,Albian,Lower Cretaceous,Lower Cretaceous
Cathartesaura,Rebbachisauridae,Sauropoda,Sauropodomorpha,Saurischia,False,1,Herbivore,100.5,89.8,10.700000000000003,Cenomanian,Turonian,Upper Cretaceous,Upper Cretaceous
Katepensaurus,Rebbachisauridae,Sauropoda,Sauropodomorpha,Saurischia,False,1,Herbivore,100.5,89.8,10.700000000000003,Cenomanian,Turonian,Upper Cretaceous,Upper Cretaceous
Limaysaurus,Rebbachisauridae,Sauropoda,Sauropodomorpha,Saurischia,False,1,Herbivore,100.5,89.8,10.700000000000003,Cenomanian,Turonian,Upper Cretaceous,Upper Cretaceous
Nopcsaspondylus,Rebbachisauridae,Sauropoda,Sauropodomorpha,Saurischia,False,1,Herbivore,100.5,93.9,6.599999999999994,Cenomanian,Cenomanian,Upper Cretaceous,Upper Cretaceous
Rayososaurus,Rebbachisauridae,Sauropoda,Sauropodomorpha,Saurischia,False,1,Herbivore,100.5,93.9,6.599999999999994,Cenomanian,Cenomanian,Upper Cretaceous,Upper Cretaceous
Rebbachisaurus,Rebbachisauridae,Sauropoda,Sauropodomorpha,Saurischia,False,1,Herbivore,106.2,93.9,12.299999999999997,Albian,Cenomanian,Lower Cretaceous,Upper Cretaceous
Agustinia,Rebbachisauridae,Sauropoda,Sauropodomorpha,Saurischia,False,1,Herbivore,113.0,100.5,12.5,Albian,Albian,Lower Cretaceous,Lower Cretaceous
Amazonsaurus,Rebbachisauridae,Sauropoda,Sauropodomorpha,Saurischia,False,1,Herbivore,119.5,106.2,13.299999999999997,Aptian,Albian,Lower Cretaceous,Lower Cretaceous
Campananeyen,Rebbachisauridae,Sauropoda,Sauropodomorpha,Saurischia,False,1,Herbivore,100.5,93.9,6.599999999999994,Cenomanian,Cenomanian,Upper Cretaceous,Upper Cretaceous
Comahuesaurus,Rebbachisauridae,Sauropoda,Sauropodomorpha,Saurischia,False,1,Herbivore,119.5,109.9,9.599999999999994,Aptian,Albian,Lower Cretaceous,Lower Cretaceous
Histriasaurus,Rebbachisauridae,Sauropoda,Sauropodomorpha,Saurischia,False,1,Herbivore,132.6,121.4,11.199999999999989,Hauterivian,Barremian,Lower Cretaceous,Lower Cretaceous
Itapeuasaurus,Rebbachisauridae,Sauropoda,Sauropodomorpha,Saurischia,False,1,Herbivore,100.5,93.9,6.599999999999994,Cenomanian,Cenomanian,Upper Cretaceous,Upper Cretaceous
Lavocatisaurus,Rebbachisauridae,Sauropoda,Sauropodomorpha,Saurischia,False,1,Herbivore,121.4,109.9,11.5,Aptian,Albian,Lower Cretaceous,Lower Cretaceous
Maraapunisaurus,Rebbachisauridae,Sauropoda,Sauropodomorpha,Saurischia,False,1,Herbivore,149.2,145.0,4.199999999999989,Tithonian,Tithonian,Upper Jurassic,Upper Jurassic
Sidersaura,Rebbachisauridae,Sauropoda,Sauropodomorpha,Saurischia,False,1,Herbivore,100.5,89.8,10.700000000000003,Cenomanian,Turonian,Upper Cretaceous,Upper Cretaceous
Xenoposeidon,Rebbachisauridae,Sauropoda,Sauropodomorpha,Saurischia,False,1,Herbivore,140.6,132.6,8.0,Berriasian,Valanginian,Lower Cretaceous,Lower Cretaceous
Zapalasaurus,Rebbachisauridae,Sauropoda,Sauropodomorpha,Saurischia,False,1,Herbivore,125.77,119.5,6.269999999999996,Barremian,Aptian,Lower Cretaceous,Lower Cretaceous
Amphicoelias,Diplodocidae,Sauropoda,Sauropodomorpha,Saurischia,False,2,Herbivore,157.9,145.0,12.900000000000006,Oxfordian,Tithonian,Upper Jurassic,Upper Jurassic
Haplocanthosaurus,Haplocanthosauridae,Sauropoda,Sauropodomorpha,Saurischia,False,2,Herbivore,154.8,145.0,9.800000000000011,Kimmeridgian,Tithonian,Upper Jurassic,Upper Jurassic
Camarasaurus,Camarasauridae,Sauropoda,Sauropodomorpha,Saurischia,False,5,Herbivore,161.5,145.0,16.5,Oxfordian,Tithonian,Upper Jurassic,Upper Jurassic
Lourinhasaurus,Camarasauridae,Sauropoda,Sauropodomorpha,Saurischia,False,1,Herbivore,152.2,146.3,5.899999999999977,Kimmeridgian,Tithonian,Upper Jurassic,Upper Jurassic
Europasaurus,,Sauropoda,Sauropodomorpha,Saurischia,False,1,Herbivore,152.2,149.2,3.0,Kimmeridgian,Kimmeridgian,Upper Jurassic,Upper Jurassic
Tehuelchesaurus,Camarasauridae,Sauropoda,Sauropodomorpha,Saurischia,False,1,Herbivore,157.9,145.0,12.900000000000006,Oxfordian,Tithonian,Upper Jurassic,Upper Jurassic
Diamantinasaurus,,Sauropoda,Sauropodomorpha,Saurischia,False,1,Herbivore,100.5,89.8,10.700000000000003,Cenomanian,Turonian,Upper Cretaceous,Upper Cretaceous
Mansourasaurus,,Titanosauria,Sauropodomorpha,Saurischia,False,1,Herbivore,83.6,72.1,11.5,Campanian,Campanian,Upper Cretaceous,Upper Cretaceous
Sarmientosaurus,,Sauropoda,Sauropodomorpha,Saurischia,False,1,Herbivore,100.5,89.8,10.700000000000003,Cenomanian,Turonian,Upper Cretaceous,Upper Cretaceous
Savannasaurus,,Sauropoda,Sauropodomorpha,Saurischia,False,1,Herbivore,100.5,89.8,10.700000000000003,Cenomanian,Turonian,Upper Cretaceous,Upper Cretaceous
Wintonotitan,,Sauropoda,Sauropodomorpha,Saurischia,False,1,Herbivore,100.5,89.8,10.700000000000003,Cenomanian,Turonian,Upper Cretaceous,Upper Cretaceous
Daxiatitan,,Titanosauria,Sauropodomorpha,Saurischia,False,1,Herbivore,125.77,113.0,12.769999999999996,Barremian,Aptian,Lower Cretaceous,Lower Cretaceous
Erketu,,Sauropoda,Sauropodomorpha,Saurischia,False,1,Herbivore,100.5,72.1,28.400000000000006,Cenomanian,Campanian,Upper Cretaceous,Upper Cretaceous
Euhelopus,Euhelopodidae,Sauropoda,Sauropodomorpha,Saurischia,False,1,Herbivore,145.0,100.5,44.5,Berriasian,Albian,Lower Cretaceous,Lower Cretaceous
Gobititan,,Sauropoda,Sauropodomorpha,Saurischia,False,1,Herbivore,113.0,109.9,3.0999999999999943,Albian,Albian,Lower Cretaceous,Lower Cretaceous
Huabeisaurus,Euhelopodidae,Sauropoda,Sauropodomorpha,Saurischia,False,1,Herbivore,100.5,72.1,28.400000000000006,Cenomanian,Campanian,Upper Cretaceous,Upper Cretaceous
Phuwiangosaurus,Euhelopodidae,Sauropoda,Sauropodomorpha,Saurischia,False,1,Herbivore,125.77,113.0,12.769999999999996,Barremian,Aptian,Lower Cretaceous,Lower Cretaceous
Qiaowanlong,Euhelopodidae,Sauropoda,Sauropodomorpha,Saurischia,False,1,Herbivore,121.4,113.0,8.400000000000006,Aptian,Aptian,Lower Cretaceous,Lower Cretaceous
Ruixinia,,Sauropoda,Sauropodomorpha,Saurischia,False,1,Herbivore,125.77,119.5,6.269999999999996,Barremian,Aptian,Lower Cretaceous,Lower Cretaceous
Ruyangosaurus,,Titanosauria,Sauropodomorpha,Saurischia,False,1,Herbivore,121.4,100.5,20.900000000000006,Aptian,Albian,Lower Cretaceous,Lower Cretaceous
Silutitan,Euhelopodidae,Sauropoda,Sauropodomorpha,Saurischia,False,1,Herbivore,139.8,132.6,7.200000000000017,Valanginian,Valanginian,Lower Cretaceous,Lower Cretaceous
Tambatitanis,,Titanosauria,Sauropodomorpha,Saurischia,False,1,Herbivore,113.0,109.9,3.0999999999999943,Albian,Albian,Lower Cretaceous,Lower Cretaceous
Tangvayosaurus,Euhelopodidae,Sauropoda,Sauropodomorpha,Saurischia,False,1,Herbivore,121.4,100.5,20.900000000000006,Aptian,Albian,Lower Cretaceous,Lower Cretaceous
Xianshanosaurus,,Sauropoda,Sauropodomorpha,Saurischia,False,1,Herbivore,121.4,100.5,20.900000000000006,Aptian,Albian,Lower Cretaceous,Lower Cretaceous
Yongjinglong,Euhelopodidae,Sauropoda,Sauropodomorpha,Saurischia,False,1,Herbivore,125.77,113.0,12.769999999999996,Barremian,Aptian,Lower Cretaceous,Lower Cretaceous
Angolatitan,,Sauropoda,Sauropodomorpha,Saurischia,False,1,Herbivore,89.8,86.3,3.5,Coniacian,Coniacian,Upper Cretaceous,Upper Cretaceous
Astrophocaudia,,Sauropoda,Sauropodomorpha,Saurischia,False,1,Herbivore,113.0,109.9,3.0999999999999943,Albian,Albian,Lower Cretaceous,Lower Cretaceous
Australodocus,,Sauropoda,Sauropodomorpha,Saurischia,False,1,Herbivore,149.2,145.0,4.199999999999989,Tithonian,Tithonian,Upper Jurassic,Upper Jurassic
Austrosaurus,,Sauropoda,Sauropodomorpha,Saurischia,False,1,Herbivore,106.2,100.5,5.700000000000003,Albian,Albian,Lower Cretaceous,Lower Cretaceous
Brontomerus,,Sauropoda,Sauropodomorpha,Saurischia,False,1,Herbivore,121.4,100.5,20.900000000000006,Aptian,Albian,Lower Cretaceous,Lower Cretaceous
Chubutisaurus,,Sauropoda,Sauropodomorpha,Saurischia,False,1,Herbivore,119.5,109.9,9.599999999999994,Aptian,Albian,Lower Cretaceous,Lower Cretaceous
Dongbeititan,,Sauropoda,Sauropodomorpha,Saurischia,False,1,Herbivore,125.77,119.5,6.269999999999996,Barremian,Aptian,Lower Cretaceous,Lower Cretaceous
Europatitan,,Sauropoda,Sauropodomorpha,Saurischia,False,1,Herbivore,125.77,119.5,6.269999999999996,Barremian,Aptian,Lower Cretaceous,Lower Cretaceous
Gannansaurus,,Sauropoda,Sauropodomorpha,Saurischia,False,1,Herbivore,72.1,66.0,6.099999999999994,Maastrichtian,Maastrichtian,Upper Cretaceous,Upper Cretaceous
Garumbatitan,,Sauropoda,Sauropodomorpha,Saurischia,False,1,Herbivore,125.77,121.4,4.36999999999999,Barremian,Barremian,Lower Cretaceous,Lower Cretaceous
Huanghetitan,,Sauropoda,Sauropodomorpha,Saurischia,False,1,Herbivore,125.77,113.0,12.769999999999996,Barremian,Aptian,Lower Cretaceous,Lower Cretaceous
Jiangshanosaurus,,Sauropoda,Sauropodomorpha,Saurischia,False,1,Herbivore,100.5,89.8,10.700000000000003,Cenomanian,Turonian,Upper Cretaceous,Upper Cretaceous
Jiangxititan,,Sauropoda,Sauropodomorpha,Saurischia,False,1,Herbivore,72.1,66.0,6.099999999999994,Maastrichtian,Maastrichtian,Upper Cretaceous,Upper Cretaceous
Ligabuesaurus,,Sauropoda,Sauropodomorpha,Saurischia,False,1,Herbivore,113.0,109.9,3.0999999999999943,Albian,Albian,Lower Cretaceous,Lower Cretaceous
Liubangosaurus,,Sauropoda,Sauropodomorpha,Saurischia,False,1,Herbivore,121.4,113.0,8.400000000000006,Aptian,Aptian,Lower Cretaceous,Lower Cretaceous
Padillasaurus,,Sauropoda,Sauropodomorpha,Saurischia,False,1,Herbivore,125.77,121.4,4.36999999999999,Barremian,Barremian,Lower Cretaceous,Lower Cretaceous
Sauroposeidon,,Sauropoda,Sauropodomorpha,Saurischia,False,1,Herbivore,121.4,93.9,27.5,Aptian,Cenomanian,Lower Cretaceous,Upper Cretaceous
Sibirotitan,,Sauropoda,Sauropodomorpha,Saurischia,False,1,Herbivore,125.77,113.0,12.769999999999996,Barremian,Aptian,Lower Cretaceous,Lower Cretaceous
Sonidosaurus,,Titanosauria,Sauropodomorpha,Saurischia,False,1,Herbivore,83.6,72.1,11.5,Campanian,Campanian,Upper Cretaceous,Upper Cretaceous
Tastavinsaurus,,Sauropoda,Sauropodomorpha,Saurischia,False,1,Herbivore,121.4,119.5,1.9000000000000057,Aptian,Aptian,Lower Cretaceous,Lower Cretaceous
Triunfosaurus,,Sauropoda,Sauropodomorpha,Saurischia,False,1,Herbivore,145.0,125.77,19.230000000000004,Berriasian,Hauterivian,Lower Cretaceous,Lower Cretaceous
Yunmenglong,,Sauropoda,Sauropodomorpha,Saurischia,False,1,Herbivore,121.4,100.5,20.900000000000006,Aptian,Albian,Lower Cretaceous,Lower Cretaceous
Aeolosaurus,,Titanosauria,Sauropodomorpha,Saurischia,False,2,Herbivore,83.6,66.0,17.599999999999994,Campanian,Maastrichtian,Upper Cretaceous,Upper Cretaceous
Baurutitan,,Titanosauria,Sauropodomorpha,Saurischia,False,1,Herbivore,72.1,66.0,6.099999999999994,Maastrichtian,Maastrichtian,Upper Cretaceous,Upper Cretaceous
Caieiria,,Titanosauria,Sauropodomorpha,Saurischia,False,1,Herbivore,72.1,66.0,6.099999999999994,Maastrichtian,Maastrichtian,Upper Cretaceous,Upper Cretaceous
Gondwanatitan,,Titanosauria,Sauropodomorpha,Saurischia,False,1,Herbivore,83.6,66.0,17.599999999999994,Campanian,Maastrichtian,Upper Cretaceous,Upper Cretaceous
Panamericansaurus,,Titanosauria,Sauropodomorpha,Saurischia,False,1,Herbivore,83.6,66.0,17.599999999999994,Campanian,Maastrichtian,Upper Cretaceous,Upper Cretaceous
Austroposeidon,,Titanosauria,Sauropodomorpha,Saurischia,False,1,Herbivore,83.6,66.0,17.599999999999994,Campanian,Maastrichtian,Upper Cretaceous,Upper Cretaceous
Drusilasaura,,Titanosauria,Sauropodomorpha,Saurischia,False,1,Herbivore,100.5,89.8,10.700000000000003,Cenomanian,Turonian,Upper Cretaceous,Upper Cretaceous
Futalognkosaurus,,Titanosauria,Sauropodomorpha,Saurischia,False,1,Herbivore,93.9,86.3,7.6000000000000085,Turonian,Coniacian,Upper Cretaceous,Upper Cretaceous
Mendozasaurus,,Titanosauria,Sauropodomorpha,Saurischia,False,1,Herbivore,89.8,86.3,3.5,Coniacian,Coniacian,Upper Cretaceous,Upper Cretaceous
Quetecsaurus,,Titanosauria,Sauropodomorpha,Saurischia,False,1,Herbivore,93.9,89.8,4.1000000000000085,Turonian,Turonian,Upper Cretaceous,Upper Cretaceous
Traukutitan,,Titanosauria,Sauropodomorpha,Saurischia,False,1,Herbivore,86.3,83.6,2.700000000000003,Santonian,Santonian,Upper Cretaceous,Upper Cretaceous
Adamantisaurus,,Titanosauria,Sauropodomorpha,Saurischia,False,1,Herbivore,83.6,66.0,17.599999999999994,Campanian,Maastrichtian,Upper Cretaceous,Upper Cretaceous
Arrudatitan,,Titanosauria,Sauropodomorpha,Saurischia,False,1,Herbivore,83.6,66.0,17.599999999999994,Campanian,Maastrichtian,Upper Cretaceous,Upper Cretaceous
Brasilotitan,,Titanosauria,Sauropodomorpha,Saurischia,False,1,Herbivore,83.6,66.0,17.599999999999994,Campanian,Maastrichtian,Upper Cretaceous,Upper Cretaceous
Bravasaurus,,Titanosauria,Sauropodomorpha,Saurischia,False,1,Herbivore,83.6,66.0,17.599999999999994,Campanian,Maastrichtian,Upper Cretaceous,Upper Cretaceous
Maxakalisaurus,,Titanosauria,Sauropodomorpha,Saurischia,False,1,Herbivore,83.6,66.0,17.599999999999994,Campanian,Maastrichtian,Upper Cretaceous,Upper Cretaceous
Muyelensaurus,,Titanosauria,Sauropodomorpha,Saurischia,False,1,Herbivore,89.8,83.6,6.200000000000003,Coniacian,Santonian,Upper Cretaceous,Upper Cretaceous
Overosaurus,,Titanosauria,Sauropodomorpha,Saurischia,False,1,Herbivore,86.3,83.6,2.700000000000003,Santonian,Santonian,Upper Cretaceous,Upper Cretaceous
Pitekunsaurus,,Titanosauria,Sauropodomorpha,Saurischia,False,1,Herbivore,83.6,72.1,11.5,Campanian,Campanian,Upper Cretaceous,Upper Cretaceous
Punatitan,,Titanosauria,Sauropodomorpha,Saurischia,False,1,Herbivore,83.6,66.0,17.599999999999994,Campanian,Maastrichtian,Upper Cretaceous,Upper Cretaceous
Rinconsaurus,,Titanosauria,Sauropodomorpha,Saurischia,False,1,Herbivore,86.3,83.6,2.700000000000003,Santonian,Santonian,Upper Cretaceous,Upper Cretaceous
Uberabatitan,,Titanosauria,Sauropodomorpha,Saurischia,False,1,Herbivore,72.1,66.0,6.099999999999994,Maastrichtian,Maastrichtian,Upper Cretaceous,Upper Cretaceous
Chucarosaurus,,Titanosauria,Sauropodomorpha,Saurischia,False,1,Herbivore,100.5,89.8,10.700000000000003,Cenomanian,Turonian,Upper Cretaceous,Upper Cretaceous
Notocolossus,,Titanosauria,Sauropodomorpha,Saurischia,False,1,Herbivore,89.8,83.6,6.200000000000003,Coniacian,Santonian,Upper Cretaceous,Upper Cretaceous
Puertasaurus,,Titanosauria,Sauropodomorpha,Saurischia,False,1,Herbivore,83.6,72.1,11.5,Campanian,Campanian,Upper Cretaceous,Upper Cretaceous
Argentinosaurus,,Titanosauria,Sauropodomorpha,Saurischia,False,1,Herbivore,100.5,89.8,10.700000000000003,Cenomanian,Turonian,Upper Cretaceous,Upper Cretaceous
Bonitasaura,,Titanosauria,Sauropodomorpha,Saurischia,False,1,Herbivore,86.3,83.6,2.700000000000003,Santonian,Santonian,Upper Cretaceous,Upper Cretaceous
Dreadnoughtus,,Titanosauria,Sauropodomorpha,Saurischia,False,1,Herbivore,83.6,72.1,11.5,Campanian,Campanian,Upper Cretaceous,Upper Cretaceous
Inawentu,,Titanosauria,Sauropodomorpha,Saurischia,False,1,Herbivore,86.3,83.6,2.700000000000003,Santonian,Santonian,Upper Cretaceous,Upper Cretaceous
Menucocelsior,,Titanosauria,Sauropodomorpha,Saurischia,False,1,Herbivore,83.6,66.0,17.599999999999994,Campanian,Maastrichtian,Upper Cretaceous,Upper Cretaceous
Patagotitan,,Titanosauria,Sauropodomorpha,Saurischia,False,1,Herbivore,113.0,100.5,12.5,Albian,Albian,Lower Cretaceous,Lower Cretaceous
Ampelosaurus,,Titanosauria,Sauropodomorpha,Saurischia,False,1,Herbivore,83.6,66.0,17.599999999999994,Campanian,Maastrichtian,Upper Cretaceous,Upper Cretaceous
Atsinganosaurus,,Titanosauria,Sauropodomorpha,Saurischia,False,1,Herbivore,83.6,72.1,11.5,Campanian,Campanian,Upper Cretaceous,Upper Cretaceous
Garrigatitan,,Titanosauria,Sauropodomorpha,Saurischia,False,1,Herbivore,83.6,72.1,11.5,Campanian,Campanian,Upper Cretaceous,Upper Cretaceous
Lirainosaurus,,Titanosauria,Sauropodomorpha,Saurischia,False,1,Herbivore,83.6,66.0,17.599999999999994,Campanian,Maastrichtian,Upper Cretaceous,Upper Cretaceous
Lohuecotitan,,Titanosauria,Sauropodomorpha,Saurischia,False,1,Herbivore,83.6,66.0,17.599999999999994,Campanian,Maastrichtian,Upper Cretaceous,Upper Cretaceous
Opisthocoelicaudia,Saltasauridae,Titanosauria,Sauropodomorpha,Saurischia,False,1,Herbivore,72.1,66.0,6.099999999999994,Maastrichtian,Maastrichtian,Upper Cretaceous,Upper Cretaceous
Neuquensaurus,Saltasauridae,Titanosauria,Sauropodomorpha,Saurischia,False,1,Herbivore,86.3,66.0,20.299999999999997,Santonian,Maastrichtian,Upper Cretaceous,Upper Cretaceous
Saltasaurus,Saltasauridae,Titanosauria,Sauropodomorpha,Saurischia,False,1,Herbivore,72.1,66.0,6.099999999999994,Maastrichtian,Maastrichtian,Upper Cretaceous,Upper Cretaceous
Alamosaurus,Saltasauridae,Titanosauria,Sauropodomorpha,Saurischia,False,1,Herbivore,83.6,66.0,17.599999999999994,Campanian,Maastrichtian,Upper Cretaceous,Upper Cretaceous
Bonatitan,Saltasauridae,Titanosauria,Sauropodomorpha,Saurischia,False,1,Herbivore,83.6,66.0,17.599999999999994,Campanian,Maastrichtian,Upper Cretaceous,Upper Cretaceous
Ibirania,Saltasauridae,Titanosauria,Sauropodomorpha,Saurischia,False,1,Herbivore,86.3,72.1,14.200000000000003,Santonian,Campanian,Upper Cretaceous,Upper Cretaceous
Rocasaurus,Saltasauridae,Titanosauria,Sauropodomorpha,Saurischia,False,1,Herbivore,83.6,66.0,17.599999999999994,Campanian,Maastrichtian,Upper Cretaceous,Upper Cretaceous
Yamanasaurus,Saltasauridae,Titanosauria,Sauropodomorpha,Saurischia,False,1,Herbivore,72.1,66.0,6.099999999999994,Maastrichtian,Maastrichtian,Upper Cretaceous,Upper Cretaceous
Abditosaurus,Saltasauridae,Titanosauria,Sauropodomorpha,Saurischia,False,1,Herbivore,72.1,66.0,6.099999999999994,Maastrichtian,Maastrichtian,Upper Cretaceous,Upper Cretaceous
Igai,Saltasauridae,Titanosauria,Sauropodomorpha,Saurischia,False,1,Herbivore,83.6,72.1,11.5,Campanian,Campanian,Upper Cretaceous,Upper Cretaceous
Nicksaurus,Saltasauridae,,,,True,1,Herbivore,72.1,66.0,6.099999999999994,Maastrichtian,Maastrichtian,Upper Cretaceous,Upper Cretaceous
Qingxiusaurus,Saltasauridae,Titanosauria,Sauropodomorpha,Saurischia,False,1,Herbivore,100.5,66.0,34.5,Cenomanian,Maastrichtian,Upper Cretaceous,Upper Cretaceous
Qunkasaura,Saltasauridae,Titanosauria,Sauropodomorpha,Saurischia,False,1,Herbivore,83.6,66.0,17.599999999999994,Campanian,Maastrichtian,Upper Cretaceous,Upper Cretaceous
Zhuchengtitan,Saltasauridae,Titanosauria,Sauropodomorpha,Saurischia,False,1,Herbivore,83.6,72.1,11.5,Campanian,Campanian,Upper Cretaceous,Upper Cretaceous
Isisaurus,,Titanosauria,Sauropodomorpha,Saurischia,False,1,Herbivore,72.1,66.0,6.099999999999994,Maastrichtian,Maastrichtian,Upper Cretaceous,Upper Cretaceous
Rapetosaurus,,Titanosauria,Sauropodomorpha,Saurischia,False,1,Herbivore,72.1,66.0,6.099999999999994,Maastrichtian,Maastrichtian,Upper Cretaceous,Upper Cretaceous
Tapuiasaurus,,Titanosauria,Sauropodomorpha,Saurischia,False,1,Herbivore,121.4,113.0,8.400000000000006,Aptian,Aptian,Lower Cretaceous,Lower Cretaceous
Titanomachya,,Titanosauria,Sauropodomorpha,Saurischia,False,1,Herbivore,72.1,66.0,6.099999999999994,Maastrichtian,Maastrichtian,Upper Cretaceous,Upper Cretaceous
Udelartitan,,Titanosauria,Sauropodomorpha,Saurischia,False,1,Herbivore,100.5,83.6,16.900000000000006,Cenomanian,Santonian,Upper Cretaceous,Upper Cretaceous
Nemegtosaurus,Nemegtosauridae,Titanosauria,Sauropodomorpha,Saurischia,False,1,Herbivore,89.8,66.0,23.799999999999997,Coniacian,Maastrichtian,Upper Cretaceous,Upper Cretaceous
Quaesitosaurus,Nemegtosauridae,Titanosauria,Sauropodomorpha,Saurischia,False,1,Herbivore,83.6,72.1,11.5,Campanian,Campanian,Upper Cretaceous,Upper Cretaceous
Antarctosaurus,,Titanosauria,Sauropodomorpha,Saurischia,False,1,Herbivore,89.8,66.0,23.799999999999997,Coniacian,Maastrichtian,Upper Cretaceous,Upper Cretaceous
Arackar,,Titanosauria,Sauropodomorpha,Saurischia,False,1,Herbivore,83.6,66.0,17.599999999999994,Campanian,Maastrichtian,Upper Cretaceous,Upper Cretaceous
Atacamatitan,,Titanosauria,Sauropodomorpha,Saurischia,False,1,Herbivore,100.5,66.0,34.5,Cenomanian,Maastrichtian,Upper Cretaceous,Upper Cretaceous
Bustingorrytitan,,Titanosauria,Sauropodomorpha,Saurischia,False,1,Herbivore,100.5,93.9,6.599999999999994,Cenomanian,Cenomanian,Upper Cretaceous,Upper Cretaceous
Elaltitan,,Titanosauria,Sauropodomorpha,Saurischia,False,1,Herbivore,89.8,86.3,3.5,Coniacian,Coniacian,Upper Cretaceous,Upper Cretaceous
Epachthosaurus,,Titanosauria,Sauropodomorpha,Saurischia,False,1,Herbivore,100.5,89.8,10.700000000000003,Cenomanian,Turonian,Upper Cretaceous,Upper Cretaceous
Jainosaurus,,Titanosauria,Sauropodomorpha,Saurischia,False,1,Herbivore,72.1,66.0,6.099999999999994,Maastrichtian,Maastrichtian,Upper Cretaceous,Upper Cretaceous
Kaijutitan,,Titanosauria,Sauropodomorpha,Saurischia,False,1,Herbivore,89.8,86.3,3.5,Coniacian,Coniacian,Upper Cretaceous,Upper Cretaceous
Magyarosaurus,,Titanosauria,Sauropodomorpha,Saurischia,False,1,Herbivore,72.1,66.0,6.099999999999994,Maastrichtian,Maastrichtian,Upper Cretaceous,Upper Cretaceous
Malawisaurus,,Titanosauria,Sauropodomorpha,Saurischia,False,1,Herbivore,121.4,113.0,8.400000000000006,Aptian,Aptian,Lower Cretaceous,Lower Cretaceous
Normanniasaurus,,Titanosauria,Sauropodomorpha,Saurischia,False,1,Herbivore,109.9,106.2,3.700000000000003,Albian,Albian,Lower Cretaceous,Lower Cretaceous
Nullotitan,,Titanosauria,Sauropodomorpha,Saurischia,False,1,Herbivore,72.1,66.0,6.099999999999994,Maastrichtian,Maastrichtian,Upper Cretaceous,Upper Cretaceous
Paludititan,,Titanosauria,Sauropodomorpha,Saurischia,False,1,Herbivore,72.1,66.0,6.099999999999994,Maastrichtian,Maastrichtian,Upper Cretaceous,Upper Cretaceous
Paralititan,,Titanosauria,Sauropodomorpha,Saurischia,False,1,Herbivore,100.5,93.9,6.599999999999994,Cenomanian,Cenomanian,Upper Cretaceous,Upper Cretaceous
Pellegrinisaurus,Saltasauridae,Titanosauria,Sauropodomorpha,Saurischia,False,1,Herbivore,83.6,72.1,11.5,Campanian,Campanian,Upper Cretaceous,Upper Cretaceous
Shingopana,,Titanosauria,Sauropodomorpha,Saurischia,False,1,Herbivore,100.5,72.1,28.400000000000006,Cenomanian,Campanian,Upper Cretaceous,Upper Cretaceous
Tengrisaurus,,Titanosauria,Sauropodomorpha,Saurischia,False,1,Herbivore,139.8,132.6,7.200000000000017,Valanginian,Valanginian,Lower Cretaceous,Lower Cretaceous
Vahiny,,Titanosauria,Sauropodomorpha,Saurischia,False,1,Herbivore,72.1,66.0,6.099999999999994,Maastrichtian,Maastrichtian,Upper Cretaceous,Upper Cretaceous
Volgatitan,,Titanosauria,Sauropodomorpha,Saurischia,False,1,Herbivore,132.6,125.77,6.829999999999998,Hauterivian,Hauterivian,Lower Cretaceous,Lower Cretaceous
Gspsaurus,Gspsauridae,,,,True,1,Herbivore,72.1,66.0,6.099999999999994,Maastrichtian,Maastrichtian,Upper Cretaceous,Upper Cretaceous
Ikqaumishan,Gspsauridae,,,,True,1,Herbivore,72.1,66.0,6.099999999999994,Maastrichtian,Maastrichtian,Upper Cretaceous,Upper Cretaceous
Saraikimasoom,Gspsauridae,,,,True,1,Herbivore,72.1,66.0,6.099999999999994,Maastrichtian,Maastrichtian,Upper Cretaceous,Upper Cretaceous
Imrankhanhero,Pakisauridae,,,,True,1,Herbivore,72.1,66.0,6.099999999999994,Maastrichtian,Maastrichtian,Upper Cretaceous,Upper Cretaceous
Sulaimanisaurus,Pakisauridae,,,,True,1,Herbivore,72.1,66.0,6.099999999999994,Maastrichtian,Maastrichtian,Upper Cretaceous,Upper Cretaceous
Khetranisaurus,Pakisauridae,,,,True,1,Herbivore,72.1,66.0,6.099999999999994,Maastrichtian,Maastrichtian,Upper Cretaceous,Upper Cretaceous
Khanazeem,Pakisauridae,,,,True,1,Herbivore,72.1,66.0,6.099999999999994,Maastrichtian,Maastrichtian,Upper Cretaceous,Upper Cretaceous
Pakisaurus,Pakisauridae,,,,True,1,Herbivore,72.1,66.0,6.099999999999994,Maastrichtian,Maastrichtian,Upper Cretaceous,Upper Cretaceous
Balochisaurus,Balochisauridae,,,,True,1,Herbivore,72.1,66.0,6.099999999999994,Maastrichtian,Maastrichtian,Upper Cretaceous,Upper Cretaceous
Qaikshaheen,Balochisauridae,,,,True,1,Herbivore,72.1,66.0,6.099999999999994,Maastrichtian,Maastrichtian,Upper Cretaceous,Upper Cretaceous
Marisaurus,Balochisauridae,,,,True,1,Herbivore,72.1,66.0,6.099999999999994,Maastrichtian,Maastrichtian,Upper Cretaceous,Upper Cretaceous
Abdarainurus,,Titanosauria,Sauropodomorpha,Saurischia,False,1,Herbivore,86.3,72.1,14.200000000000003,Santonian,Campanian,Upper Cretaceous,Upper Cretaceous
Aegyptosaurus,,Titanosauria,Sauropodomorpha,Saurischia,False,1,Herbivore,145.0,93.9,51.099999999999994,Berriasian,Cenomanian,Lower Cretaceous,Upper Cretaceous
Andesaurus,,Titanosauria,Sauropodomorpha,Saurischia,False,1,Herbivore,100.5,93.9,6.599999999999994,Cenomanian,Cenomanian,Upper Cretaceous,Upper Cretaceous
Argyrosaurus,,Titanosauria,Sauropodomorpha,Saurischia,False,1,Herbivore,83.6,66.0,17.599999999999994,Campanian,Maastrichtian,Upper Cretaceous,Upper Cretaceous
Baalsaurus,,Titanosauria,Sauropodomorpha,Saurischia,False,1,Herbivore,93.9,86.3,7.6000000000000085,Turonian,Coniacian,Upper Cretaceous,Upper Cretaceous
Baotianmansaurus,,Titanosauria,Sauropodomorpha,Saurischia,False,1,Herbivore,93.9,72.1,21.80000000000001,Turonian,Campanian,Upper Cretaceous,Upper Cretaceous
Barrosasaurus,,Titanosauria,Sauropodomorpha,Saurischia,False,1,Herbivore,93.9,72.1,21.80000000000001,Turonian,Campanian,Upper Cretaceous,Upper Cretaceous
Borealosaurus,,Titanosauria,Sauropodomorpha,Saurischia,False,1,Herbivore,106.2,100.5,5.700000000000003,Albian,Albian,Lower Cretaceous,Lower Cretaceous
Choconsaurus,,Titanosauria,Sauropodomorpha,Saurischia,False,1,Herbivore,100.5,93.9,6.599999999999994,Cenomanian,Cenomanian,Upper Cretaceous,Upper Cretaceous
Dongyangosaurus,,Titanosauria,Sauropodomorpha,Saurischia,False,1,Herbivore,100.5,89.8,10.700000000000003,Cenomanian,Turonian,Upper Cretaceous,Upper Cretaceous
Dzharatitanis,,Sauropoda,Sauropodomorpha,Saurischia,False,1,Herbivore,93.9,89.8,4.1000000000000085,Turonian,Turonian,Upper Cretaceous,Upper Cretaceous
Gandititan,,Titanosauria,Sauropodomorpha,Saurischia,False,1,Herbivore,100.5,89.8,10.700000000000003,Cenomanian,Turonian,Upper Cretaceous,Upper Cretaceous
Hamititan,,Titanosauria,Sauropodomorpha,Saurischia,False,1,Herbivore,139.8,132.6,7.200000000000017,Valanginian,Valanginian,Lower Cretaceous,Lower Cretaceous
Karongasaurus,,Titanosauria,Sauropodomorpha,Saurischia,False,1,Herbivore,121.4,113.0,8.400000000000006,Aptian,Aptian,Lower Cretaceous,Lower Cretaceous
Laplatasaurus,,Titanosauria,Sauropodomorpha,Saurischia,False,1,Herbivore,83.6,72.1,11.5,Campanian,Campanian,Upper Cretaceous,Upper Cretaceous
Malarguesaurus,,Titanosauria,Sauropodomorpha,Saurischia,False,1,Herbivore,89.8,86.3,3.5,Coniacian,Coniacian,Upper Cretaceous,Upper Cretaceous
Mnyamawamtuka,,Titanosauria,Sauropodomorpha,Saurischia,False,1,Herbivore,121.4,93.9,27.5,Aptian,Cenomanian,Lower Cretaceous,Upper Cretaceous
Mongolosaurus,,Sauropoda,Sauropodomorpha,Saurischia,False,1,Herbivore,121.4,100.5,20.900000000000006,Aptian,Albian,Lower Cretaceous,Lower Cretaceous
Narambuenatitan,,Titanosauria,Sauropodomorpha,Saurischia,False,1,Herbivore,83.6,72.1,11.5,Campanian,Campanian,Upper Cretaceous,Upper Cretaceous
Ninjatitan,,Titanosauria,Sauropodomorpha,Saurischia,False,1,Herbivore,140.6,132.6,8.0,Berriasian,Valanginian,Lower Cretaceous,Lower Cretaceous
Petrobrasaurus,,Titanosauria,Sauropodomorpha,Saurischia,False,1,Herbivore,89.8,83.6,6.200000000000003,Coniacian,Santonian,Upper Cretaceous,Upper Cretaceous
Rukwatitan,,Titanosauria,Sauropodomorpha,Saurischia,False,1,Herbivore,100.5,72.1,28.400000000000006,Cenomanian,Campanian,Upper Cretaceous,Upper Cretaceous
Tiamat,,Titanosauria,Sauropodomorpha,Saurischia,False,1,Herbivore,113.0,93.9,19.099999999999994,Albian,Cenomanian,Lower Cretaceous,Upper Cretaceous
Titanosaurus,,Titanosauria,Sauropodomorpha,Saurischia,False,0,Herbivore,125.77,66.0,59.769999999999996,Barremian,Maastrichtian,Lower Cretaceous,Upper Cretaceous
Abydosaurus,Brachiosauridae,Sauropoda,Sauropodomorpha,Saurischia,False,1,Herbivore,100.5,93.9,6.599999999999994,Cenomanian,Cenomanian,Upper Cretaceous,Upper Cretaceous
Brachiosaurus,Brachiosauridae,Sauropoda,Sauropodomorpha,Saurischia,False,2,Herbivore,157.9,145.0,12.900000000000006,Oxfordian,Tithonian,Upper Jurassic,Upper Jurassic
Cedarosaurus,Brachiosauridae,Sauropoda,Sauropodomorpha,Saurischia,False,1,Herbivore,139.8,109.9,29.900000000000006,Valanginian,Albian,Lower Cretaceous,Lower Cretaceous
Galvesaurus,Brachiosauridae,Sauropoda,Sauropodomorpha,Saurischia,False,1,Herbivore,152.2,146.3,5.899999999999977,Kimmeridgian,Tithonian,Upper Jurassic,Upper Jurassic
Giraffatitan,Brachiosauridae,Sauropoda,Sauropodomorpha,Saurischia,False,2,Herbivore,161.5,145.0,16.5,Oxfordian,Tithonian,Upper Jurassic,Upper Jurassic
Lusotitan,Brachiosauridae,Sauropoda,Sauropodomorpha,Saurischia,False,1,Herbivore,152.2,146.3,5.899999999999977,Kimmeridgian,Tithonian,Upper Jurassic,Upper Jurassic
Sonorasaurus,Brachiosauridae,Sauropoda,Sauropodomorpha,Saurischia,False,1,Herbivore,106.2,93.9,12.299999999999997,Albian,Cenomanian,Lower Cretaceous,Upper Cretaceous
Soriatitan,Brachiosauridae,Sauropoda,Sauropodomorpha,Saurischia,False,1,Herbivore,132.6,121.4,11.199999999999989,Hauterivian,Barremian,Lower Cretaceous,Lower Cretaceous
Venenosaurus,Brachiosauridae,Sauropoda,Sauropodomorpha,Saurischia,False,1,Herbivore,121.4,113.0,8.400000000000006,Aptian,Aptian,Lower Cretaceous,Lower Cretaceous
Vouivria,Brachiosauridae,Sauropoda,Sauropodomorpha,Saurischia,False,1,Herbivore,161.5,154.8,6.699999999999989,Oxfordian,Oxfordian,Upper Jurassic,Upper Jurassic
Duriatitan,,Sauropoda,Sauropodomorpha,Saurischia,False,1,Herbivore,154.8,139.8,15.0,Kimmeridgian,Berriasian,Upper Jurassic,Lower Cretaceous
Fukuititan,,Sauropoda,Sauropodomorpha,Saurischia,False,1,Herbivore,121.4,113.0,8.400000000000006,Aptian,Aptian,Lower Cretaceous,Lower Cretaceous
Fushanosaurus,,Sauropoda,Sauropodomorpha,Saurischia,False,1,Herbivore,161.5,154.8,6.699999999999989,Oxfordian,Oxfordian,Upper Jurassic,Upper Jurassic
Fusuisaurus,,Sauropoda,Sauropodomorpha,Saurischia,False,1,Herbivore,121.4,113.0,8.400000000000006,Aptian,Aptian,Lower Cretaceous,Lower Cretaceous
Liaoningotitan,,Sauropoda,Sauropodomorpha,Saurischia,False,1,Herbivore,125.77,119.5,6.269999999999996,Barremian,Aptian,Lower Cretaceous,Lower Cretaceous
Oceanotitan,,Sauropoda,Sauropodomorpha,Saurischia,False,1,Herbivore,152.2,149.2,3.0,Kimmeridgian,Kimmeridgian,Upper Jurassic,Upper Jurassic
Ornithopsis,,Sauropoda,Sauropodomorpha,Saurischia,False,1,Herbivore,146.3,119.5,26.80000000000001,Tithonian,Aptian,Upper Jurassic,Lower Cretaceous
Pelorosaurus,Brachiosauridae,Sauropoda,Sauropodomorpha,Saurischia,False,2,Herbivore,146.3,109.9,36.400000000000006,Tithonian,Albian,Upper Jurassic,Lower Cretaceous
Aragosaurus,,Sauropoda,Sauropodomorpha,Saurischia,False,1,Herbivore,154.8,145.0,9.800000000000011,Kimmeridgian,Tithonian,Upper Jurassic,Upper Jurassic
Atlasaurus,,Sauropoda,Sauropodomorpha,Saurischia,False,1,Herbivore,168.2,165.3,2.8999999999999773,Bathonian,Bathonian,Middle Jurassic,Middle Jurassic
Dashanpusaurus,,Sauropoda,Sauropodomorpha,Saurischia,False,1,Herbivore,170.9,154.8,16.099999999999994,Bajocian,Oxfordian,Middle Jurassic,Upper Jurassic
Yuzhoulong,,Sauropoda,Sauropodomorpha,Saurischia,False,1,Herbivore,168.2,161.5,6.699999999999989,Bathonian,Callovian,Middle Jurassic,Middle Jurassic
Losillasaurus,,Sauropoda,Sauropodomorpha,Saurischia,False,1,Herbivore,154.8,145.0,9.800000000000011,Kimmeridgian,Tithonian,Upper Jurassic,Upper Jurassic
Mierasaurus,,Sauropoda,Sauropodomorpha,Saurischia,False,1,Herbivore,140.6,132.6,8.0,Berriasian,Valanginian,Lower Cretaceous,Lower Cretaceous
Moabosaurus,,Sauropoda,Sauropodomorpha,Saurischia,False,1,Herbivore,139.8,132.6,7.200000000000017,Valanginian,Valanginian,Lower Cretaceous,Lower Cretaceous
Narindasaurus,,Sauropoda,Sauropodomorpha,Saurischia,False,1,Herbivore,168.2,165.3,2.8999999999999773,Bathonian,Bathonian,Middle Jurassic,Middle Jurassic
Tendaguria,,Sauropoda,Sauropodomorpha,Saurischia,False,1,Herbivore,149.2,145.0,4.199999999999989,Tithonian,Tithonian,Upper Jurassic,Upper Jurassic
Turiasaurus,,Sauropoda,Sauropodomorpha,Saurischia,False,1,Herbivore,154.8,145.0,9.800000000000011,Kimmeridgian,Tithonian,Upper Jurassic,Upper Jurassic
Zby,,Sauropoda,Sauropodomorpha,Saurischia,False,1,Herbivore,152.2,149.2,3.0,Kimmeridgian,Kimmeridgian,Upper Jurassic,Upper Jurassic
Chebsaurus,Cetiosauridae,Sauropoda,Sauropodomorpha,Saurischia,False,1,Herbivore,165.3,161.5,3.8000000000000114,Callovian,Callovian,Middle Jurassic,Middle Jurassic
Patagosaurus,Cetiosauridae,Sauropoda,Sauropodomorpha,Saurischia,False,1,Herbivore,182.9,168.6,14.300000000000011,Toarcian,Bajocian,Lower Jurassic,Middle Jurassic
Protognathosaurus,,Sauropoda,Sauropodomorpha,Saurischia,False,1,Herbivore,170.9,154.8,16.099999999999994,Bajocian,Oxfordian,Middle Jurassic,Upper Jurassic
Amanzia,,Sauropoda,Sauropodomorpha,Saurischia,False,1,Herbivore,154.8,152.2,2.6000000000000227,Kimmeridgian,Kimmeridgian,Upper Jurassic,Upper Jurassic
Bagualia,,Sauropoda,Sauropodomorpha,Saurischia,False,1,Herbivore,182.9,180.4,2.5,Toarcian,Toarcian,Lower Jurassic,Lower Jurassic
Cardiodon,,Sauropoda,Sauropodomorpha,Saurischia,False,1,Herbivore,168.2,165.3,2.8999999999999773,Bathonian,Bathonian,Middle Jurassic,Middle Jurassic
Cetiosauriscus,,Sauropoda,Sauropodomorpha,Saurischia,False,1,Herbivore,165.3,161.5,3.8000000000000114,Callovian,Callovian,Middle Jurassic,Middle Jurassic
Datousaurus,Mamenchisauridae,Sauropoda,Sauropodomorpha,Saurischia,False,1,Herbivore,174.7,154.8,19.899999999999977,Aalenian,Oxfordian,Middle Jurassic,Upper Jurassic
Dystrophaeus,,Sauropoda,Sauropodomorpha,Saurischia,False,1,Herbivore,157.9,154.8,3.0999999999999943,Oxfordian,Oxfordian,Upper Jurassic,Upper Jurassic
Ferganasaurus,,Sauropoda,Sauropodomorpha,Saurischia,False,1,Herbivore,165.3,161.5,3.8000000000000114,Callovian,Callovian,Middle Jurassic,Middle Jurassic
Haestasaurus,,Sauropoda,Sauropodomorpha,Saurischia,False,1,Herbivore,140.6,132.6,8.0,Berriasian,Valanginian,Lower Cretaceous,Lower Cretaceous
Janenschia,,Sauropoda,Sauropodomorpha,Saurischia,False,1,Herbivore,149.2,145.0,4.199999999999989,Tithonian,Tithonian,Upper Jurassic,Upper Jurassic
Jobaria,,Sauropoda,Sauropodomorpha,Saurischia,False,1,Herbivore,161.5,145.0,16.5,Oxfordian,Tithonian,Upper Jurassic,Upper Jurassic
Lapparentosaurus,,Sauropoda,Sauropodomorpha,Saurischia,False,1,Herbivore,168.2,165.3,2.8999999999999773,Bathonian,Bathonian,Middle Jurassic,Middle Jurassic
Nebulasaurus,,Sauropoda,Sauropodomorpha,Saurischia,False,1,Herbivore,174.7,168.2,6.5,Aalenian,Bajocian,Middle Jurassic,Middle Jurassic
Perijasaurus,,Sauropoda,Sauropodomorpha,Saurischia,False,1,Herbivore,180.4,170.9,9.5,Toarcian,Aalenian,Lower Jurassic,Middle Jurassic
Rhoetosaurus,,Sauropoda,Sauropodomorpha,Saurischia,False,1,Herbivore,161.5,154.8,6.699999999999989,Oxfordian,Oxfordian,Upper Jurassic,Upper Jurassic
Shunosaurus,,Sauropoda,Sauropodomorpha,Saurischia,False,1,Herbivore,174.7,154.8,19.899999999999977,Aalenian,Oxfordian,Middle Jurassic,Upper Jurassic
Amygdalodon,,Sauropoda,Sauropodomorpha,Saurischia,False,1,Herbivore,192.9,182.9,10.0,Pliensbachian,Toarcian,Lower Jurassic,Lower Jurassic
Barapasaurus,,Sauropoda,Sauropodomorpha,Saurischia,False,1,Herbivore,199.5,184.2,15.300000000000011,Sinemurian,Pliensbachian,Lower Jurassic,Lower Jurassic
Cetiosaurus,Cetiosauridae,Sauropoda,Sauropodomorpha,Saurischia,False,2,Herbivore,174.7,119.5,55.19999999999999,Aalenian,Aptian,Middle Jurassic,Lower Cretaceous
Spinophorosaurus,,Sauropoda,Sauropodomorpha,Saurischia,False,1,Herbivore,170.9,165.3,5.599999999999994,Bajocian,Bathonian,Middle Jurassic,Middle Jurassic
Tazoudasaurus,Vulcanodontidae,Sauropoda,Sauropodomorpha,Saurischia,False,1,Herbivore,192.9,174.7,18.200000000000017,Pliensbachian,Toarcian,Lower Jurassic,Lower Jurassic
Volkheimeria,,Sauropoda,Sauropodomorpha,Saurischia,False,1,Herbivore,182.9,180.4,2.5,Toarcian,Toarcian,Lower Jurassic,Lower Jurassic
Antetonitrus,Lessemsauridae,Sauropoda,Sauropodomorpha,Saurischia,False,1,Herbivore,201.4,192.9,8.5,Hettangian,Sinemurian,Lower Jurassic,Lower Jurassic
Ingentia,Lessemsauridae,Sauropoda,Sauropodomorpha,Saurischia,False,1,Herbivore,227.0,208.5,18.5,Norian,Norian,Upper Triassic,Upper Triassic
Lessemsaurus,Lessemsauridae,Sauropoda,Sauropodomorpha,Saurischia,False,1,Herbivore,227.0,208.5,18.5,Norian,Norian,Upper Triassic,Upper Triassic
Archaeodontosaurus,,Sauropoda,Sauropodomorpha,Saurischia,False,1,Herbivore,168.2,165.3,2.8999999999999773,Bathonian,Bathonian,Middle Jurassic,Middle Jurassic
Chinshakiangosaurus,,Sauropoda,Sauropodomorpha,Saurischia,False,1,Herbivore,201.4,199.5,1.9000000000000057,Hettangian,Hettangian,Lower Jurassic,Lower Jurassic
Damalasaurus,,,,,True,1,Herbivore,201.4,174.7,26.700000000000017,Hettangian,Toarcian,Lower Jurassic,Lower Jurassic
Isanosaurus,,Sauropoda,Sauropodomorpha,Saurischia,False,1,Herbivore,192.9,174.7,18.200000000000017,Pliensbachian,Toarcian,Lower Jurassic,Lower Jurassic
Kotasaurus,,Sauropoda,Sauropodomorpha,Saurischia,False,1,Herbivore,199.5,184.2,15.300000000000011,Sinemurian,Pliensbachian,Lower Jurassic,Lower Jurassic
Lamplughsaura,,,Sauropodomorpha,Saurischia,False,1,Herbivore,201.4,192.9,8.5,Hettangian,Sinemurian,Lower Jurassic,Lower Jurassic
Microdontosaurus,,,,,True,1,Herbivore,174.7,161.5,13.199999999999989,Aalenian,Callovian,Middle Jurassic,Middle Jurassic
Ohmdenosaurus,,Sauropoda,Sauropodomorpha,Saurischia,False,1,Herbivore,182.9,180.4,2.5,Toarcian,Toarcian,Lower Jurassic,Lower Jurassic
Oplosaurus,,Sauropoda,Sauropodomorpha,Saurischia,False,1,Herbivore,139.8,121.4,18.400000000000006,Valanginian,Barremian,Lower Cretaceous,Lower Cretaceous
Pulanesaura,,Sauropoda,Sauropodomorpha,Saurischia,False,1,Herbivore,201.4,192.9,8.5,Hettangian,Sinemurian,Lower Jurassic,Lower Jurassic
Sanpasaurus,,Sauropoda,Sauropodomorpha,Saurischia,False,1,Herbivore,184.2,174.7,9.5,Toarcian,Toarcian,Lower Jurassic,Lower Jurassic
Vulcanodon,Vulcanodontidae,Sauropoda,Sauropodomorpha,Saurischia,False,1,Herbivore,199.5,184.2,15.300000000000011,Sinemurian,Pliensbachian,Lower Jurassic,Lower Jurassic
Alwalkeria,,,,Saurischia,False,1,,237.0,227.0,10.0,Carnian,Carnian,Upper Triassic,Upper Triassic
Nhandumirim,Saturnaliidae,,Sauropodomorpha,Saurischia,False,1,,227.0,208.5,18.5,Norian,Norian,Upper Triassic,Upper Triassic
Ichthyornis,,Avialae,Theropoda,Saurischia,False,2,Piscivore,100.5,72.1,28.400000000000006,Cenomanian,Campanian,Upper Cretaceous,Upper Cretaceous
Janavis,,Avialae,Theropoda,Saurischia,False,1,Carnivore,72.1,66.0,6.099999999999994,Maastrichtian,Maastrichtian,Upper Cretaceous,Upper Cretaceous
Asiahesperornis,Hesperornithidae,Avialae,Theropoda,Saurischia,False,1,Carnivore,83.6,66.0,17.599999999999994,Campanian,Maastrichtian,Upper Cretaceous,Upper Cretaceous
Canadaga,Hesperornithidae,Avialae,Theropoda,Saurischia,False,1,Carnivore,83.6,66.0,17.599999999999994,Campanian,Maastrichtian,Upper Cretaceous,Upper Cretaceous
Hesperornis,Hesperornithidae,Avialae,Theropoda,Saurischia,False,11,Piscivore,89.8,66.0,23.799999999999997,Coniacian,Maastrichtian,Upper Cretaceous,Upper Cretaceous
Parahesperornis,Hesperornithidae,Avialae,Theropoda,Saurischia,False,1,Carnivore,89.8,83.6,6.200000000000003,Coniacian,Santonian,Upper Cretaceous,Upper Cretaceous
Baptornis,Baptornithidae,Avialae,Theropoda,Saurischia,False,1,Carnivore,89.8,72.1,17.700000000000003,Coniacian,Campanian,Upper Cretaceous,Upper Cretaceous
Judinornis,,Avialae,Theropoda,Saurischia,False,1,Carnivore,72.1,66.0,6.099999999999994,Maastrichtian,Maastrichtian,Upper Cretaceous,Upper Cretaceous
Brodavis,Brodavidae,Avialae,Theropoda,Saurischia,False,4,Carnivore,83.6,66.0,17.599999999999994,Campanian,Maastrichtian,Upper Cretaceous,Upper Cretaceous
Chupkaornis,,Avialae,Theropoda,Saurischia,False,1,Carnivore,89.8,83.6,6.200000000000003,Coniacian,Santonian,Upper Cretaceous,Upper Cretaceous
Enaliornis,Enaliornithidae,Avialae,Theropoda,Saurischia,False,4,Carnivore,106.2,100.5,5.700000000000003,Albian,Albian,Lower Cretaceous,Lower Cretaceous
Fumicollis,Hesperornithidae,Avialae,Theropoda,Saurischia,False,1,Carnivore,89.8,83.6,6.200000000000003,Coniacian,Santonian,Upper Cretaceous,Upper Cretaceous
Pasquiaornis,,Avialae,Theropoda,Saurischia,False,2,Carnivore,100.5,93.9,6.599999999999994,Cenomanian,Cenomanian,Upper Cretaceous,Upper Cretaceous
Potamornis,,Avialae,Theropoda,Saurischia,False,1,Carnivore,72.1,66.0,6.099999999999994,Maastrichtian,Maastrichtian,Upper Cretaceous,Upper Cretaceous
Abitusavis,Yanornithidae,Avialae,Theropoda,Saurischia,False,1,Carnivore,125.77,119.5,6.269999999999996,Barremian,Aptian,Lower Cretaceous,Lower Cretaceous
Similiyanornis,Yanornithidae,Avialae,Theropoda,Saurischia,False,1,Carnivore,121.4,113.0,8.400000000000006,Aptian,Aptian,Lower Cretaceous,Lower Cretaceous
Yanornis,Songlingornithidae,Avialae,Theropoda,Saurischia,False,3,Carnivore,125.77,113.0,12.769999999999996,Barremian,Aptian,Lower Cretaceous,Lower Cretaceous
Gargantuavis,Gargantuaviidae,Avialae,Theropoda,Saurischia,False,1,Carnivore,83.6,66.0,17.599999999999994,Campanian,Maastrichtian,Upper Cretaceous,Upper Cretaceous
Apatornis,,Avialae,Theropoda,Saurischia,False,2,Carnivore,89.8,83.6,6.200000000000003,Coniacian,Santonian,Upper Cretaceous,Upper Cretaceous
Archaeovolans,Songlingornithidae,Avialae,Theropoda,Saurischia,False,1,Carnivore,121.4,113.0,8.400000000000006,Aptian,Aptian,Lower Cretaceous,Lower Cretaceous
Cerebavis,,Avialae,Theropoda,Saurischia,False,1,Carnivore,100.5,93.9,6.599999999999994,Cenomanian,Cenomanian,Upper Cretaceous,Upper Cretaceous
Changzuiornis,Gansuidae,Avialae,Theropoda,Saurischia,False,1,Carnivore,121.4,113.0,8.400000000000006,Aptian,Aptian,Lower Cretaceous,Lower Cretaceous
Iaceornis,,Avialae,Theropoda,Saurischia,False,1,Carnivore,86.3,83.6,2.700000000000003,Santonian,Santonian,Upper Cretaceous,Upper Cretaceous
Kookne,,Avialae,Theropoda,Saurischia,False,1,Carnivore,72.1,66.0,6.099999999999994,Maastrichtian,Maastrichtian,Upper Cretaceous,Upper Cretaceous
Kuszholia,Kuszholiidae,Avialae,Theropoda,Saurischia,False,1,Carnivore,93.9,89.8,4.1000000000000085,Turonian,Turonian,Upper Cretaceous,Upper Cretaceous
Limenavis,,Avialae,Theropoda,Saurischia,False,1,Carnivore,83.6,66.0,17.599999999999994,Campanian,Maastrichtian,Upper Cretaceous,Upper Cretaceous
Tingmiatornis,,Avialae,Theropoda,Saurischia,False,1,Carnivore,100.5,93.9,6.599999999999994,Cenomanian,Cenomanian,Upper Cretaceous,Upper Cretaceous
Archaeornithura,Hongshanornithidae,Avialae,Theropoda,Saurischia,False,1,Carnivore,132.6,125.77,6.829999999999998,Hauterivian,Hauterivian,Lower Cretaceous,Lower Cretaceous
Hongshanornis,Hongshanornithidae,Avialae,Theropoda,Saurischia,False,1,Carnivore,125.77,119.5,6.269999999999996,Barremian,Aptian,Lower Cretaceous,Lower Cretaceous
Longicrusavis,Hongshanornithidae,Avialae,Theropoda,Saurischia,False,1,Carnivore,125.77,119.5,6.269999999999996,Barremian,Aptian,Lower Cretaceous,Lower Cretaceous
Parahongshanornis,Hongshanornithidae,Avialae,Theropoda,Saurischia,False,1,Carnivore,121.4,113.0,8.400000000000006,Aptian,Aptian,Lower Cretaceous,Lower Cretaceous
Songlingornis,Songlingornithidae,Avialae,Theropoda,Saurischia,False,1,Carnivore,121.4,113.0,8.400000000000006,Aptian,Aptian,Lower Cretaceous,Lower Cretaceous
Tianyuornis,Hongshanornithidae,Avialae,Theropoda,Saurischia,False,1,Carnivore,125.77,121.4,4.36999999999999,Barremian,Barremian,Lower Cretaceous,Lower Cretaceous
Yixianornis,Songlingornithidae,Avialae,Theropoda,Saurischia,False,1,Carnivore,121.4,113.0,8.400000000000006,Aptian,Aptian,Lower Cretaceous,Lower Cretaceous
Mengciusornis,Schizoouridae,Avialae,Theropoda,Saurischia,False,1,Carnivore,121.4,113.0,8.400000000000006,Aptian,Aptian,Lower Cretaceous,Lower Cretaceous
Ambiortus,Ambiortidae,Avialae,Theropoda,Saurischia,False,1,Carnivore,132.6,121.4,11.199999999999989,Hauterivian,Barremian,Lower Cretaceous,Lower Cretaceous
Antarcticavis,,Avialae,Theropoda,Saurischia,False,1,Carnivore,72.1,66.0,6.099999999999994,Maastrichtian,Maastrichtian,Upper Cretaceous,Upper Cretaceous
Apsaravis,,Avialae,Theropoda,Saurischia,False,1,Carnivore,83.6,72.1,11.5,Campanian,Campanian,Upper Cretaceous,Upper Cretaceous
Archaeorhynchus,,Avialae,Theropoda,Saurischia,False,1,Carnivore,125.77,113.0,12.769999999999996,Barremian,Aptian,Lower Cretaceous,Lower Cretaceous
Changmaornis,,Avialae,Theropoda,Saurischia,False,1,Carnivore,121.4,113.0,8.400000000000006,Aptian,Aptian,Lower Cretaceous,Lower Cretaceous
Chaoyangia,,Avialae,Theropoda,Saurischia,False,1,Carnivore,121.4,113.0,8.400000000000006,Aptian,Aptian,Lower Cretaceous,Lower Cretaceous
Dingavis,,Avialae,Theropoda,Saurischia,False,1,Carnivore,121.4,113.0,8.400000000000006,Aptian,Aptian,Lower Cretaceous,Lower Cretaceous
Eogranivora,,Avialae,Theropoda,Saurischia,False,1,Carnivore,125.77,119.5,6.269999999999996,Barremian,Aptian,Lower Cretaceous,Lower Cretaceous
Gansus,Gansuidae,Avialae,Theropoda,Saurischia,False,2,Carnivore,121.4,113.0,8.400000000000006,Aptian,Aptian,Lower Cretaceous,Lower Cretaceous
Hollanda,,Avialae,Theropoda,Saurischia,False,1,Carnivore,83.6,72.1,11.5,Campanian,Campanian,Upper Cretaceous,Upper Cretaceous
Jianchangornis,,Avialae,Theropoda,Saurischia,False,1,Carnivore,121.4,113.0,8.400000000000006,Aptian,Aptian,Lower Cretaceous,Lower Cretaceous
Jiuquanornis,,Avialae,Theropoda,Saurischia,False,1,Carnivore,121.4,113.0,8.400000000000006,Aptian,Aptian,Lower Cretaceous,Lower Cretaceous
Juehuaornis,,Avialae,Theropoda,Saurischia,False,1,Carnivore,121.4,113.0,8.400000000000006,Aptian,Aptian,Lower Cretaceous,Lower Cretaceous
Kaririavis,,Avialae,Theropoda,Saurischia,False,1,Carnivore,119.5,113.0,6.5,Aptian,Aptian,Lower Cretaceous,Lower Cretaceous
Khinganornis,Gansuidae,Avialae,Theropoda,Saurischia,False,1,Carnivore,121.4,113.0,8.400000000000006,Aptian,Aptian,Lower Cretaceous,Lower Cretaceous
Liaoningornis,Liaoningornithidae,Avialae,Theropoda,Saurischia,False,1,Carnivore,125.77,119.5,6.269999999999996,Barremian,Aptian,Lower Cretaceous,Lower Cretaceous
Patagopteryx,Patagopterygidae,Avialae,Theropoda,Saurischia,False,1,Carnivore,86.3,83.6,2.700000000000003,Santonian,Santonian,Upper Cretaceous,Upper Cretaceous
Piscivoravis,Songlingornithidae,Avialae,Theropoda,Saurischia,False,1,Carnivore,121.4,113.0,8.400000000000006,Aptian,Aptian,Lower Cretaceous,Lower Cretaceous
Schizooura,Schizoouridae,Avialae,Theropoda,Saurischia,False,1,Carnivore,121.4,113.0,8.400000000000006,Aptian,Aptian,Lower Cretaceous,Lower Cretaceous
Vorona,,Avialae,Theropoda,Saurischia,False,1,Carnivore,72.1,66.0,6.099999999999994,Maastrichtian,Maastrichtian,Upper Cretaceous,Upper Cretaceous
Yumenornis,,Avialae,Theropoda,Saurischia,False,1,Carnivore,121.4,113.0,8.400000000000006,Aptian,Aptian,Lower Cretaceous,Lower Cretaceous
Zhongjianornis,Patagopterygidae,Avialae,Theropoda,Saurischia,False,1,Carnivore,121.4,113.0,8.400000000000006,Aptian,Aptian,Lower Cretaceous,Lower Cretaceous
Cratoavis,,Avialae,Theropoda,Saurischia,False,1,Carnivore,119.5,113.0,6.5,Aptian,Aptian,Lower Cretaceous,Lower Cretaceous
Dalingheornis,,Avialae,Theropoda,Saurischia,False,1,Carnivore,125.77,119.5,6.269999999999996,Barremian,Aptian,Lower Cretaceous,Lower Cretaceous
Elbretornis,,Avialae,Theropoda,Saurischia,False,1,Carnivore,72.1,66.0,6.099999999999994,Maastrichtian,Maastrichtian,Upper Cretaceous,Upper Cretaceous
Enantiornis,Enantiornithidae,Avialae,Theropoda,Saurischia,False,3,Carnivore,93.9,66.0,27.900000000000006,Turonian,Maastrichtian,Upper Cretaceous,Upper Cretaceous
Grabauornis,,Avialae,Theropoda,Saurischia,False,1,Carnivore,125.77,119.5,6.269999999999996,Barremian,Aptian,Lower Cretaceous,Lower Cretaceous
Martinavis,,Avialae,Theropoda,Saurischia,False,5,Carnivore,83.6,66.0,17.599999999999994,Campanian,Maastrichtian,Upper Cretaceous,Upper Cretaceous
Abavornis,,Avialae,Theropoda,Saurischia,False,1,Carnivore,93.9,89.8,4.1000000000000085,Turonian,Turonian,Upper Cretaceous,Upper Cretaceous
Alexornis,Alexornithidae,Avialae,Theropoda,Saurischia,False,1,Carnivore,86.3,83.6,2.700000000000003,Santonian,Santonian,Upper Cretaceous,Upper Cretaceous
Explorornis,,Avialae,Theropoda,Saurischia,False,1,Carnivore,93.9,89.8,4.1000000000000085,Turonian,Turonian,Upper Cretaceous,Upper Cretaceous
Incolornis,,Avialae,Theropoda,Saurischia,False,1,Carnivore,93.9,89.8,4.1000000000000085,Turonian,Turonian,Upper Cretaceous,Upper Cretaceous
Kizylkumavis,,Avialae,Theropoda,Saurischia,False,1,Carnivore,93.9,89.8,4.1000000000000085,Turonian,Turonian,Upper Cretaceous,Upper Cretaceous
Lenesornis,,Avialae,Theropoda,Saurischia,False,1,Carnivore,93.9,89.8,4.1000000000000085,Turonian,Turonian,Upper Cretaceous,Upper Cretaceous
Nanantius,,Avialae,Theropoda,Saurischia,False,1,Carnivore,106.2,100.5,5.700000000000003,Albian,Albian,Lower Cretaceous,Lower Cretaceous
Sazavis,,Avialae,Theropoda,Saurischia,False,1,Carnivore,93.9,89.8,4.1000000000000085,Turonian,Turonian,Upper Cretaceous,Upper Cretaceous
Zhyraornis,Zhyraornithidae,Avialae,Theropoda,Saurischia,False,2,Carnivore,100.5,89.8,10.700000000000003,Cenomanian,Turonian,Upper Cretaceous,Upper Cretaceous
Gurilynia,,Avialae,Theropoda,Saurischia,False,1,Carnivore,72.1,66.0,6.099999999999994,Maastrichtian,Maastrichtian,Upper Cretaceous,Upper Cretaceous
Gracilornis,,Avialae,Theropoda,Saurischia,False,1,Carnivore,121.4,113.0,8.400000000000006,Aptian,Aptian,Lower Cretaceous,Lower Cretaceous
Longchengornis,,Avialae,Theropoda,Saurischia,False,1,Carnivore,121.4,113.0,8.400000000000006,Aptian,Aptian,Lower Cretaceous,Lower Cretaceous
Dapingfangornis,,Avialae,Theropoda,Saurischia,False,1,Carnivore,121.4,113.0,8.400000000000006,Aptian,Aptian,Lower Cretaceous,Lower Cretaceous
Avisaurus,Avisauridae,Avialae,Theropoda,Saurischia,False,1,Carnivore,72.1,66.0,6.099999999999994,Maastrichtian,Maastrichtian,Upper Cretaceous,Upper Cretaceous
Bauxitornis,Avisauridae,Avialae,Theropoda,Saurischia,False,1,Carnivore,86.3,83.6,2.700000000000003,Santonian,Santonian,Upper Cretaceous,Upper Cretaceous
Enantiophoenix,Avisauridae,Avialae,Theropoda,Saurischia,False,1,Carnivore,100.5,93.9,6.599999999999994,Cenomanian,Cenomanian,Upper Cretaceous,Upper Cretaceous
Gettyia,Avisauridae,Avialae,Theropoda,Saurischia,False,1,Carnivore,83.6,72.1,11.5,Campanian,Campanian,Upper Cretaceous,Upper Cretaceous
Halimornis,Avisauridae,Avialae,Theropoda,Saurischia,False,1,Carnivore,83.6,72.1,11.5,Campanian,Campanian,Upper Cretaceous,Upper Cretaceous
Intiornis,Avisauridae,Avialae,Theropoda,Saurischia,False,1,Carnivore,83.6,72.1,11.5,Campanian,Campanian,Upper Cretaceous,Upper Cretaceous
Mirarce,Avisauridae,Avialae,Theropoda,Saurischia,False,1,Carnivore,83.6,72.1,11.5,Campanian,Campanian,Upper Cretaceous,Upper Cretaceous
Neuquenornis,Avisauridae,Avialae,Theropoda,Saurischia,False,1,Carnivore,86.3,83.6,2.700000000000003,Santonian,Santonian,Upper Cretaceous,Upper Cretaceous
Soroavisaurus,Avisauridae,Avialae,Theropoda,Saurischia,False,1,Carnivore,72.1,66.0,6.099999999999994,Maastrichtian,Maastrichtian,Upper Cretaceous,Upper Cretaceous
Bohaiornis,Bohaiornithidae,Avialae,Theropoda,Saurischia,False,1,Carnivore,121.4,113.0,8.400000000000006,Aptian,Aptian,Lower Cretaceous,Lower Cretaceous
Longusunguis,Bohaiornithidae,Avialae,Theropoda,Saurischia,False,1,Carnivore,121.4,113.0,8.400000000000006,Aptian,Aptian,Lower Cretaceous,Lower Cretaceous
Parabohaiornis,Bohaiornithidae,Avialae,Theropoda,Saurischia,False,1,Carnivore,121.4,113.0,8.400000000000006,Aptian,Aptian,Lower Cretaceous,Lower Cretaceous
Shenqiornis,Bohaiornithidae,Avialae,Theropoda,Saurischia,False,1,Carnivore,161.5,121.4,40.099999999999994,Oxfordian,Barremian,Upper Jurassic,Lower Cretaceous
Sulcavis,Bohaiornithidae,Avialae,Theropoda,Saurischia,False,1,Carnivore,121.4,113.0,8.400000000000006,Aptian,Aptian,Lower Cretaceous,Lower Cretaceous
Zhouornis,Bohaiornithidae,Avialae,Theropoda,Saurischia,False,1,Carnivore,121.4,113.0,8.400000000000006,Aptian,Aptian,Lower Cretaceous,Lower Cretaceous
Boluochia,Longipterygidae,Avialae,Theropoda,Saurischia,False,1,Carnivore,121.4,113.0,8.400000000000006,Aptian,Aptian,Lower Cretaceous,Lower Cretaceous
Camptodontornis,Longipterygidae,Avialae,Theropoda,Saurischia,False,1,Carnivore,121.4,113.0,8.400000000000006,Aptian,Aptian,Lower Cretaceous,Lower Cretaceous
Longipteryx,Longipterygidae,Avialae,Theropoda,Saurischia,False,1,Carnivore,121.4,113.0,8.400000000000006,Aptian,Aptian,Lower Cretaceous,Lower Cretaceous
Longirostravis,Longipterygidae,Avialae,Theropoda,Saurischia,False,1,Carnivore,125.77,119.5,6.269999999999996,Barremian,Aptian,Lower Cretaceous,Lower Cretaceous
Rapaxavis,Longipterygidae,Avialae,Theropoda,Saurischia,False,1,Carnivore,121.4,113.0,8.400000000000006,Aptian,Aptian,Lower Cretaceous,Lower Cretaceous
Shanweiniao,Longipterygidae,Avialae,Theropoda,Saurischia,False,1,Carnivore,125.77,119.5,6.269999999999996,Barremian,Aptian,Lower Cretaceous,Lower Cretaceous
Shengjingornis,Longipterygidae,Avialae,Theropoda,Saurischia,False,1,Carnivore,121.4,113.0,8.400000000000006,Aptian,Aptian,Lower Cretaceous,Lower Cretaceous
Chiappeavis,Pengornithidae,Avialae,Theropoda,Saurischia,False,1,Carnivore,121.4,113.0,8.400000000000006,Aptian,Aptian,Lower Cretaceous,Lower Cretaceous
Parapengornis,Pengornithidae,Avialae,Theropoda,Saurischia,False,1,Carnivore,125.77,113.0,12.769999999999996,Barremian,Aptian,Lower Cretaceous,Lower Cretaceous
Pengornis,Pengornithidae,Avialae,Theropoda,Saurischia,False,1,Carnivore,121.4,113.0,8.400000000000006,Aptian,Aptian,Lower Cretaceous,Lower Cretaceous
Yuanchuavis,Pengornithidae,Avialae,Theropoda,Saurischia,False,1,Carnivore,145.0,100.5,44.5,Berriasian,Albian,Lower Cretaceous,Lower Cretaceous
Avimaia,,Avialae,Theropoda,Saurischia,False,1,Carnivore,121.4,113.0,8.400000000000006,Aptian,Aptian,Lower Cretaceous,Lower Cretaceous
Brevirostruavis,,Avialae,Theropoda,Saurischia,False,1,Carnivore,121.4,113.0,8.400000000000006,Aptian,Aptian,Lower Cretaceous,Lower Cretaceous
Castignovolucris,,Avialae,Theropoda,Saurischia,False,1,Carnivore,83.6,66.0,17.599999999999994,Campanian,Maastrichtian,Upper Cretaceous,Upper Cretaceous
Cathayornis,,Avialae,Theropoda,Saurischia,False,1,Carnivore,121.4,113.0,8.400000000000006,Aptian,Aptian,Lower Cretaceous,Lower Cretaceous
Concornis,Avisauridae,Avialae,Theropoda,Saurischia,False,1,Carnivore,125.77,121.4,4.36999999999999,Barremian,Barremian,Lower Cretaceous,Lower Cretaceous
Cruralispennia,,Avialae,Theropoda,Saurischia,False,1,Carnivore,132.6,125.77,6.829999999999998,Hauterivian,Hauterivian,Lower Cretaceous,Lower Cretaceous
Dunhuangia,,Avialae,Theropoda,Saurischia,False,1,Carnivore,121.4,113.0,8.400000000000006,Aptian,Aptian,Lower Cretaceous,Lower Cretaceous
Elektorornis,,Avialae,Theropoda,Saurischia,False,1,Carnivore,100.5,93.9,6.599999999999994,Cenomanian,Cenomanian,Upper Cretaceous,Upper Cretaceous
Elsornis,,Avialae,Theropoda,Saurischia,False,1,Carnivore,83.6,72.1,11.5,Campanian,Campanian,Upper Cretaceous,Upper Cretaceous
Eoalulavis,,Avialae,Theropoda,Saurischia,False,1,Carnivore,125.77,121.4,4.36999999999999,Barremian,Barremian,Lower Cretaceous,Lower Cretaceous
Eocathayornis,,Avialae,Theropoda,Saurischia,False,1,Carnivore,121.4,113.0,8.400000000000006,Aptian,Aptian,Lower Cretaceous,Lower Cretaceous
Eoenantiornis,Eoenantiornithidae,Avialae,Theropoda,Saurischia,False,1,Carnivore,125.77,119.5,6.269999999999996,Barremian,Aptian,Lower Cretaceous,Lower Cretaceous
Evgenavis,,Avialae,Theropoda,Saurischia,False,1,Carnivore,125.77,113.0,12.769999999999996,Barremian,Aptian,Lower Cretaceous,Lower Cretaceous
Falcatakely,,Avialae,Theropoda,Saurischia,False,1,Carnivore,72.1,66.0,6.099999999999994,Maastrichtian,Maastrichtian,Upper Cretaceous,Upper Cretaceous
Feitianius,,Avialae,Theropoda,Saurischia,False,1,Carnivore,121.4,113.0,8.400000000000006,Aptian,Aptian,Lower Cretaceous,Lower Cretaceous
Flexomornis,,Avialae,Theropoda,Saurischia,False,1,Carnivore,100.5,93.9,6.599999999999994,Cenomanian,Cenomanian,Upper Cretaceous,Upper Cretaceous
Fortipesavis,,Avialae,Theropoda,Saurischia,False,1,Carnivore,100.5,93.9,6.599999999999994,Cenomanian,Cenomanian,Upper Cretaceous,Upper Cretaceous
Gobipipus,,Avialae,Theropoda,Saurischia,False,1,Carnivore,83.6,72.1,11.5,Campanian,Campanian,Upper Cretaceous,Upper Cretaceous
Gobipteryx,Gobipterygidae,Avialae,Theropoda,Saurischia,False,1,Carnivore,83.6,66.0,17.599999999999994,Campanian,Maastrichtian,Upper Cretaceous,Upper Cretaceous
Houornis,,Avialae,Theropoda,Saurischia,False,1,Carnivore,121.4,113.0,8.400000000000006,Aptian,Aptian,Lower Cretaceous,Lower Cretaceous
Huoshanornis,,Avialae,Theropoda,Saurischia,False,1,Carnivore,121.4,113.0,8.400000000000006,Aptian,Aptian,Lower Cretaceous,Lower Cretaceous
Iberomesornis,Iberomesornithidae,Avialae,Theropoda,Saurischia,False,1,Carnivore,125.77,121.4,4.36999999999999,Barremian,Barremian,Lower Cretaceous,Lower Cretaceous
Junornis,,Avialae,Theropoda,Saurischia,False,1,Carnivore,125.77,119.5,6.269999999999996,Barremian,Aptian,Lower Cretaceous,Lower Cretaceous
Lectavis,,Avialae,Theropoda,Saurischia,False,1,Carnivore,72.1,66.0,6.099999999999994,Maastrichtian,Maastrichtian,Upper Cretaceous,Upper Cretaceous
Musivavis,,Avialae,Theropoda,Saurischia,False,1,Carnivore,121.4,113.0,8.400000000000006,Aptian,Aptian,Lower Cretaceous,Lower Cretaceous
Navaornis,,Avialae,Theropoda,Saurischia,False,1,Carnivore,83.6,66.0,17.599999999999994,Campanian,Maastrichtian,Upper Cretaceous,Upper Cretaceous
Noguerornis,,Avialae,Theropoda,Saurischia,False,1,Carnivore,125.77,121.4,4.36999999999999,Barremian,Barremian,Lower Cretaceous,Lower Cretaceous
Orienantius,,Avialae,Theropoda,Saurischia,False,1,Carnivore,132.6,125.77,6.829999999999998,Hauterivian,Hauterivian,Lower Cretaceous,Lower Cretaceous
Paraprotopteryx,,Avialae,Theropoda,Saurischia,False,1,Carnivore,132.6,125.77,6.829999999999998,Hauterivian,Hauterivian,Lower Cretaceous,Lower Cretaceous
Parvavis,,Avialae,Theropoda,Saurischia,False,1,Carnivore,93.9,83.6,10.300000000000011,Turonian,Santonian,Upper Cretaceous,Upper Cretaceous
Piscivorenantiornis,,Avialae,Theropoda,Saurischia,False,1,Carnivore,121.4,113.0,8.400000000000006,Aptian,Aptian,Lower Cretaceous,Lower Cretaceous
Protopteryx,Protopterygidae,Avialae,Theropoda,Saurischia,False,1,Carnivore,132.6,121.4,11.199999999999989,Hauterivian,Barremian,Lower Cretaceous,Lower Cretaceous
Qiliania,,Avialae,Theropoda,Saurischia,False,1,Carnivore,121.4,113.0,8.400000000000006,Aptian,Aptian,Lower Cretaceous,Lower Cretaceous
Sinornis,,Avialae,Theropoda,Saurischia,False,1,Carnivore,121.4,113.0,8.400000000000006,Aptian,Aptian,Lower Cretaceous,Lower Cretaceous
Vescornis,Gobipterygidae,Avialae,Theropoda,Saurischia,False,1,Carnivore,125.77,119.5,6.269999999999996,Barremian,Aptian,Lower Cretaceous,Lower Cretaceous
Xiangornis,,Avialae,Theropoda,Saurischia,False,1,Carnivore,121.4,113.0,8.400000000000006,Aptian,Aptian,Lower Cretaceous,Lower Cretaceous
Yatenavis,,Avialae,Theropoda,Saurischia,False,1,Carnivore,72.1,66.0,6.099999999999994,Maastrichtian,Maastrichtian,Upper Cretaceous,Upper Cretaceous
Yuanjiawaornis,,Avialae,Theropoda,Saurischia,False,1,Carnivore,121.4,113.0,8.400000000000006,Aptian,Aptian,Lower Cretaceous,Lower Cretaceous
Yungavolucris,,Avialae,Theropoda,Saurischia,False,1,Carnivore,72.1,66.0,6.099999999999994,Maastrichtian,Maastrichtian,Upper Cretaceous,Upper Cretaceous
Yuornis,,Avialae,Theropoda,Saurischia,False,1,Carnivore,72.1,66.0,6.099999999999994,Maastrichtian,Maastrichtian,Upper Cretaceous,Upper Cretaceous
Alamitornis,,Avialae,Theropoda,Saurischia,False,1,Carnivore,83.6,66.0,17.599999999999994,Campanian,Maastrichtian,Upper Cretaceous,Upper Cretaceous
Xinghaiornis,,Avialae,Theropoda,Saurischia,False,1,Carnivore,125.77,119.5,6.269999999999996,Barremian,Aptian,Lower Cretaceous,Lower Cretaceous
Kompsornis,,Avialae,Theropoda,Saurischia,False,1,Carnivore,121.4,113.0,8.400000000000006,Aptian,Aptian,Lower Cretaceous,Lower Cretaceous
Neimengornis,,Avialae,Theropoda,Saurischia,False,1,Carnivore,121.4,113.0,8.400000000000006,Aptian,Aptian,Lower Cretaceous,Lower Cretaceous
Alcmonavis,,Avialae,Theropoda,Saurischia,False,1,Carnivore,149.2,146.3,2.8999999999999773,Tithonian,Tithonian,Upper Jurassic,Upper Jurassic
Archaeopteryx,Archaeopterygidae,Non-Avian,Theropoda,Saurischia,False,3,"Piscivore, insectivore",149.2,121.4,27.799999999999983,Tithonian,Barremian,Upper Jurassic,Lower Cretaceous
Aurornis,Anchiornithidae,Non-Avian,Theropoda,Saurischia,False,1,Carnivore,168.2,152.2,16.0,Bathonian,Kimmeridgian,Middle Jurassic,Upper Jurassic
Dalianraptor,,Avialae,Theropoda,Saurischia,False,1,Carnivore,121.4,113.0,8.400000000000006,Aptian,Aptian,Lower Cretaceous,Lower Cretaceous
Fujianvenator,Anchiornithidae,Non-Avian,Theropoda,Saurischia,False,1,Carnivore,152.2,146.3,5.899999999999977,Kimmeridgian,Tithonian,Upper Jurassic,Upper Jurassic
Fukuipteryx,,Avialae,Theropoda,Saurischia,False,1,Carnivore,121.4,113.0,8.400000000000006,Aptian,Aptian,Lower Cretaceous,Lower Cretaceous
Ilerdopteryx,,Avialae,Theropoda,Saurischia,False,1,Carnivore,125.77,121.4,4.36999999999999,Barremian,Barremian,Lower Cretaceous,Lower Cretaceous
Changchengornis,Confuciusornithidae,Avialae,Theropoda,Saurischia,False,1,Carnivore,125.77,119.5,6.269999999999996,Barremian,Aptian,Lower Cretaceous,Lower Cretaceous
Confuciusornis,Confuciusornithidae,Avialae,Theropoda,Saurischia,False,3,Carnivore,125.77,113.0,12.769999999999996,Barremian,Aptian,Lower Cretaceous,Lower Cretaceous
Eoconfuciusornis,,Avialae,Theropoda,Saurischia,False,1,Carnivore,132.6,121.4,11.199999999999989,Hauterivian,Barremian,Lower Cretaceous,Lower Cretaceous
Jibeinia,,Avialae,Theropoda,Saurischia,False,1,Carnivore,125.77,119.5,6.269999999999996,Barremian,Aptian,Lower Cretaceous,Lower Cretaceous
Yangavis,Confuciusornithidae,Avialae,Theropoda,Saurischia,False,1,Carnivore,121.4,113.0,8.400000000000006,Aptian,Aptian,Lower Cretaceous,Lower Cretaceous
Chongmingia,Jinguofortisidae,Avialae,Theropoda,Saurischia,False,1,Carnivore,121.4,113.0,8.400000000000006,Aptian,Aptian,Lower Cretaceous,Lower Cretaceous
Cratonavis,Jinguofortisidae,Avialae,Theropoda,Saurischia,False,1,Carnivore,121.4,113.0,8.400000000000006,Aptian,Aptian,Lower Cretaceous,Lower Cretaceous
Jinguofortis,Jinguofortisidae,Avialae,Theropoda,Saurischia,False,1,Carnivore,125.77,121.4,4.36999999999999,Barremian,Barremian,Lower Cretaceous,Lower Cretaceous
Sapeornis,Omnivoropterygidae,Avialae,Theropoda,Saurischia,False,1,Carnivore,125.77,113.0,12.769999999999996,Barremian,Aptian,Lower Cretaceous,Lower Cretaceous
Gallornis,Zhyraornithidae,Avialae,Theropoda,Saurischia,False,1,Carnivore,132.6,125.77,6.829999999999998,Hauterivian,Hauterivian,Lower Cretaceous,Lower Cretaceous
Torotix,Torotigidae,Avialae,Theropoda,Saurischia,False,1,Carnivore,72.1,66.0,6.099999999999994,Maastrichtian,Maastrichtian,Upper Cretaceous,Upper Cretaceous
Tytthostonyx,Tytthostonychidae,Avialae,Theropoda,Saurischia,False,1,Carnivore,72.1,61.6,10.499999999999993,Maastrichtian,Maastrichtian,Upper Cretaceous,Upper Cretaceous
Lonchodytes,Tytthostonychidae,Avialae,Theropoda,Saurischia,False,1,Carnivore,72.1,66.0,6.099999999999994,Maastrichtian,Maastrichtian,Upper Cretaceous,Upper Cretaceous
Maaqwi,Tytthostonychidae,Avialae,Theropoda,Saurischia,False,1,Herbivore,83.6,72.1,11.5,Campanian,Campanian,Upper Cretaceous,Upper Cretaceous
Neogaeornis,Vegaviidae,Avialae,Theropoda,Saurischia,False,1,Herbivore,72.1,66.0,6.099999999999994,Maastrichtian,Maastrichtian,Upper Cretaceous,Upper Cretaceous
Polarornis,Vegaviidae,Avialae,Theropoda,Saurischia,False,1,Herbivore,72.1,66.0,6.099999999999994,Maastrichtian,Maastrichtian,Upper Cretaceous,Upper Cretaceous
Teviornis,Presbyornithidae,Avialae,Theropoda,Saurischia,False,1,Herbivore,72.1,66.0,6.099999999999994,Maastrichtian,Maastrichtian,Upper Cretaceous,Upper Cretaceous
Anatalavis,Presbyornithidae,Avialae,Theropoda,Saurischia,False,1,Herbivore,72.1,66.0,6.099999999999994,Maastrichtian,Maastrichtian,Upper Cretaceous,Upper Cretaceous
Vegavis,Vegaviidae,Avialae,Theropoda,Saurischia,False,1,Herbivore,72.1,66.0,6.099999999999994,Maastrichtian,Maastrichtian,Upper Cretaceous,Upper Cretaceous
Asteriornis,Vegaviidae,Avialae,Theropoda,Saurischia,False,1,Carnivore,72.1,66.0,6.099999999999994,Maastrichtian,Maastrichtian,Upper Cretaceous,Upper Cretaceous
Praeornis,Praeornithidae,Avialae,Theropoda,Saurischia,False,1,Carnivore,161.5,154.8,6.699999999999989,Oxfordian,Oxfordian,Upper Jurassic,Upper Jurassic
Ceramornis,Cimolopterygidae,Avialae,Theropoda,Saurischia,False,1,Carnivore,72.1,66.0,6.099999999999994,Maastrichtian,Maastrichtian,Upper Cretaceous,Upper Cretaceous
Cimolopteryx,Cimolopterygidae,Avialae,Theropoda,Saurischia,False,2,Carnivore,83.6,66.0,17.599999999999994,Campanian,Maastrichtian,Upper Cretaceous,Upper Cretaceous
Lamarqueavis,Cimolopterygidae,Avialae,Theropoda,Saurischia,False,3,Carnivore,83.6,66.0,17.599999999999994,Campanian,Maastrichtian,Upper Cretaceous,Upper Cretaceous
Laornis,Laornithidae,Avialae,Theropoda,Saurischia,False,1,Carnivore,72.1,66.0,6.099999999999994,Maastrichtian,Maastrichtian,Upper Cretaceous,Upper Cretaceous
Palaeotringa,Laornithidae,Avialae,Theropoda,Saurischia,False,2,Carnivore,72.1,61.6,10.499999999999993,Maastrichtian,Maastrichtian,Upper Cretaceous,Upper Cretaceous
Graculavus,Laornithidae,Avialae,Theropoda,Saurischia,False,2,Carnivore,72.1,61.6,10.499999999999993,Maastrichtian,Maastrichtian,Upper Cretaceous,Upper Cretaceous
Telmatornis,Laornithidae,Avialae,Theropoda,Saurischia,False,1,Carnivore,72.1,61.6,10.499999999999993,Maastrichtian,Maastrichtian,Upper Cretaceous,Upper Cretaceous
Mystiornis,Avisauridae,Avialae,Theropoda,Saurischia,False,1,Carnivore,121.4,113.0,8.400000000000006,Aptian,Aptian,Lower Cretaceous,Lower Cretaceous
Omnivoropteryx,Omnivoropterygidae,Avialae,Theropoda,Saurischia,False,1,Carnivore,121.4,113.0,8.400000000000006,Aptian,Aptian,Lower Cretaceous,Lower Cretaceous
Yandangornis,Yandangithidae,Avialae,Theropoda,Saurischia,False,1,Carnivore,83.6,72.1,11.5,Campanian,Campanian,Upper Cretaceous,Upper Cretaceous
Ignotornis,Laornithidae,Avialae,Theropoda,Saurischia,False,3,Carnivore,121.4,100.5,20.900000000000006,Aptian,Albian,Lower Cretaceous,Lower Cretaceous
Jeholornis,Jeholornithidae,Avialae,Theropoda,Saurischia,False,3,Carnivore,125.77,113.0,12.769999999999996,Barremian,Aptian,Lower Cretaceous,Lower Cretaceous
Jixiangornis,,Avialae,Theropoda,Saurischia,False,1,Carnivore,125.77,119.5,6.269999999999996,Barremian,Aptian,Lower Cretaceous,Lower Cretaceous
Proornis,Proornithidae,Avialae,Theropoda,Saurischia,False,1,Carnivore,145.0,100.5,44.5,Berriasian,Albian,Lower Cretaceous,Lower Cretaceous
Shenzhouraptor,Jeholornithidae,Avialae,Theropoda,Saurischia,False,1,Carnivore,125.77,119.5,6.269999999999996,Barremian,Aptian,Lower Cretaceous,Lower Cretaceous
Boreonykus,Dromaeosauridae,Non-Avian,Theropoda,Saurischia,False,1,Carnivore,83.6,72.1,11.5,Campanian,Campanian,Upper Cretaceous,Upper Cretaceous
Dakotaraptor,,Non-Avian,Theropoda,Saurischia,False,1,Carnivore,72.1,66.0,6.099999999999994,Maastrichtian,Maastrichtian,Upper Cretaceous,Upper Cretaceous
Dromaeosaurus,Dromaeosauridae,Non-Avian,Theropoda,Saurischia,False,2,Carnivore,109.9,66.0,43.900000000000006,Albian,Maastrichtian,Lower Cretaceous,Upper Cretaceous
Itemirus,Dromaeosauridae,Non-Avian,Theropoda,Saurischia,False,1,Carnivore,93.9,89.8,4.1000000000000085,Turonian,Turonian,Upper Cretaceous,Upper Cretaceous
Yurgovuchia,Dromaeosauridae,Non-Avian,Theropoda,Saurischia,False,1,Carnivore,140.6,132.6,8.0,Berriasian,Valanginian,Lower Cretaceous,Lower Cretaceous
Atrociraptor,Dromaeosauridae,Non-Avian,Theropoda,Saurischia,False,1,Carnivore,83.6,66.0,17.599999999999994,Campanian,Maastrichtian,Upper Cretaceous,Upper Cretaceous
Saurornitholestes,Dromaeosauridae,Non-Avian,Theropoda,Saurischia,False,2,Carnivore,83.6,66.0,17.599999999999994,Campanian,Maastrichtian,Upper Cretaceous,Upper Cretaceous
Acheroraptor,Dromaeosauridae,Non-Avian,Theropoda,Saurischia,False,1,Carnivore,72.1,66.0,6.099999999999994,Maastrichtian,Maastrichtian,Upper Cretaceous,Upper Cretaceous
Dineobellator,Dromaeosauridae,Non-Avian,Theropoda,Saurischia,False,1,Carnivore,72.1,66.0,6.099999999999994,Maastrichtian,Maastrichtian,Upper Cretaceous,Upper Cretaceous
Kansaignathus,Dromaeosauridae,Non-Avian,Theropoda,Saurischia,False,1,Carnivore,86.3,83.6,2.700000000000003,Santonian,Santonian,Upper Cretaceous,Upper Cretaceous
Linheraptor,Dromaeosauridae,Non-Avian,Theropoda,Saurischia,False,1,Carnivore,83.6,72.1,11.5,Campanian,Campanian,Upper Cretaceous,Upper Cretaceous
Tsaagan,Dromaeosauridae,Non-Avian,Theropoda,Saurischia,False,1,Carnivore,83.6,72.1,11.5,Campanian,Campanian,Upper Cretaceous,Upper Cretaceous
Velociraptor,Dromaeosauridae,Non-Avian,Theropoda,Saurischia,False,2,Carnivore,89.8,66.0,23.799999999999997,Coniacian,Maastrichtian,Upper Cretaceous,Upper Cretaceous
Achillobator,Dromaeosauridae,Non-Avian,Theropoda,Saurischia,False,1,Carnivore,100.5,83.6,16.900000000000006,Cenomanian,Santonian,Upper Cretaceous,Upper Cretaceous
Adasaurus,Dromaeosauridae,Non-Avian,Theropoda,Saurischia,False,1,Carnivore,72.1,66.0,6.099999999999994,Maastrichtian,Maastrichtian,Upper Cretaceous,Upper Cretaceous
Deinonychus,Dromaeosauridae,Non-Avian,Theropoda,Saurischia,False,1,Carnivore,145.0,93.9,51.099999999999994,Berriasian,Cenomanian,Lower Cretaceous,Upper Cretaceous
Utahraptor,Dromaeosauridae,Non-Avian,Theropoda,Saurischia,False,1,Carnivore,139.8,132.6,7.200000000000017,Valanginian,Valanginian,Lower Cretaceous,Lower Cretaceous
Vectiraptor,Dromaeosauridae,Non-Avian,Theropoda,Saurischia,False,1,Carnivore,125.77,121.4,4.36999999999999,Barremian,Barremian,Lower Cretaceous,Lower Cretaceous
Halszkaraptor,Dromaeosauridae,Non-Avian,Theropoda,Saurischia,False,1,Carnivore,83.6,72.1,11.5,Campanian,Campanian,Upper Cretaceous,Upper Cretaceous
Hulsanpes,Dromaeosauridae,Non-Avian,Theropoda,Saurischia,False,1,Carnivore,83.6,72.1,11.5,Campanian,Campanian,Upper Cretaceous,Upper Cretaceous
Mahakala,Dromaeosauridae,Non-Avian,Theropoda,Saurischia,False,1,Carnivore,83.6,72.1,11.5,Campanian,Campanian,Upper Cretaceous,Upper Cretaceous
Natovenator,Dromaeosauridae,Non-Avian,Theropoda,Saurischia,False,1,Carnivore,83.6,72.1,11.5,Campanian,Campanian,Upper Cretaceous,Upper Cretaceous
Changyuraptor,Dromaeosauridae,Non-Avian,Theropoda,Saurischia,False,1,Carnivore,125.77,119.5,6.269999999999996,Barremian,Aptian,Lower Cretaceous,Lower Cretaceous
Graciliraptor,Dromaeosauridae,Non-Avian,Theropoda,Saurischia,False,1,Carnivore,125.77,119.5,6.269999999999996,Barremian,Aptian,Lower Cretaceous,Lower Cretaceous
Hesperonychus,,Non-Avian,Theropoda,Saurischia,False,1,Carnivore,83.6,72.1,11.5,Campanian,Campanian,Upper Cretaceous,Upper Cretaceous
Microraptor,Dromaeosauridae,Non-Avian,Theropoda,Saurischia,False,3,Carnivore,121.4,113.0,8.400000000000006,Aptian,Aptian,Lower Cretaceous,Lower Cretaceous
Shanag,Dromaeosauridae,Non-Avian,Theropoda,Saurischia,False,1,Carnivore,145.0,100.5,44.5,Berriasian,Albian,Lower Cretaceous,Lower Cretaceous
Sinornithosaurus,Dromaeosauridae,Non-Avian,Theropoda,Saurischia,False,1,Carnivore,125.77,119.5,6.269999999999996,Barremian,Aptian,Lower Cretaceous,Lower Cretaceous
Zhongjianosaurus,Dromaeosauridae,Non-Avian,Theropoda,Saurischia,False,1,Carnivore,121.4,113.0,8.400000000000006,Aptian,Aptian,Lower Cretaceous,Lower Cretaceous
Austroraptor,Dromaeosauridae,Non-Avian,Theropoda,Saurischia,False,1,Carnivore,83.6,66.0,17.599999999999994,Campanian,Maastrichtian,Upper Cretaceous,Upper Cretaceous
Buitreraptor,Dromaeosauridae,Non-Avian,Theropoda,Saurischia,False,1,Carnivore,100.5,93.9,6.599999999999994,Cenomanian,Cenomanian,Upper Cretaceous,Upper Cretaceous
Diuqin,Dromaeosauridae,Non-Avian,Theropoda,Saurischia,False,1,Carnivore,86.3,83.6,2.700000000000003,Santonian,Santonian,Upper Cretaceous,Upper Cretaceous
Neuquenraptor,Dromaeosauridae,Non-Avian,Theropoda,Saurischia,False,1,Carnivore,93.9,86.3,7.6000000000000085,Turonian,Coniacian,Upper Cretaceous,Upper Cretaceous
Rahonavis,,Non-Avian,Theropoda,Saurischia,False,1,Carnivore,72.1,66.0,6.099999999999994,Maastrichtian,Maastrichtian,Upper Cretaceous,Upper Cretaceous
Unenlagia,Dromaeosauridae,Non-Avian,Theropoda,Saurischia,False,2,Carnivore,93.9,86.3,7.6000000000000085,Turonian,Coniacian,Upper Cretaceous,Upper Cretaceous
Ypupiara,Dromaeosauridae,Non-Avian,Theropoda,Saurischia,False,1,Carnivore,72.1,66.0,6.099999999999994,Maastrichtian,Maastrichtian,Upper Cretaceous,Upper Cretaceous
Balaur,,Non-Avian,Theropoda,Saurischia,False,1,Carnivore,72.1,66.0,6.099999999999994,Maastrichtian,Maastrichtian,Upper Cretaceous,Upper Cretaceous
Bambiraptor,Dromaeosauridae,Non-Avian,Theropoda,Saurischia,False,1,Carnivore,83.6,72.1,11.5,Campanian,Campanian,Upper Cretaceous,Upper Cretaceous
Daurlong,Dromaeosauridae,Non-Avian,Theropoda,Saurischia,False,1,Carnivore,121.4,119.5,1.9000000000000057,Aptian,Aptian,Lower Cretaceous,Lower Cretaceous
Dromaeosauroides,Dromaeosauridae,Non-Avian,Theropoda,Saurischia,False,1,Carnivore,140.6,139.8,0.799999999999983,Berriasian,Berriasian,Lower Cretaceous,Lower Cretaceous
Imperobator,Dromaeosauridae,Non-Avian,Theropoda,Saurischia,False,1,Carnivore,72.1,66.0,6.099999999999994,Maastrichtian,Maastrichtian,Upper Cretaceous,Upper Cretaceous
Kuru,Dromaeosauridae,Non-Avian,Theropoda,Saurischia,False,1,Carnivore,83.6,72.1,11.5,Campanian,Campanian,Upper Cretaceous,Upper Cretaceous
Luanchuanraptor,Dromaeosauridae,Non-Avian,Theropoda,Saurischia,False,1,Carnivore,72.1,66.0,6.099999999999994,Maastrichtian,Maastrichtian,Upper Cretaceous,Upper Cretaceous
Nuthetes,,Non-Avian,Theropoda,Saurischia,False,1,Carnivore,145.0,139.8,5.199999999999989,Berriasian,Berriasian,Lower Cretaceous,Lower Cretaceous
Pyroraptor,Dromaeosauridae,Non-Avian,Theropoda,Saurischia,False,1,Carnivore,83.6,66.0,17.599999999999994,Campanian,Maastrichtian,Upper Cretaceous,Upper Cretaceous
Richardoestesia,,Non-Avian,Theropoda,Saurischia,False,4,Carnivore,154.8,66.0,88.80000000000001,Kimmeridgian,Maastrichtian,Upper Jurassic,Upper Cretaceous
Shri,Dromaeosauridae,Non-Avian,Theropoda,Saurischia,False,1,Carnivore,83.6,72.1,11.5,Campanian,Campanian,Upper Cretaceous,Upper Cretaceous
Tianyuraptor,Dromaeosauridae,Non-Avian,Theropoda,Saurischia,False,1,Carnivore,125.77,119.5,6.269999999999996,Barremian,Aptian,Lower Cretaceous,Lower Cretaceous
Variraptor,Dromaeosauridae,Non-Avian,Theropoda,Saurischia,False,1,Carnivore,83.6,66.0,17.599999999999994,Campanian,Maastrichtian,Upper Cretaceous,Upper Cretaceous
Wulong,Dromaeosauridae,Non-Avian,Theropoda,Saurischia,False,1,Carnivore,121.4,113.0,8.400000000000006,Aptian,Aptian,Lower Cretaceous,Lower Cretaceous
Zhenyuanlong,Dromaeosauridae,Non-Avian,Theropoda,Saurischia,False,1,Carnivore,125.77,119.5,6.269999999999996,Barremian,Aptian,Lower Cretaceous,Lower Cretaceous
Jinfengopteryx,Troodontidae,Non-Avian,Theropoda,Saurischia,False,1,"Carnivore, omnivore",125.77,121.4,4.36999999999999,Barremian,Barremian,Lower Cretaceous,Lower Cretaceous
Liaoningvenator,Troodontidae,Non-Avian,Theropoda,Saurischia,False,1,"Carnivore, omnivore",125.77,119.5,6.269999999999996,Barremian,Aptian,Lower Cretaceous,Lower Cretaceous
Philovenator,Troodontidae,Non-Avian,Theropoda,Saurischia,False,1,"Carnivore, omnivore",83.6,72.1,11.5,Campanian,Campanian,Upper Cretaceous,Upper Cretaceous
Tamarro,Troodontidae,Non-Avian,Theropoda,Saurischia,False,1,"Carnivore, omnivore",72.1,66.0,6.099999999999994,Maastrichtian,Maastrichtian,Upper Cretaceous,Upper Cretaceous
Jianianhualong,Troodontidae,Non-Avian,Theropoda,Saurischia,False,1,"Carnivore, omnivore",125.77,119.5,6.269999999999996,Barremian,Aptian,Lower Cretaceous,Lower Cretaceous
Mei,Troodontidae,Non-Avian,Theropoda,Saurischia,False,1,"Carnivore, omnivore",125.77,119.5,6.269999999999996,Barremian,Aptian,Lower Cretaceous,Lower Cretaceous
Sinovenator,Troodontidae,Non-Avian,Theropoda,Saurischia,False,1,"Carnivore, omnivore",125.77,119.5,6.269999999999996,Barremian,Aptian,Lower Cretaceous,Lower Cretaceous
Xiaotingia,Anchiornithidae,Non-Avian,Theropoda,Saurischia,False,1,"Carnivore, omnivore",168.2,152.2,16.0,Bathonian,Kimmeridgian,Middle Jurassic,Upper Jurassic
Borogovia,Troodontidae,Non-Avian,Theropoda,Saurischia,False,1,"Carnivore, omnivore",72.1,66.0,6.099999999999994,Maastrichtian,Maastrichtian,Upper Cretaceous,Upper Cretaceous
Byronosaurus,Troodontidae,Non-Avian,Theropoda,Saurischia,False,1,"Carnivore, omnivore",83.6,72.1,11.5,Campanian,Campanian,Upper Cretaceous,Upper Cretaceous
Hypnovenator,Troodontidae,Non-Avian,Theropoda,Saurischia,False,1,"Carnivore, omnivore",113.0,106.2,6.799999999999997,Albian,Albian,Lower Cretaceous,Lower Cretaceous
Latenivenatrix,Troodontidae,Non-Avian,Theropoda,Saurischia,False,1,"Carnivore, omnivore",83.6,72.1,11.5,Campanian,Campanian,Upper Cretaceous,Upper Cretaceous
Linhevenator,Troodontidae,Non-Avian,Theropoda,Saurischia,False,1,"Carnivore, omnivore",83.6,72.1,11.5,Campanian,Campanian,Upper Cretaceous,Upper Cretaceous
Saurornithoides,Troodontidae,Non-Avian,Theropoda,Saurischia,False,1,"Carnivore, omnivore",100.5,66.0,34.5,Cenomanian,Maastrichtian,Upper Cretaceous,Upper Cretaceous
Sinornithoides,Troodontidae,Non-Avian,Theropoda,Saurischia,False,1,"Carnivore, omnivore",113.0,109.9,3.0999999999999943,Albian,Albian,Lower Cretaceous,Lower Cretaceous
Stenonychosaurus,Troodontidae,Non-Avian,Theropoda,Saurischia,False,1,"Carnivore, omnivore",83.6,66.0,17.599999999999994,Campanian,Maastrichtian,Upper Cretaceous,Upper Cretaceous
Talos,Troodontidae,Non-Avian,Theropoda,Saurischia,False,1,"Carnivore, omnivore",83.6,72.1,11.5,Campanian,Campanian,Upper Cretaceous,Upper Cretaceous
Troodon,Troodontidae,Non-Avian,Theropoda,Saurischia,False,1,"Carnivore, omnivore",83.6,66.0,17.599999999999994,Campanian,Maastrichtian,Upper Cretaceous,Upper Cretaceous
Urbacodon,Troodontidae,Non-Avian,Theropoda,Saurischia,False,2,"Carnivore, omnivore",125.77,72.1,53.67,Barremian,Campanian,Lower Cretaceous,Upper Cretaceous
Zanabazar,Troodontidae,Non-Avian,Theropoda,Saurischia,False,1,"Carnivore, omnivore",72.1,66.0,6.099999999999994,Maastrichtian,Maastrichtian,Upper Cretaceous,Upper Cretaceous
Albertavenator,Troodontidae,Non-Avian,Theropoda,Saurischia,False,1,"Carnivore, omnivore",83.6,66.0,17.599999999999994,Campanian,Maastrichtian,Upper Cretaceous,Upper Cretaceous
Almas,Troodontidae,Non-Avian,Theropoda,Saurischia,False,1,"Carnivore, omnivore",83.6,72.1,11.5,Campanian,Campanian,Upper Cretaceous,Upper Cretaceous
Anchiornis,Anchiornithidae,Non-Avian,Theropoda,Saurischia,False,1,"Carnivore, omnivore",168.2,152.2,16.0,Bathonian,Kimmeridgian,Middle Jurassic,Upper Jurassic
Archaeornithoides,Troodontidae,Non-Avian,Theropoda,Saurischia,False,1,"Carnivore, omnivore",83.6,72.1,11.5,Campanian,Campanian,Upper Cretaceous,Upper Cretaceous
Daliansaurus,Troodontidae,Non-Avian,Theropoda,Saurischia,False,1,"Carnivore, omnivore",125.77,119.5,6.269999999999996,Barremian,Aptian,Lower Cretaceous,Lower Cretaceous
Geminiraptor,Troodontidae,Non-Avian,Theropoda,Saurischia,False,1,"Carnivore, omnivore",139.8,132.6,7.200000000000017,Valanginian,Valanginian,Lower Cretaceous,Lower Cretaceous
Gobivenator,Troodontidae,Non-Avian,Theropoda,Saurischia,False,1,"Carnivore, omnivore",83.6,72.1,11.5,Campanian,Campanian,Upper Cretaceous,Upper Cretaceous
Harenadraco,Troodontidae,Non-Avian,Theropoda,Saurischia,False,1,"Carnivore, omnivore",83.6,72.1,11.5,Campanian,Campanian,Upper Cretaceous,Upper Cretaceous
Hesperornithoides,Troodontidae,Non-Avian,Theropoda,Saurischia,False,1,"Carnivore, omnivore",154.8,145.0,9.800000000000011,Kimmeridgian,Tithonian,Upper Jurassic,Upper Jurassic
Papiliovenator,Troodontidae,Non-Avian,Theropoda,Saurischia,False,1,"Carnivore, omnivore",83.6,72.1,11.5,Campanian,Campanian,Upper Cretaceous,Upper Cretaceous
Pectinodon,Troodontidae,Non-Avian,Theropoda,Saurischia,False,1,"Carnivore, omnivore",100.5,66.0,34.5,Cenomanian,Maastrichtian,Upper Cretaceous,Upper Cretaceous
Sinusonasus,Troodontidae,Non-Avian,Theropoda,Saurischia,False,1,"Carnivore, omnivore",125.77,119.5,6.269999999999996,Barremian,Aptian,Lower Cretaceous,Lower Cretaceous
Tochisaurus,Troodontidae,Non-Avian,Theropoda,Saurischia,False,1,"Carnivore, omnivore",72.1,66.0,6.099999999999994,Maastrichtian,Maastrichtian,Upper Cretaceous,Upper Cretaceous
Xixiasaurus,Troodontidae,Non-Avian,Theropoda,Saurischia,False,1,"Carnivore, omnivore",89.8,72.1,17.700000000000003,Coniacian,Campanian,Upper Cretaceous,Upper Cretaceous
Pamparaptor,Dromaeosauridae,Non-Avian,Theropoda,Saurischia,False,1,Carnivore,93.9,86.3,7.6000000000000085,Turonian,Coniacian,Upper Cretaceous,Upper Cretaceous
Caihong,Anchiornithidae,Non-Avian,Theropoda,Saurischia,False,1,Carnivore,161.5,154.8,6.699999999999989,Oxfordian,Oxfordian,Upper Jurassic,Upper Jurassic
Eosinopteryx,Anchiornithidae,Non-Avian,Theropoda,Saurischia,False,1,Carnivore,168.2,152.2,16.0,Bathonian,Kimmeridgian,Middle Jurassic,Upper Jurassic
Epidendrosaurus,Scansoriopterygidae,Non-Avian,Theropoda,Saurischia,False,1,Carnivore,165.3,161.5,3.8000000000000114,Callovian,Callovian,Middle Jurassic,Middle Jurassic
Epidexipteryx,Scansoriopterygidae,Non-Avian,Theropoda,Saurischia,False,1,Carnivore,165.3,161.5,3.8000000000000114,Callovian,Callovian,Middle Jurassic,Middle Jurassic
Overoraptor,,Non-Avian,Theropoda,Saurischia,False,1,Carnivore,100.5,89.8,10.700000000000003,Cenomanian,Turonian,Upper Cretaceous,Upper Cretaceous
Paronychodon,Troodontidae,Non-Avian,Theropoda,Saurischia,False,1,Carnivore,154.8,66.0,88.80000000000001,Kimmeridgian,Maastrichtian,Upper Jurassic,Upper Cretaceous
Pedopenna,Anchiornithidae,Non-Avian,Theropoda,Saurischia,False,1,Carnivore,165.3,161.5,3.8000000000000114,Callovian,Callovian,Middle Jurassic,Middle Jurassic
Pneumatoraptor,,Non-Avian,Theropoda,Saurischia,False,1,Carnivore,86.3,83.6,2.700000000000003,Santonian,Santonian,Upper Cretaceous,Upper Cretaceous
Serikornis,Anchiornithidae,Non-Avian,Theropoda,Saurischia,False,1,Carnivore,161.5,154.8,6.699999999999989,Oxfordian,Oxfordian,Upper Jurassic,Upper Jurassic
Zhongornis,,Avialae,Theropoda,Saurischia,False,1,Carnivore,125.77,119.5,6.269999999999996,Barremian,Aptian,Lower Cretaceous,Lower Cretaceous
Anzu,Caenagnathidae,Non-Avian,Theropoda,Saurischia,False,1,Omnivore,72.1,66.0,6.099999999999994,Maastrichtian,Maastrichtian,Upper Cretaceous,Upper Cretaceous
Apatoraptor,Caenagnathidae,Non-Avian,Theropoda,Saurischia,False,1,Omnivore,72.1,66.0,6.099999999999994,Maastrichtian,Maastrichtian,Upper Cretaceous,Upper Cretaceous
Caenagnathasia,Caenagnathidae,Non-Avian,Theropoda,Saurischia,False,1,Omnivore,93.9,72.1,21.80000000000001,Turonian,Campanian,Upper Cretaceous,Upper Cretaceous
Caenagnathus,Caenagnathidae,Non-Avian,Theropoda,Saurischia,False,1,Omnivore,83.6,66.0,17.599999999999994,Campanian,Maastrichtian,Upper Cretaceous,Upper Cretaceous
Citipes,Caenagnathidae,Non-Avian,Theropoda,Saurischia,False,1,Omnivore,83.6,66.0,17.599999999999994,Campanian,Maastrichtian,Upper Cretaceous,Upper Cretaceous
Elmisaurus,Caenagnathidae,Non-Avian,Theropoda,Saurischia,False,1,Omnivore,72.1,66.0,6.099999999999994,Maastrichtian,Maastrichtian,Upper Cretaceous,Upper Cretaceous
Epichirostenotes,Caenagnathidae,Non-Avian,Theropoda,Saurischia,False,1,Omnivore,83.6,72.1,11.5,Campanian,Campanian,Upper Cretaceous,Upper Cretaceous
Hagryphus,Caenagnathidae,Non-Avian,Theropoda,Saurischia,False,1,Omnivore,83.6,72.1,11.5,Campanian,Campanian,Upper Cretaceous,Upper Cretaceous
Anomalipes,Caenagnathidae,Non-Avian,Theropoda,Saurischia,False,1,Omnivore,83.6,72.1,11.5,Campanian,Campanian,Upper Cretaceous,Upper Cretaceous
Beibeilong,Caenagnathidae,Non-Avian,Theropoda,Saurischia,False,1,Omnivore,100.5,89.8,10.700000000000003,Cenomanian,Turonian,Upper Cretaceous,Upper Cretaceous
Chirostenotes,Caenagnathidae,Non-Avian,Theropoda,Saurischia,False,1,Omnivore,83.6,66.0,17.599999999999994,Campanian,Maastrichtian,Upper Cretaceous,Upper Cretaceous
Eoneophron,Caenagnathidae,Non-Avian,Theropoda,Saurischia,False,1,Omnivore,72.1,66.0,6.099999999999994,Maastrichtian,Maastrichtian,Upper Cretaceous,Upper Cretaceous
Gigantoraptor,Caenagnathidae,Non-Avian,Theropoda,Saurischia,False,1,Omnivore,83.6,72.1,11.5,Campanian,Campanian,Upper Cretaceous,Upper Cretaceous
Leptorhynchos,Caenagnathidae,Non-Avian,Theropoda,Saurischia,False,2,Omnivore,83.6,66.0,17.599999999999994,Campanian,Maastrichtian,Upper Cretaceous,Upper Cretaceous
Microvenator,Caenagnathidae,Non-Avian,Theropoda,Saurischia,False,2,Omnivore,121.4,93.9,27.5,Aptian,Cenomanian,Lower Cretaceous,Upper Cretaceous
Similicaudipteryx,Caudipteridae,Non-Avian,Theropoda,Saurischia,False,1,Omnivore,121.4,113.0,8.400000000000006,Aptian,Aptian,Lower Cretaceous,Lower Cretaceous
Xingtianosaurus,Caudipteridae,Non-Avian,Theropoda,Saurischia,False,1,Omnivore,125.77,119.5,6.269999999999996,Barremian,Aptian,Lower Cretaceous,Lower Cretaceous
Citipati,Oviraptoridae,Non-Avian,Theropoda,Saurischia,False,1,Omnivore,83.6,72.1,11.5,Campanian,Campanian,Upper Cretaceous,Upper Cretaceous
Corythoraptor,Oviraptoridae,Non-Avian,Theropoda,Saurischia,False,1,Omnivore,72.1,66.0,6.099999999999994,Maastrichtian,Maastrichtian,Upper Cretaceous,Upper Cretaceous
Huanansaurus,Oviraptoridae,Non-Avian,Theropoda,Saurischia,False,1,Omnivore,72.1,66.0,6.099999999999994,Maastrichtian,Maastrichtian,Upper Cretaceous,Upper Cretaceous
Rinchenia,Oviraptoridae,Non-Avian,Theropoda,Saurischia,False,1,Omnivore,72.1,66.0,6.099999999999994,Maastrichtian,Maastrichtian,Upper Cretaceous,Upper Cretaceous
Tongtianlong,Oviraptoridae,Non-Avian,Theropoda,Saurischia,False,1,Omnivore,72.1,66.0,6.099999999999994,Maastrichtian,Maastrichtian,Upper Cretaceous,Upper Cretaceous
Wulatelong,Oviraptoridae,Non-Avian,Theropoda,Saurischia,False,1,Omnivore,83.6,72.1,11.5,Campanian,Campanian,Upper Cretaceous,Upper Cretaceous
Banji,Oviraptoridae,Non-Avian,Theropoda,Saurischia,False,1,Omnivore,72.1,66.0,6.099999999999994,Maastrichtian,Maastrichtian,Upper Cretaceous,Upper Cretaceous
Conchoraptor,Oviraptoridae,Non-Avian,Theropoda,Saurischia,False,1,Omnivore,83.6,72.1,11.5,Campanian,Campanian,Upper Cretaceous,Upper Cretaceous
Ganzhousaurus,Oviraptoridae,Non-Avian,Theropoda,Saurischia,False,1,Omnivore,72.1,66.0,6.099999999999994,Maastrichtian,Maastrichtian,Upper Cretaceous,Upper Cretaceous
Heyuannia,Oviraptoridae,Non-Avian,Theropoda,Saurischia,False,2,Omnivore,83.6,66.0,17.599999999999994,Campanian,Maastrichtian,Upper Cretaceous,Upper Cretaceous
Jiangxisaurus,Oviraptoridae,Non-Avian,Theropoda,Saurischia,False,1,Omnivore,72.1,66.0,6.099999999999994,Maastrichtian,Maastrichtian,Upper Cretaceous,Upper Cretaceous
Khaan,Oviraptoridae,Non-Avian,Theropoda,Saurischia,False,1,Omnivore,83.6,72.1,11.5,Campanian,Campanian,Upper Cretaceous,Upper Cretaceous
Machairasaurus,Oviraptoridae,Non-Avian,Theropoda,Saurischia,False,1,Omnivore,83.6,72.1,11.5,Campanian,Campanian,Upper Cretaceous,Upper Cretaceous
Nemegtomaia,Oviraptoridae,Non-Avian,Theropoda,Saurischia,False,1,Omnivore,83.6,66.0,17.599999999999994,Campanian,Maastrichtian,Upper Cretaceous,Upper Cretaceous
Oksoko,Oviraptoridae,Non-Avian,Theropoda,Saurischia,False,1,Omnivore,72.1,66.0,6.099999999999994,Maastrichtian,Maastrichtian,Upper Cretaceous,Upper Cretaceous
Shixinggia,Oviraptoridae,Non-Avian,Theropoda,Saurischia,False,1,Omnivore,72.1,66.0,6.099999999999994,Maastrichtian,Maastrichtian,Upper Cretaceous,Upper Cretaceous
Gobiraptor,Oviraptoridae,Non-Avian,Theropoda,Saurischia,False,1,Omnivore,72.1,66.0,6.099999999999994,Maastrichtian,Maastrichtian,Upper Cretaceous,Upper Cretaceous
Luoyanggia,Oviraptoridae,Non-Avian,Theropoda,Saurischia,False,1,Omnivore,121.4,100.5,20.900000000000006,Aptian,Albian,Lower Cretaceous,Lower Cretaceous
Nankangia,,Non-Avian,Theropoda,Saurischia,False,1,Omnivore,72.1,66.0,6.099999999999994,Maastrichtian,Maastrichtian,Upper Cretaceous,Upper Cretaceous
Oviraptor,Oviraptoridae,Non-Avian,Theropoda,Saurischia,False,1,Omnivore,89.8,72.1,17.700000000000003,Coniacian,Campanian,Upper Cretaceous,Upper Cretaceous
Yulong,Oviraptoridae,Non-Avian,Theropoda,Saurischia,False,1,Omnivore,72.1,66.0,6.099999999999994,Maastrichtian,Maastrichtian,Upper Cretaceous,Upper Cretaceous
Avimimus,Avimimidae,Non-Avian,Theropoda,Saurischia,False,2,Omnivore,83.6,66.0,17.599999999999994,Campanian,Maastrichtian,Upper Cretaceous,Upper Cretaceous
Caudipteryx,Caudipteridae,Non-Avian,Theropoda,Saurischia,False,2,Omnivore,125.77,119.5,6.269999999999996,Barremian,Aptian,Lower Cretaceous,Lower Cretaceous
Incisivosaurus,,Non-Avian,Theropoda,Saurischia,False,1,Omnivore,125.77,100.5,25.269999999999996,Barremian,Albian,Lower Cretaceous,Lower Cretaceous
Ningyuansaurus,,Non-Avian,Theropoda,Saurischia,False,1,Omnivore,125.77,119.5,6.269999999999996,Barremian,Aptian,Lower Cretaceous,Lower Cretaceous
Protarchaeopteryx,,Non-Avian,Theropoda,Saurischia,False,1,Omnivore,125.77,119.5,6.269999999999996,Barremian,Aptian,Lower Cretaceous,Lower Cretaceous
Saurexallopus,,Non-Avian,Theropoda,Saurischia,False,3,Omnivore,72.1,66.0,6.099999999999994,Maastrichtian,Maastrichtian,Upper Cretaceous,Upper Cretaceous
Ambopteryx,Scansoriopterygidae,Non-Avian,Theropoda,Saurischia,False,1,Carnivore,161.5,145.0,16.5,Oxfordian,Tithonian,Upper Jurassic,Upper Jurassic
Scansoriopteryx,Scansoriopterygidae,Non-Avian,Theropoda,Saurischia,False,1,Carnivore,125.77,119.5,6.269999999999996,Barremian,Aptian,Lower Cretaceous,Lower Cretaceous
Yi,Scansoriopterygidae,Non-Avian,Theropoda,Saurischia,False,1,Carnivore,165.3,154.8,10.5,Callovian,Oxfordian,Middle Jurassic,Upper Jurassic
Migmanychion,,Non-Avian,Theropoda,Saurischia,False,1,Carnivore,121.4,119.5,1.9000000000000057,Aptian,Aptian,Lower Cretaceous,Lower Cretaceous
Yixianosaurus,,Non-Avian,Theropoda,Saurischia,False,1,Carnivore,125.77,119.5,6.269999999999996,Barremian,Aptian,Lower Cretaceous,Lower Cretaceous
Deinocheirus,Deinocheiridae,Non-Avian,Theropoda,Saurischia,False,1,"Herbivore, omnivore",100.5,66.0,34.5,Cenomanian,Maastrichtian,Upper Cretaceous,Upper Cretaceous
Garudimimus,,Non-Avian,Theropoda,Saurischia,False,1,"Herbivore, omnivore",100.5,83.6,16.900000000000006,Cenomanian,Santonian,Upper Cretaceous,Upper Cretaceous
Harpymimus,Harpymimidae,Non-Avian,Theropoda,Saurischia,False,1,"Herbivore, omnivore",109.9,100.5,9.400000000000006,Albian,Albian,Lower Cretaceous,Lower Cretaceous
Paraxenisaurus,Deinocheiridae,Non-Avian,Theropoda,Saurischia,False,1,"Herbivore, omnivore",83.6,72.1,11.5,Campanian,Campanian,Upper Cretaceous,Upper Cretaceous
Tyrannomimus,Deinocheiridae,Non-Avian,Theropoda,Saurischia,False,1,"Herbivore, omnivore",121.4,113.0,8.400000000000006,Aptian,Aptian,Lower Cretaceous,Lower Cretaceous
Lepidocheirosaurus,,,Neornithischia,Ornithischia,False,1,"Herbivore, omnivore",168.2,145.0,23.19999999999999,Bathonian,Tithonian,Middle Jurassic,Upper Jurassic
Aepyornithomimus,Ornithomimidae,Non-Avian,Theropoda,Saurischia,False,1,"Herbivore, omnivore",83.6,72.1,11.5,Campanian,Campanian,Upper Cretaceous,Upper Cretaceous
Anserimimus,Ornithomimidae,Non-Avian,Theropoda,Saurischia,False,1,"Herbivore, omnivore",72.1,66.0,6.099999999999994,Maastrichtian,Maastrichtian,Upper Cretaceous,Upper Cretaceous
Archaeornithomimus,Ornithomimidae,Non-Avian,Theropoda,Saurischia,False,2,"Herbivore, omnivore",93.9,72.1,21.80000000000001,Turonian,Campanian,Upper Cretaceous,Upper Cretaceous
Dromiceiomimus,Ornithomimidae,Non-Avian,Theropoda,Saurischia,False,1,"Herbivore, omnivore",72.1,66.0,6.099999999999994,Maastrichtian,Maastrichtian,Upper Cretaceous,Upper Cretaceous
Gallimimus,Ornithomimidae,Non-Avian,Theropoda,Saurischia,False,1,"Herbivore, omnivore",93.9,66.0,27.900000000000006,Turonian,Maastrichtian,Upper Cretaceous,Upper Cretaceous
Ornithomimus,Ornithomimidae,Non-Avian,Theropoda,Saurischia,False,4,"Herbivore, omnivore",83.6,66.0,17.599999999999994,Campanian,Maastrichtian,Upper Cretaceous,Upper Cretaceous
Qiupalong,Ornithomimidae,Non-Avian,Theropoda,Saurischia,False,1,"Herbivore, omnivore",72.1,66.0,6.099999999999994,Maastrichtian,Maastrichtian,Upper Cretaceous,Upper Cretaceous
Rativates,Ornithomimidae,Non-Avian,Theropoda,Saurischia,False,1,"Herbivore, omnivore",83.6,72.1,11.5,Campanian,Campanian,Upper Cretaceous,Upper Cretaceous
Sinornithomimus,Ornithomimidae,Non-Avian,Theropoda,Saurischia,False,1,"Herbivore, omnivore",93.9,89.8,4.1000000000000085,Turonian,Turonian,Upper Cretaceous,Upper Cretaceous
Struthiomimus,Ornithomimidae,Non-Avian,Theropoda,Saurischia,False,1,"Herbivore, omnivore",83.6,66.0,17.599999999999994,Campanian,Maastrichtian,Upper Cretaceous,Upper Cretaceous
Tototlmimus,Ornithomimidae,Non-Avian,Theropoda,Saurischia,False,1,"Herbivore, omnivore",83.6,72.1,11.5,Campanian,Campanian,Upper Cretaceous,Upper Cretaceous
Afromimus,Noasauridae,Non-Avian,Theropoda,Saurischia,False,1,"Herbivore, omnivore",113.0,100.5,12.5,Albian,Albian,Lower Cretaceous,Lower Cretaceous
Arkansaurus,,Non-Avian,Theropoda,Saurischia,False,1,"Herbivore, omnivore",113.0,100.5,12.5,Albian,Albian,Lower Cretaceous,Lower Cretaceous
Aviatyrannis,,Non-Avian,Theropoda,Saurischia,False,1,"Herbivore, omnivore",154.8,149.2,5.600000000000023,Kimmeridgian,Kimmeridgian,Upper Jurassic,Upper Jurassic
Beishanlong,Deinocheiridae,Non-Avian,Theropoda,Saurischia,False,1,"Herbivore, omnivore",121.4,113.0,8.400000000000006,Aptian,Aptian,Lower Cretaceous,Lower Cretaceous
Hexing,,Non-Avian,Theropoda,Saurischia,False,1,"Herbivore, omnivore",125.77,119.5,6.269999999999996,Barremian,Aptian,Lower Cretaceous,Lower Cretaceous
Kinnareemimus,,Non-Avian,Theropoda,Saurischia,False,1,"Herbivore, omnivore",125.77,121.4,4.36999999999999,Barremian,Barremian,Lower Cretaceous,Lower Cretaceous
Nqwebasaurus,,Non-Avian,Theropoda,Saurischia,False,1,"Herbivore, omnivore",145.0,132.6,12.400000000000006,Berriasian,Valanginian,Lower Cretaceous,Lower Cretaceous
Pelecanimimus,,Non-Avian,Theropoda,Saurischia,False,1,"Herbivore, omnivore",125.77,121.4,4.36999999999999,Barremian,Barremian,Lower Cretaceous,Lower Cretaceous
Shenzhousaurus,,Non-Avian,Theropoda,Saurischia,False,1,"Herbivore, omnivore",125.77,119.5,6.269999999999996,Barremian,Aptian,Lower Cretaceous,Lower Cretaceous
Enigmosaurus,,Non-Avian,Theropoda,Saurischia,False,1,Herbivore,100.5,83.6,16.900000000000006,Cenomanian,Santonian,Upper Cretaceous,Upper Cretaceous
Erliansaurus,Therizinosauridae,Non-Avian,Theropoda,Saurischia,False,1,Herbivore,83.6,72.1,11.5,Campanian,Campanian,Upper Cretaceous,Upper Cretaceous
Eshanosaurus,,Non-Avian,Theropoda,Saurischia,False,1,Herbivore,201.4,199.5,1.9000000000000057,Hettangian,Hettangian,Lower Jurassic,Lower Jurassic
Nanshiungosaurus,Therizinosauridae,Non-Avian,Theropoda,Saurischia,False,2,Herbivore,113.0,66.0,47.0,Albian,Maastrichtian,Lower Cretaceous,Upper Cretaceous
Neimongosaurus,Therizinosauridae,Non-Avian,Theropoda,Saurischia,False,1,Herbivore,86.3,72.1,14.200000000000003,Santonian,Campanian,Upper Cretaceous,Upper Cretaceous
Nothronychus,Therizinosauridae,Non-Avian,Theropoda,Saurischia,False,2,Herbivore,93.9,89.8,4.1000000000000085,Turonian,Turonian,Upper Cretaceous,Upper Cretaceous
Paralitherizinosaurus,Therizinosauridae,Non-Avian,Theropoda,Saurischia,False,1,Herbivore,83.6,72.1,11.5,Campanian,Campanian,Upper Cretaceous,Upper Cretaceous
Segnosaurus,Therizinosauridae,Non-Avian,Theropoda,Saurischia,False,1,Herbivore,100.5,83.6,16.900000000000006,Cenomanian,Santonian,Upper Cretaceous,Upper Cretaceous
Suzhousaurus,,Non-Avian,Theropoda,Saurischia,False,1,Herbivore,121.4,109.9,11.5,Aptian,Albian,Lower Cretaceous,Lower Cretaceous
Therizinosaurus,Therizinosauridae,Non-Avian,Theropoda,Saurischia,False,1,Herbivore,72.1,66.0,6.099999999999994,Maastrichtian,Maastrichtian,Upper Cretaceous,Upper Cretaceous
Tiantaisaurus,Therizinosauridae,,,,True,1,Herbivore,106.2,100.5,5.700000000000003,Albian,Albian,Lower Cretaceous,Lower Cretaceous
Alxasaurus,,Non-Avian,Theropoda,Saurischia,False,1,Herbivore,121.4,113.0,8.400000000000006,Aptian,Aptian,Lower Cretaceous,Lower Cretaceous
Beipiaosaurus,,Non-Avian,Theropoda,Saurischia,False,1,Herbivore,125.77,119.5,6.269999999999996,Barremian,Aptian,Lower Cretaceous,Lower Cretaceous
Martharaptor,,Non-Avian,Theropoda,Saurischia,False,1,Herbivore,139.8,132.6,7.200000000000017,Valanginian,Valanginian,Lower Cretaceous,Lower Cretaceous
Erlikosaurus,Therizinosauridae,Non-Avian,Theropoda,Saurischia,False,1,Carnivore,100.5,83.6,16.900000000000006,Cenomanian,Santonian,Upper Cretaceous,Upper Cretaceous
Falcarius,,Non-Avian,Theropoda,Saurischia,False,1,Carnivore,145.0,132.6,12.400000000000006,Berriasian,Valanginian,Lower Cretaceous,Lower Cretaceous
Fukuivenator,,Non-Avian,Theropoda,Saurischia,False,1,Carnivore,121.4,113.0,8.400000000000006,Aptian,Aptian,Lower Cretaceous,Lower Cretaceous
Jianchangosaurus,,Non-Avian,Theropoda,Saurischia,False,1,Carnivore,125.77,119.5,6.269999999999996,Barremian,Aptian,Lower Cretaceous,Lower Cretaceous
Lingyuanosaurus,,Non-Avian,Theropoda,Saurischia,False,1,Carnivore,121.4,113.0,8.400000000000006,Aptian,Aptian,Lower Cretaceous,Lower Cretaceous
Aerosteon,Megaraptoridae,Non-Avian,Theropoda,Saurischia,False,1,Carnivore,83.6,72.1,11.5,Campanian,Campanian,Upper Cretaceous,Upper Cretaceous
Australovenator,Megaraptoridae,Non-Avian,Theropoda,Saurischia,False,1,Carnivore,125.77,89.8,35.97,Barremian,Turonian,Lower Cretaceous,Upper Cretaceous
Maip,Megaraptoridae,Non-Avian,Theropoda,Saurischia,False,1,Carnivore,72.1,66.0,6.099999999999994,Maastrichtian,Maastrichtian,Upper Cretaceous,Upper Cretaceous
Megaraptor,Megaraptoridae,Non-Avian,Theropoda,Saurischia,False,1,Carnivore,93.9,86.3,7.6000000000000085,Turonian,Coniacian,Upper Cretaceous,Upper Cretaceous
Murusraptor,Megaraptoridae,Non-Avian,Theropoda,Saurischia,False,1,Carnivore,89.8,86.3,3.5,Coniacian,Coniacian,Upper Cretaceous,Upper Cretaceous
Orkoraptor,Megaraptoridae,Non-Avian,Theropoda,Saurischia,False,1,Carnivore,83.6,72.1,11.5,Campanian,Campanian,Upper Cretaceous,Upper Cretaceous
Tratayenia,Megaraptoridae,Non-Avian,Theropoda,Saurischia,False,1,Carnivore,86.3,83.6,2.700000000000003,Santonian,Santonian,Upper Cretaceous,Upper Cretaceous
Aoniraptor,,Non-Avian,Theropoda,Saurischia,False,1,Carnivore,100.5,89.8,10.700000000000003,Cenomanian,Turonian,Upper Cretaceous,Upper Cretaceous
Phuwiangvenator,,Non-Avian,Theropoda,Saurischia,False,1,Carnivore,125.77,121.4,4.36999999999999,Barremian,Barremian,Lower Cretaceous,Lower Cretaceous
Siats,Megaraptoridae,Non-Avian,Theropoda,Saurischia,False,1,Carnivore,100.5,93.9,6.599999999999994,Cenomanian,Cenomanian,Upper Cretaceous,Upper Cretaceous
Vayuraptor,,Non-Avian,Theropoda,Saurischia,False,1,Carnivore,125.77,121.4,4.36999999999999,Barremian,Barremian,Lower Cretaceous,Lower Cretaceous
Albinykus,Alvarezsauridae,Non-Avian,Theropoda,Saurischia,False,1,Carnivore,86.3,72.1,14.200000000000003,Santonian,Campanian,Upper Cretaceous,Upper Cretaceous
Ceratonykus,Alvarezsauridae,Non-Avian,Theropoda,Saurischia,False,1,Carnivore,83.6,72.1,11.5,Campanian,Campanian,Upper Cretaceous,Upper Cretaceous
Dzharaonyx,Alvarezsauridae,Non-Avian,Theropoda,Saurischia,False,1,Carnivore,93.9,89.8,4.1000000000000085,Turonian,Turonian,Upper Cretaceous,Upper Cretaceous
Jaculinykus,Alvarezsauridae,Non-Avian,Theropoda,Saurischia,False,1,Carnivore,83.6,72.1,11.5,Campanian,Campanian,Upper Cretaceous,Upper Cretaceous
Khulsanurus,Alvarezsauridae,Non-Avian,Theropoda,Saurischia,False,1,Carnivore,83.6,72.1,11.5,Campanian,Campanian,Upper Cretaceous,Upper Cretaceous
Linhenykus,Alvarezsauridae,Non-Avian,Theropoda,Saurischia,False,1,Carnivore,83.6,72.1,11.5,Campanian,Campanian,Upper Cretaceous,Upper Cretaceous
Mononykus,Alvarezsauridae,Non-Avian,Theropoda,Saurischia,False,1,Carnivore,83.6,66.0,17.599999999999994,Campanian,Maastrichtian,Upper Cretaceous,Upper Cretaceous
Ondogurvel,Alvarezsauridae,Non-Avian,Theropoda,Saurischia,False,1,Carnivore,83.6,72.1,11.5,Campanian,Campanian,Upper Cretaceous,Upper Cretaceous
Parvicursor,Alvarezsauridae,Non-Avian,Theropoda,Saurischia,False,1,Carnivore,83.6,72.1,11.5,Campanian,Campanian,Upper Cretaceous,Upper Cretaceous
Shuvuuia,Alvarezsauridae,Non-Avian,Theropoda,Saurischia,False,1,Carnivore,83.6,72.1,11.5,Campanian,Campanian,Upper Cretaceous,Upper Cretaceous
Xixianykus,Alvarezsauridae,Non-Avian,Theropoda,Saurischia,False,1,Carnivore,89.8,83.6,6.200000000000003,Coniacian,Santonian,Upper Cretaceous,Upper Cretaceous
Achillesaurus,,Non-Avian,Theropoda,Saurischia,False,1,Carnivore,86.3,83.6,2.700000000000003,Santonian,Santonian,Upper Cretaceous,Upper Cretaceous
Albertonykus,Alvarezsauridae,Non-Avian,Theropoda,Saurischia,False,1,Carnivore,72.1,66.0,6.099999999999994,Maastrichtian,Maastrichtian,Upper Cretaceous,Upper Cretaceous
Alnashetri,,Non-Avian,Theropoda,Saurischia,False,1,Carnivore,100.5,93.9,6.599999999999994,Cenomanian,Cenomanian,Upper Cretaceous,Upper Cretaceous
Alvarezsaurus,Alvarezsauridae,Non-Avian,Theropoda,Saurischia,False,1,Carnivore,86.3,83.6,2.700000000000003,Santonian,Santonian,Upper Cretaceous,Upper Cretaceous
Elopteryx,,Non-Avian,Theropoda,Saurischia,False,1,Carnivore,72.1,66.0,6.099999999999994,Maastrichtian,Maastrichtian,Upper Cretaceous,Upper Cretaceous
Trierarchuncus,Alvarezsauridae,Non-Avian,Theropoda,Saurischia,False,1,Carnivore,72.1,66.0,6.099999999999994,Maastrichtian,Maastrichtian,Upper Cretaceous,Upper Cretaceous
Bannykus,,Non-Avian,Theropoda,Saurischia,False,1,Carnivore,121.4,113.0,8.400000000000006,Aptian,Aptian,Lower Cretaceous,Lower Cretaceous
Bonapartenykus,,Non-Avian,Theropoda,Saurischia,False,1,Carnivore,83.6,66.0,17.599999999999994,Campanian,Maastrichtian,Upper Cretaceous,Upper Cretaceous
Haplocheirus,,Non-Avian,Theropoda,Saurischia,False,1,Carnivore,161.5,154.8,6.699999999999989,Oxfordian,Oxfordian,Upper Jurassic,Upper Jurassic
Nemegtonykus,Alvarezsauridae,Non-Avian,Theropoda,Saurischia,False,1,Carnivore,72.1,66.0,6.099999999999994,Maastrichtian,Maastrichtian,Upper Cretaceous,Upper Cretaceous
Patagonykus,,Non-Avian,Theropoda,Saurischia,False,1,Carnivore,93.9,86.3,7.6000000000000085,Turonian,Coniacian,Upper Cretaceous,Upper Cretaceous
Qiupanykus,Alvarezsauridae,Non-Avian,Theropoda,Saurischia,False,1,Carnivore,72.1,66.0,6.099999999999994,Maastrichtian,Maastrichtian,Upper Cretaceous,Upper Cretaceous
Tugulusaurus,,Non-Avian,Theropoda,Saurischia,False,1,Carnivore,139.8,100.5,39.30000000000001,Valanginian,Albian,Lower Cretaceous,Lower Cretaceous
Xiyunykus,,Non-Avian,Theropoda,Saurischia,False,1,Carnivore,139.8,132.6,7.200000000000017,Valanginian,Valanginian,Lower Cretaceous,Lower Cretaceous
Aorun,,Non-Avian,Theropoda,Saurischia,False,1,Carnivore,165.3,161.5,3.8000000000000114,Callovian,Callovian,Middle Jurassic,Middle Jurassic
Shishugounykus,,Non-Avian,Theropoda,Saurischia,False,1,Carnivore,161.5,154.8,6.699999999999989,Oxfordian,Oxfordian,Upper Jurassic,Upper Jurassic
Guanlong,Proceratosauridae,Non-Avian,Theropoda,Saurischia,False,1,Carnivore,161.5,154.8,6.699999999999989,Oxfordian,Oxfordian,Upper Jurassic,Upper Jurassic
Kileskus,Proceratosauridae,Non-Avian,Theropoda,Saurischia,False,1,Carnivore,168.2,165.3,2.8999999999999773,Bathonian,Bathonian,Middle Jurassic,Middle Jurassic
Proceratosaurus,Proceratosauridae,Non-Avian,Theropoda,Saurischia,False,1,Carnivore,168.2,165.3,2.8999999999999773,Bathonian,Bathonian,Middle Jurassic,Middle Jurassic
Sinotyrannus,Proceratosauridae,Non-Avian,Theropoda,Saurischia,False,1,Carnivore,121.4,113.0,8.400000000000006,Aptian,Aptian,Lower Cretaceous,Lower Cretaceous
Yutyrannus,Proceratosauridae,Non-Avian,Theropoda,Saurischia,False,1,Carnivore,125.77,119.5,6.269999999999996,Barremian,Aptian,Lower Cretaceous,Lower Cretaceous
Daspletosaurus,Tyrannosauridae,Non-Avian,Theropoda,Saurischia,False,3,Carnivore,83.6,66.0,17.599999999999994,Campanian,Maastrichtian,Upper Cretaceous,Upper Cretaceous
Thanatotheristes,Tyrannosauridae,Non-Avian,Theropoda,Saurischia,False,1,Carnivore,83.6,72.1,11.5,Campanian,Campanian,Upper Cretaceous,Upper Cretaceous
Alioramus,Tyrannosauridae,Non-Avian,Theropoda,Saurischia,False,2,Carnivore,72.1,66.0,6.099999999999994,Maastrichtian,Maastrichtian,Upper Cretaceous,Upper Cretaceous
Asiatyrannus,Tyrannosauridae,Non-Avian,Theropoda,Saurischia,False,1,Carnivore,72.1,66.0,6.099999999999994,Maastrichtian,Maastrichtian,Upper Cretaceous,Upper Cretaceous
Dynamoterror,Tyrannosauridae,Non-Avian,Theropoda,Saurischia,False,1,Carnivore,83.6,72.1,11.5,Campanian,Campanian,Upper Cretaceous,Upper Cretaceous
Lythronax,Tyrannosauridae,Non-Avian,Theropoda,Saurischia,False,1,Carnivore,83.6,72.1,11.5,Campanian,Campanian,Upper Cretaceous,Upper Cretaceous
Nanuqsaurus,Tyrannosauridae,Non-Avian,Theropoda,Saurischia,False,1,Carnivore,72.1,66.0,6.099999999999994,Maastrichtian,Maastrichtian,Upper Cretaceous,Upper Cretaceous
Teratophoneus,Tyrannosauridae,Non-Avian,Theropoda,Saurischia,False,1,Carnivore,83.6,72.1,11.5,Campanian,Campanian,Upper Cretaceous,Upper Cretaceous
Tyrannosaurus,Tyrannosauridae,Non-Avian,Theropoda,Saurischia,False,2,Carnivore,83.6,66.0,17.599999999999994,Campanian,Maastrichtian,Upper Cretaceous,Upper Cretaceous
Zhuchengtyrannus,Tyrannosauridae,Non-Avian,Theropoda,Saurischia,False,1,Carnivore,83.6,72.1,11.5,Campanian,Campanian,Upper Cretaceous,Upper Cretaceous
Albertosaurus,Tyrannosauridae,Non-Avian,Theropoda,Saurischia,False,1,Carnivore,86.3,66.0,20.299999999999997,Santonian,Maastrichtian,Upper Cretaceous,Upper Cretaceous
Gorgosaurus,Tyrannosauridae,Non-Avian,Theropoda,Saurischia,False,1,Carnivore,83.6,66.0,17.599999999999994,Campanian,Maastrichtian,Upper Cretaceous,Upper Cretaceous
Tarbosaurus,Tyrannosauridae,Non-Avian,Theropoda,Saurischia,False,1,Carnivore,89.8,66.0,23.799999999999997,Coniacian,Maastrichtian,Upper Cretaceous,Upper Cretaceous
Alectrosaurus,,Non-Avian,Theropoda,Saurischia,False,1,Carnivore,100.5,72.1,28.400000000000006,Cenomanian,Campanian,Upper Cretaceous,Upper Cretaceous
Appalachiosaurus,,Non-Avian,Theropoda,Saurischia,False,1,Carnivore,86.3,66.0,20.299999999999997,Santonian,Maastrichtian,Upper Cretaceous,Upper Cretaceous
Bagaraatan,,Non-Avian,Theropoda,Saurischia,False,1,Carnivore,72.1,66.0,6.099999999999994,Maastrichtian,Maastrichtian,Upper Cretaceous,Upper Cretaceous
Bistahieversor,,Non-Avian,Theropoda,Saurischia,False,1,Carnivore,83.6,72.1,11.5,Campanian,Campanian,Upper Cretaceous,Upper Cretaceous
Calamosaurus,Compsognathidae,Non-Avian,Theropoda,Saurischia,False,1,Carnivore,125.77,119.5,6.269999999999996,Barremian,Aptian,Lower Cretaceous,Lower Cretaceous
Dilong,,Non-Avian,Theropoda,Saurischia,False,1,Carnivore,125.77,119.5,6.269999999999996,Barremian,Aptian,Lower Cretaceous,Lower Cretaceous
Dryptosaurus,Dryptosauridae,Non-Avian,Theropoda,Saurischia,False,1,Carnivore,113.0,66.0,47.0,Albian,Maastrichtian,Lower Cretaceous,Upper Cretaceous
Eotyrannus,,Non-Avian,Theropoda,Saurischia,False,1,Carnivore,132.6,121.4,11.199999999999989,Hauterivian,Barremian,Lower Cretaceous,Lower Cretaceous
Gualicho,,Non-Avian,Theropoda,Saurischia,False,1,Carnivore,100.5,89.8,10.700000000000003,Cenomanian,Turonian,Upper Cretaceous,Upper Cretaceous
Jinbeisaurus,,Non-Avian,Theropoda,Saurischia,False,1,Carnivore,100.5,72.1,28.400000000000006,Cenomanian,Campanian,Upper Cretaceous,Upper Cretaceous
Juratyrant,Stokesosauridae,Non-Avian,Theropoda,Saurischia,False,1,Carnivore,146.3,145.0,1.3000000000000114,Tithonian,Tithonian,Upper Jurassic,Upper Jurassic
Labocania,Tyrannosauridae,Non-Avian,Theropoda,Saurischia,False,2,Carnivore,86.3,72.1,14.200000000000003,Santonian,Campanian,Upper Cretaceous,Upper Cretaceous
Moros,,Non-Avian,Theropoda,Saurischia,False,1,Carnivore,100.5,93.9,6.599999999999994,Cenomanian,Cenomanian,Upper Cretaceous,Upper Cretaceous
Raptorex,Tyrannosauridae,Non-Avian,Theropoda,Saurischia,False,1,Carnivore,125.77,66.0,59.769999999999996,Barremian,Maastrichtian,Lower Cretaceous,Upper Cretaceous
Santanaraptor,,Non-Avian,Theropoda,Saurischia,False,1,Carnivore,119.5,113.0,6.5,Aptian,Aptian,Lower Cretaceous,Lower Cretaceous
Stokesosaurus,Stokesosauridae,Non-Avian,Theropoda,Saurischia,False,1,Carnivore,154.8,145.0,9.800000000000011,Kimmeridgian,Tithonian,Upper Jurassic,Upper Jurassic
Suskityrannus,,Non-Avian,Theropoda,Saurischia,False,1,Carnivore,93.9,89.8,4.1000000000000085,Turonian,Turonian,Upper Cretaceous,Upper Cretaceous
Teihivenator,,,,,True,1,Carnivore,72.1,66.0,6.099999999999994,Maastrichtian,Maastrichtian,Upper Cretaceous,Upper Cretaceous
Timimus,,Non-Avian,Theropoda,Saurischia,False,1,Carnivore,113.0,109.9,3.0999999999999943,Albian,Albian,Lower Cretaceous,Lower Cretaceous
Timurlengia,,Non-Avian,Theropoda,Saurischia,False,1,Carnivore,93.9,89.8,4.1000000000000085,Turonian,Turonian,Upper Cretaceous,Upper Cretaceous
Xiongguanlong,,Non-Avian,Theropoda,Saurischia,False,1,Carnivore,121.4,113.0,8.400000000000006,Aptian,Aptian,Lower Cretaceous,Lower Cretaceous
Aniksosaurus,,Non-Avian,Theropoda,Saurischia,False,1,Carnivore,100.5,89.8,10.700000000000003,Cenomanian,Turonian,Upper Cretaceous,Upper Cretaceous
Aristosuchus,Compsognathidae,Non-Avian,Theropoda,Saurischia,False,1,Carnivore,125.77,119.5,6.269999999999996,Barremian,Aptian,Lower Cretaceous,Lower Cretaceous
Compsognathus,Compsognathidae,Non-Avian,Theropoda,Saurischia,False,1,"Carnivore, insectivore",154.8,146.3,8.5,Kimmeridgian,Tithonian,Upper Jurassic,Upper Jurassic
Huaxiagnathus,Compsognathidae,Non-Avian,Theropoda,Saurischia,False,1,Carnivore,125.77,119.5,6.269999999999996,Barremian,Aptian,Lower Cretaceous,Lower Cretaceous
Mirischia,Compsognathidae,Non-Avian,Theropoda,Saurischia,False,1,Carnivore,119.5,113.0,6.5,Aptian,Aptian,Lower Cretaceous,Lower Cretaceous
Ornitholestes,,Non-Avian,Theropoda,Saurischia,False,1,Carnivore,157.9,145.0,12.900000000000006,Oxfordian,Tithonian,Upper Jurassic,Upper Jurassic
Scipionyx,,Non-Avian,Theropoda,Saurischia,False,1,Carnivore,113.0,109.9,3.0999999999999943,Albian,Albian,Lower Cretaceous,Lower Cretaceous
Sinocalliopteryx,Compsognathidae,Non-Avian,Theropoda,Saurischia,False,1,Carnivore,125.77,119.5,6.269999999999996,Barremian,Aptian,Lower Cretaceous,Lower Cretaceous
Xunmenglong,Compsognathidae,Non-Avian,Theropoda,Saurischia,False,1,Carnivore,132.6,125.77,6.829999999999998,Hauterivian,Hauterivian,Lower Cretaceous,Lower Cretaceous
Aratasaurus,,Non-Avian,Theropoda,Saurischia,False,1,Carnivore,113.0,109.9,3.0999999999999943,Albian,Albian,Lower Cretaceous,Lower Cretaceous
Bicentenaria,,Non-Avian,Theropoda,Saurischia,False,1,Carnivore,100.5,93.9,6.599999999999994,Cenomanian,Cenomanian,Upper Cretaceous,Upper Cretaceous
Coelurus,Coeluridae,Non-Avian,Theropoda,Saurischia,False,1,Carnivore,157.9,113.0,44.900000000000006,Oxfordian,Aptian,Upper Jurassic,Lower Cretaceous
Juravenator,,Non-Avian,Theropoda,Saurischia,False,1,Carnivore,152.2,149.2,3.0,Kimmeridgian,Kimmeridgian,Upper Jurassic,Upper Jurassic
Kol,,Non-Avian,Theropoda,Saurischia,False,1,Carnivore,83.6,72.1,11.5,Campanian,Campanian,Upper Cretaceous,Upper Cretaceous
Lourinhanosaurus,,Non-Avian,Theropoda,Saurischia,False,1,Carnivore,152.2,146.3,5.899999999999977,Kimmeridgian,Tithonian,Upper Jurassic,Upper Jurassic
Nedcolbertia,,Non-Avian,Theropoda,Saurischia,False,1,Carnivore,139.8,132.6,7.200000000000017,Valanginian,Valanginian,Lower Cretaceous,Lower Cretaceous
Ngexisaurus,,,,,True,1,Carnivore,174.7,161.5,13.199999999999989,Aalenian,Callovian,Middle Jurassic,Middle Jurassic
Sinosauropteryx,Compsognathidae,Non-Avian,Theropoda,Saurischia,False,1,Carnivore,125.77,119.5,6.269999999999996,Barremian,Aptian,Lower Cretaceous,Lower Cretaceous
Tanycolagreus,,Non-Avian,Theropoda,Saurischia,False,1,Carnivore,154.8,145.0,9.800000000000011,Kimmeridgian,Tithonian,Upper Jurassic,Upper Jurassic
Trisauropodiscus,,,,Ornithischia,False,7,Carnivore,201.4,192.9,8.5,Hettangian,Sinemurian,Lower Jurassic,Lower Jurassic
Xinjiangovenator,,Non-Avian,Theropoda,Saurischia,False,1,Carnivore,139.8,100.5,39.30000000000001,Valanginian,Albian,Lower Cretaceous,Lower Cretaceous
Zuolong,,Non-Avian,Theropoda,Saurischia,False,1,Carnivore,161.5,154.8,6.699999999999989,Oxfordian,Oxfordian,Upper Jurassic,Upper Jurassic
Bahariasaurus,Bahariasauridae,Non-Avian,Theropoda,Saurischia,False,1,Carnivore,113.0,66.0,47.0,Albian,Maastrichtian,Lower Cretaceous,Upper Cretaceous
Shanyangosaurus,,Non-Avian,Theropoda,Saurischia,False,1,Carnivore,72.1,66.0,6.099999999999994,Maastrichtian,Maastrichtian,Upper Cretaceous,Upper Cretaceous
Saurophaganax,,,,Saurischia,False,1,Carnivore,152.2,145.0,7.199999999999989,Kimmeridgian,Tithonian,Upper Jurassic,Upper Jurassic
Datanglong,,Non-Avian,Theropoda,Saurischia,False,1,Carnivore,121.4,113.0,8.400000000000006,Aptian,Aptian,Lower Cretaceous,Lower Cretaceous
Lusovenator,,Non-Avian,Theropoda,Saurischia,False,1,Carnivore,152.2,145.0,7.199999999999989,Kimmeridgian,Tithonian,Upper Jurassic,Upper Jurassic
Siamraptor,,Non-Avian,Theropoda,Saurischia,False,1,Carnivore,121.4,113.0,8.400000000000006,Aptian,Aptian,Lower Cretaceous,Lower Cretaceous
Ulughbegsaurus,Carcharodontosauridae,Non-Avian,Theropoda,Saurischia,False,1,Carnivore,93.9,89.8,4.1000000000000085,Turonian,Turonian,Upper Cretaceous,Upper Cretaceous
Meraxes,Carcharodontosauridae,Non-Avian,Theropoda,Saurischia,False,1,Carnivore,100.5,89.8,10.700000000000003,Cenomanian,Turonian,Upper Cretaceous,Upper Cretaceous
Tyrannotitan,Carcharodontosauridae,Non-Avian,Theropoda,Saurischia,False,1,Carnivore,113.0,100.5,12.5,Albian,Albian,Lower Cretaceous,Lower Cretaceous
Acrocanthosaurus,Carcharodontosauridae,Non-Avian,Theropoda,Saurischia,False,1,Carnivore,121.4,93.9,27.5,Aptian,Cenomanian,Lower Cretaceous,Upper Cretaceous
Carcharodontosaurus,Carcharodontosauridae,Non-Avian,Theropoda,Saurischia,False,2,Carnivore,145.0,72.1,72.9,Berriasian,Campanian,Lower Cretaceous,Upper Cretaceous
Concavenator,,Non-Avian,Theropoda,Saurischia,False,1,Carnivore,125.77,121.4,4.36999999999999,Barremian,Barremian,Lower Cretaceous,Lower Cretaceous
Eocarcharia,Carcharodontosauridae,Non-Avian,Theropoda,Saurischia,False,1,Carnivore,121.4,100.5,20.900000000000006,Aptian,Albian,Lower Cretaceous,Lower Cretaceous
Giganotosaurus,Carcharodontosauridae,Non-Avian,Theropoda,Saurischia,False,1,Carnivore,100.5,89.8,10.700000000000003,Cenomanian,Turonian,Upper Cretaceous,Upper Cretaceous
Kelmayisaurus,,Non-Avian,Theropoda,Saurischia,False,1,Carnivore,139.8,100.5,39.30000000000001,Valanginian,Albian,Lower Cretaceous,Lower Cretaceous
Lajasvenator,Carcharodontosauridae,Non-Avian,Theropoda,Saurischia,False,1,Carnivore,139.8,132.6,7.200000000000017,Valanginian,Valanginian,Lower Cretaceous,Lower Cretaceous
Mapusaurus,Carcharodontosauridae,Non-Avian,Theropoda,Saurischia,False,1,Carnivore,100.5,89.8,10.700000000000003,Cenomanian,Turonian,Upper Cretaceous,Upper Cretaceous
Shaochilong,,Non-Avian,Theropoda,Saurischia,False,1,Carnivore,93.9,89.8,4.1000000000000085,Turonian,Turonian,Upper Cretaceous,Upper Cretaceous
Taurovenator,Carcharodontosauridae,Non-Avian,Theropoda,Saurischia,False,1,Carnivore,100.5,89.8,10.700000000000003,Cenomanian,Turonian,Upper Cretaceous,Upper Cretaceous
Unquillosaurus,,Non-Avian,Theropoda,Saurischia,False,1,Carnivore,83.6,72.1,11.5,Campanian,Campanian,Upper Cretaceous,Upper Cretaceous
Veterupristisaurus,Carcharodontosauridae,Non-Avian,Theropoda,Saurischia,False,1,Carnivore,152.2,149.2,3.0,Kimmeridgian,Kimmeridgian,Upper Jurassic,Upper Jurassic
Metriacanthosaurus,Metriacanthosauridae,Non-Avian,Theropoda,Saurischia,False,1,Carnivore,161.5,154.8,6.699999999999989,Oxfordian,Oxfordian,Upper Jurassic,Upper Jurassic
Siamotyrannus,,Non-Avian,Theropoda,Saurischia,False,1,Carnivore,125.77,121.4,4.36999999999999,Barremian,Barremian,Lower Cretaceous,Lower Cretaceous
Sinraptor,Metriacanthosauridae,Non-Avian,Theropoda,Saurischia,False,2,Carnivore,168.2,154.8,13.399999999999977,Bathonian,Oxfordian,Middle Jurassic,Upper Jurassic
Alpkarakush,Metriacanthosauridae,Non-Avian,Theropoda,Saurischia,False,1,Carnivore,165.3,161.5,3.8000000000000114,Callovian,Callovian,Middle Jurassic,Middle Jurassic
Erectopus,,Non-Avian,Theropoda,Saurischia,False,2,Carnivore,125.77,93.9,31.86999999999999,Barremian,Cenomanian,Lower Cretaceous,Upper Cretaceous
Shidaisaurus,Metriacanthosauridae,Non-Avian,Theropoda,Saurischia,False,1,Carnivore,170.9,168.2,2.700000000000017,Bajocian,Bajocian,Middle Jurassic,Middle Jurassic
Yangchuanosaurus,Metriacanthosauridae,Non-Avian,Theropoda,Saurischia,False,2,Carnivore,170.9,113.0,57.900000000000006,Bajocian,Aptian,Middle Jurassic,Lower Cretaceous
Chilantaisaurus,,Non-Avian,Theropoda,Saurischia,False,2,Carnivore,93.9,83.6,10.300000000000011,Turonian,Santonian,Upper Cretaceous,Upper Cretaceous
Fukuiraptor,,Non-Avian,Theropoda,Saurischia,False,1,Carnivore,132.6,113.0,19.599999999999994,Hauterivian,Aptian,Lower Cretaceous,Lower Cretaceous
Neovenator,Neovenatoridae,Non-Avian,Theropoda,Saurischia,False,1,Carnivore,125.77,121.4,4.36999999999999,Barremian,Barremian,Lower Cretaceous,Lower Cretaceous
Rapator,,Non-Avian,Theropoda,Saurischia,False,0,Carnivore,100.5,93.9,6.599999999999994,Cenomanian,Cenomanian,Upper Cretaceous,Upper Cretaceous
Allosaurus,Allosauridae,Non-Avian,Theropoda,Saurischia,False,6,Carnivore,161.5,89.8,71.7,Oxfordian,Turonian,Upper Jurassic,Upper Cretaceous
Asfaltovenator,,Non-Avian,Theropoda,Saurischia,False,1,Carnivore,180.4,168.6,11.800000000000011,Toarcian,Bajocian,Lower Jurassic,Middle Jurassic
Monolophosaurus,,Non-Avian,Theropoda,Saurischia,False,1,Carnivore,165.3,161.5,3.8000000000000114,Callovian,Callovian,Middle Jurassic,Middle Jurassic
Streptospondylus,,Non-Avian,Theropoda,Saurischia,False,1,Carnivore,165.3,154.8,10.5,Callovian,Oxfordian,Middle Jurassic,Upper Jurassic
Leshansaurus,Megalosauridae,Non-Avian,Theropoda,Saurischia,False,1,Carnivore,168.2,161.5,6.699999999999989,Bathonian,Callovian,Middle Jurassic,Middle Jurassic
Afrovenator,Megalosauridae,Non-Avian,Theropoda,Saurischia,False,1,Carnivore,170.9,145.0,25.900000000000006,Bajocian,Tithonian,Middle Jurassic,Upper Jurassic
Eustreptospondylus,Megalosauridae,Non-Avian,Theropoda,Saurischia,False,1,Carnivore,165.3,161.5,3.8000000000000114,Callovian,Callovian,Middle Jurassic,Middle Jurassic
Magnosaurus,Megalosauridae,Non-Avian,Theropoda,Saurischia,False,1,Carnivore,170.9,168.6,2.3000000000000114,Bajocian,Bajocian,Middle Jurassic,Middle Jurassic
Poekilopleuron,,Non-Avian,Theropoda,Saurischia,False,2,Carnivore,168.2,165.3,2.8999999999999773,Bathonian,Bathonian,Middle Jurassic,Middle Jurassic
Piveteausaurus,Megalosauridae,Non-Avian,Theropoda,Saurischia,False,1,Carnivore,165.3,154.8,10.5,Callovian,Oxfordian,Middle Jurassic,Upper Jurassic
Duriavenator,Megalosauridae,Non-Avian,Theropoda,Saurischia,False,1,Carnivore,168.6,168.2,0.4000000000000057,Bajocian,Bajocian,Middle Jurassic,Middle Jurassic
Megalosaurus,Megalosauridae,Non-Avian,Theropoda,Saurischia,False,4,Carnivore,208.5,66.0,142.5,Rhaetian,Maastrichtian,Upper Triassic,Upper Cretaceous
Torvosaurus,Megalosauridae,Non-Avian,Theropoda,Saurischia,False,2,Carnivore,165.3,145.0,20.30000000000001,Callovian,Tithonian,Middle Jurassic,Upper Jurassic
Wiehenvenator,Megalosauridae,Non-Avian,Theropoda,Saurischia,False,1,Carnivore,165.3,161.5,3.8000000000000114,Callovian,Callovian,Middle Jurassic,Middle Jurassic
Condorraptor,Piatnitzkysauridae,Non-Avian,Theropoda,Saurischia,False,1,Carnivore,180.4,168.6,11.800000000000011,Toarcian,Bajocian,Lower Jurassic,Middle Jurassic
Marshosaurus,Piatnitzkysauridae,Non-Avian,Theropoda,Saurischia,False,1,Carnivore,154.8,145.0,9.800000000000011,Kimmeridgian,Tithonian,Upper Jurassic,Upper Jurassic
Piatnitzkysaurus,Piatnitzkysauridae,Non-Avian,Theropoda,Saurischia,False,1,Carnivore,182.9,180.4,2.5,Toarcian,Toarcian,Lower Jurassic,Lower Jurassic
Xuanhanosaurus,,Non-Avian,Theropoda,Saurischia,False,1,Carnivore,170.9,168.2,2.700000000000017,Bajocian,Bajocian,Middle Jurassic,Middle Jurassic
Ceratosuchops,Spinosauridae,Non-Avian,Theropoda,Saurischia,False,1,Carnivore,125.77,121.4,4.36999999999999,Barremian,Barremian,Lower Cretaceous,Lower Cretaceous
Riparovenator,Spinosauridae,Non-Avian,Theropoda,Saurischia,False,1,Carnivore,125.77,121.4,4.36999999999999,Barremian,Barremian,Lower Cretaceous,Lower Cretaceous
Suchomimus,Spinosauridae,Non-Avian,Theropoda,Saurischia,False,1,Carnivore,121.4,100.5,20.900000000000006,Aptian,Albian,Lower Cretaceous,Lower Cretaceous
Baryonyx,Spinosauridae,Non-Avian,Theropoda,Saurischia,False,1,Carnivore,140.6,109.9,30.69999999999999,Berriasian,Albian,Lower Cretaceous,Lower Cretaceous
Protathlitis,Spinosauridae,Non-Avian,Theropoda,Saurischia,False,1,Carnivore,125.77,121.4,4.36999999999999,Barremian,Barremian,Lower Cretaceous,Lower Cretaceous
Vallibonavenatrix,Spinosauridae,Non-Avian,Theropoda,Saurischia,False,1,Carnivore,125.77,121.4,4.36999999999999,Barremian,Barremian,Lower Cretaceous,Lower Cretaceous
Angaturama,Spinosauridae,Non-Avian,Theropoda,Saurischia,False,1,Carnivore,119.5,113.0,6.5,Aptian,Aptian,Lower Cretaceous,Lower Cretaceous
Camarillasaurus,Spinosauridae,Non-Avian,Theropoda,Saurischia,False,1,Carnivore,125.77,121.4,4.36999999999999,Barremian,Barremian,Lower Cretaceous,Lower Cretaceous
Ichthyovenator,Spinosauridae,Non-Avian,Theropoda,Saurischia,False,1,Carnivore,121.4,113.0,8.400000000000006,Aptian,Aptian,Lower Cretaceous,Lower Cretaceous
Irritator,Spinosauridae,Non-Avian,Theropoda,Saurischia,False,1,Carnivore,119.5,113.0,6.5,Aptian,Aptian,Lower Cretaceous,Lower Cretaceous
Oxalaia,Spinosauridae,Non-Avian,Theropoda,Saurischia,False,1,Carnivore,100.5,93.9,6.599999999999994,Cenomanian,Cenomanian,Upper Cretaceous,Upper Cretaceous
Spinosaurus,Spinosauridae,Non-Avian,Theropoda,Saurischia,False,1,Carnivore,125.77,72.1,53.67,Barremian,Campanian,Lower Cretaceous,Upper Cretaceous
Iberospinus,Spinosauridae,Non-Avian,Theropoda,Saurischia,False,1,Carnivore,125.77,121.4,4.36999999999999,Barremian,Barremian,Lower Cretaceous,Lower Cretaceous
Sciurumimus,,Non-Avian,Theropoda,Saurischia,False,1,Carnivore,152.2,149.2,3.0,Kimmeridgian,Kimmeridgian,Upper Jurassic,Upper Jurassic
Chuandongocoelurus,,Non-Avian,Theropoda,Saurischia,False,1,Carnivore,170.9,154.8,16.099999999999994,Bajocian,Oxfordian,Middle Jurassic,Upper Jurassic
Cruxicheiros,,Non-Avian,Theropoda,Saurischia,False,1,Carnivore,168.2,165.3,2.8999999999999773,Bathonian,Bathonian,Middle Jurassic,Middle Jurassic
Cryolophosaurus,,Non-Avian,Theropoda,Saurischia,False,1,Carnivore,199.5,184.2,15.300000000000011,Sinemurian,Pliensbachian,Lower Jurassic,Lower Jurassic
Gasosaurus,,Non-Avian,Theropoda,Saurischia,False,1,Carnivore,170.9,154.8,16.099999999999994,Bajocian,Oxfordian,Middle Jurassic,Upper Jurassic
Kaijiangosaurus,,Non-Avian,Theropoda,Saurischia,False,1,Carnivore,170.9,168.2,2.700000000000017,Bajocian,Bajocian,Middle Jurassic,Middle Jurassic
Kayentavenator,,Non-Avian,Theropoda,Saurischia,False,1,Carnivore,199.5,184.2,15.300000000000011,Sinemurian,Pliensbachian,Lower Jurassic,Lower Jurassic
Pandoravenator,,Non-Avian,Theropoda,Saurischia,False,1,Carnivore,157.9,149.2,8.700000000000017,Oxfordian,Kimmeridgian,Upper Jurassic,Upper Jurassic
Vectaerovenator,,Non-Avian,Theropoda,Saurischia,False,1,Carnivore,119.5,113.0,6.5,Aptian,Aptian,Lower Cretaceous,Lower Cretaceous
Yunyangosaurus,,Non-Avian,Theropoda,Saurischia,False,1,Carnivore,184.2,170.9,13.299999999999983,Toarcian,Aalenian,Lower Jurassic,Middle Jurassic
Vitakridrinda,Vitakrisauridae,,,,True,1,Carnivore,72.1,66.0,6.099999999999994,Maastrichtian,Maastrichtian,Upper Cretaceous,Upper Cretaceous
Vitakrisaurus,Vitakrisauridae,,,,True,1,Carnivore,72.1,66.0,6.099999999999994,Maastrichtian,Maastrichtian,Upper Cretaceous,Upper Cretaceous
Eoabelisaurus,,Non-Avian,Theropoda,Saurischia,False,1,Carnivore,174.7,168.6,6.099999999999994,Aalenian,Bajocian,Middle Jurassic,Middle Jurassic
Chenanisaurus,Abelisauridae,Non-Avian,Theropoda,Saurischia,False,1,Carnivore,72.1,66.0,6.099999999999994,Maastrichtian,Maastrichtian,Upper Cretaceous,Upper Cretaceous
Abelisaurus,Abelisauridae,Non-Avian,Theropoda,Saurischia,False,1,Carnivore,83.6,72.1,11.5,Campanian,Campanian,Upper Cretaceous,Upper Cretaceous
Niebla,Abelisauridae,Non-Avian,Theropoda,Saurischia,False,1,Carnivore,83.6,66.0,17.599999999999994,Campanian,Maastrichtian,Upper Cretaceous,Upper Cretaceous
Caletodraco,Abelisauridae,Non-Avian,Theropoda,Saurischia,False,1,Carnivore,100.5,93.9,6.599999999999994,Cenomanian,Cenomanian,Upper Cretaceous,Upper Cretaceous
Carnotaurus,Abelisauridae,Non-Avian,Theropoda,Saurischia,False,1,Carnivore,72.1,66.0,6.099999999999994,Maastrichtian,Maastrichtian,Upper Cretaceous,Upper Cretaceous
Elemgasem,Abelisauridae,Non-Avian,Theropoda,Saurischia,False,1,Carnivore,93.9,86.3,7.6000000000000085,Turonian,Coniacian,Upper Cretaceous,Upper Cretaceous
Koleken,Abelisauridae,Non-Avian,Theropoda,Saurischia,False,1,Carnivore,72.1,66.0,6.099999999999994,Maastrichtian,Maastrichtian,Upper Cretaceous,Upper Cretaceous
Llukalkan,Abelisauridae,Non-Avian,Theropoda,Saurischia,False,1,Carnivore,86.3,83.6,2.700000000000003,Santonian,Santonian,Upper Cretaceous,Upper Cretaceous
Pycnonemosaurus,Abelisauridae,Non-Avian,Theropoda,Saurischia,False,1,Carnivore,100.5,66.0,34.5,Cenomanian,Maastrichtian,Upper Cretaceous,Upper Cretaceous
Quilmesaurus,Abelisauridae,Non-Avian,Theropoda,Saurischia,False,1,Carnivore,83.6,66.0,17.599999999999994,Campanian,Maastrichtian,Upper Cretaceous,Upper Cretaceous
Viavenator,Abelisauridae,Non-Avian,Theropoda,Saurischia,False,1,Carnivore,86.3,83.6,2.700000000000003,Santonian,Santonian,Upper Cretaceous,Upper Cretaceous
Aucasaurus,Abelisauridae,Non-Avian,Theropoda,Saurischia,False,1,Carnivore,83.6,72.1,11.5,Campanian,Campanian,Upper Cretaceous,Upper Cretaceous
Dahalokely,,Non-Avian,Theropoda,Saurischia,False,1,Carnivore,93.9,89.8,4.1000000000000085,Turonian,Turonian,Upper Cretaceous,Upper Cretaceous
Ekrixinatosaurus,Abelisauridae,Non-Avian,Theropoda,Saurischia,False,1,Carnivore,100.5,93.9,6.599999999999994,Cenomanian,Cenomanian,Upper Cretaceous,Upper Cretaceous
Guemesia,Abelisauridae,Non-Avian,Theropoda,Saurischia,False,1,Carnivore,83.6,66.0,17.599999999999994,Campanian,Maastrichtian,Upper Cretaceous,Upper Cretaceous
Ilokelesia,Abelisauridae,Non-Avian,Theropoda,Saurischia,False,1,Carnivore,100.5,89.8,10.700000000000003,Cenomanian,Turonian,Upper Cretaceous,Upper Cretaceous
Rahiolisaurus,Abelisauridae,Non-Avian,Theropoda,Saurischia,False,1,Carnivore,72.1,66.0,6.099999999999994,Maastrichtian,Maastrichtian,Upper Cretaceous,Upper Cretaceous
Skorpiovenator,Abelisauridae,Non-Avian,Theropoda,Saurischia,False,1,Carnivore,100.5,89.8,10.700000000000003,Cenomanian,Turonian,Upper Cretaceous,Upper Cretaceous
Thanos,Abelisauridae,Non-Avian,Theropoda,Saurischia,False,1,Carnivore,86.3,72.1,14.200000000000003,Santonian,Campanian,Upper Cretaceous,Upper Cretaceous
Arcovenator,Abelisauridae,Non-Avian,Theropoda,Saurischia,False,1,Carnivore,83.6,66.0,17.599999999999994,Campanian,Maastrichtian,Upper Cretaceous,Upper Cretaceous
Genusaurus,Abelisauridae,Non-Avian,Theropoda,Saurischia,False,1,Carnivore,109.9,106.2,3.700000000000003,Albian,Albian,Lower Cretaceous,Lower Cretaceous
Indosaurus,Abelisauridae,Non-Avian,Theropoda,Saurischia,False,1,Carnivore,72.1,66.0,6.099999999999994,Maastrichtian,Maastrichtian,Upper Cretaceous,Upper Cretaceous
Majungasaurus,Abelisauridae,Non-Avian,Theropoda,Saurischia,False,1,Carnivore,72.1,66.0,6.099999999999994,Maastrichtian,Maastrichtian,Upper Cretaceous,Upper Cretaceous
Rajasaurus,Abelisauridae,Non-Avian,Theropoda,Saurischia,False,1,Carnivore,72.1,66.0,6.099999999999994,Maastrichtian,Maastrichtian,Upper Cretaceous,Upper Cretaceous
Indosuchus,Abelisauridae,Non-Avian,Theropoda,Saurischia,False,1,Carnivore,72.1,66.0,6.099999999999994,Maastrichtian,Maastrichtian,Upper Cretaceous,Upper Cretaceous
Kryptops,Abelisauridae,Non-Avian,Theropoda,Saurischia,False,1,Carnivore,121.4,100.5,20.900000000000006,Aptian,Albian,Lower Cretaceous,Lower Cretaceous
Kurupi,Abelisauridae,Non-Avian,Theropoda,Saurischia,False,1,Carnivore,72.1,66.0,6.099999999999994,Maastrichtian,Maastrichtian,Upper Cretaceous,Upper Cretaceous
Lametasaurus,,,,,False,1,Carnivore,72.1,66.0,6.099999999999994,Maastrichtian,Maastrichtian,Upper Cretaceous,Upper Cretaceous
Rugops,Abelisauridae,Non-Avian,Theropoda,Saurischia,False,1,Carnivore,100.5,93.9,6.599999999999994,Cenomanian,Cenomanian,Upper Cretaceous,Upper Cretaceous
Spectrovenator,Abelisauridae,Non-Avian,Theropoda,Saurischia,False,1,Carnivore,121.4,113.0,8.400000000000006,Aptian,Aptian,Lower Cretaceous,Lower Cretaceous
Tarascosaurus,Abelisauridae,Non-Avian,Theropoda,Saurischia,False,1,Carnivore,83.6,72.1,11.5,Campanian,Campanian,Upper Cretaceous,Upper Cretaceous
Tralkasaurus,Abelisauridae,Non-Avian,Theropoda,Saurischia,False,1,Carnivore,100.5,89.8,10.700000000000003,Cenomanian,Turonian,Upper Cretaceous,Upper Cretaceous
Xenotarsosaurus,Abelisauridae,Non-Avian,Theropoda,Saurischia,False,1,Carnivore,100.5,89.8,10.700000000000003,Cenomanian,Turonian,Upper Cretaceous,Upper Cretaceous
Fosterovenator,,Non-Avian,Theropoda,Saurischia,False,1,Carnivore,154.8,145.0,9.800000000000011,Kimmeridgian,Tithonian,Upper Jurassic,Upper Jurassic
Elaphrosaurus,Noasauridae,Non-Avian,Theropoda,Saurischia,False,1,Carnivore,154.8,93.9,60.900000000000006,Kimmeridgian,Cenomanian,Upper Jurassic,Upper Cretaceous
Limusaurus,Noasauridae,Non-Avian,Theropoda,Saurischia,False,1,Carnivore,161.5,154.8,6.699999999999989,Oxfordian,Oxfordian,Upper Jurassic,Upper Jurassic
Masiakasaurus,Noasauridae,Non-Avian,Theropoda,Saurischia,False,1,Carnivore,72.1,66.0,6.099999999999994,Maastrichtian,Maastrichtian,Upper Cretaceous,Upper Cretaceous
Noasaurus,Noasauridae,Non-Avian,Theropoda,Saurischia,False,1,Carnivore,72.1,66.0,6.099999999999994,Maastrichtian,Maastrichtian,Upper Cretaceous,Upper Cretaceous
Velocisaurus,Noasauridae,Non-Avian,Theropoda,Saurischia,False,1,Carnivore,86.3,83.6,2.700000000000003,Santonian,Santonian,Upper Cretaceous,Upper Cretaceous
Vespersaurus,Noasauridae,Non-Avian,Theropoda,Saurischia,False,1,Carnivore,121.4,72.1,49.30000000000001,Aptian,Campanian,Lower Cretaceous,Upper Cretaceous
Austrocheirus,,Non-Avian,Theropoda,Saurischia,False,1,Carnivore,83.6,72.1,11.5,Campanian,Campanian,Upper Cretaceous,Upper Cretaceous
Berthasaura,,Non-Avian,Theropoda,Saurischia,False,1,Carnivore,121.4,72.1,49.30000000000001,Aptian,Campanian,Lower Cretaceous,Upper Cretaceous
Deltadromeus,,Non-Avian,Theropoda,Saurischia,False,1,Carnivore,100.5,93.9,6.599999999999994,Cenomanian,Cenomanian,Upper Cretaceous,Upper Cretaceous
Huinculsaurus,Noasauridae,Non-Avian,Theropoda,Saurischia,False,1,Carnivore,100.5,89.8,10.700000000000003,Cenomanian,Turonian,Upper Cretaceous,Upper Cretaceous
Kiyacursor,Noasauridae,Non-Avian,Theropoda,Saurischia,False,1,Carnivore,121.4,113.0,8.400000000000006,Aptian,Aptian,Lower Cretaceous,Lower Cretaceous
Laevisuchus,Noasauridae,Non-Avian,Theropoda,Saurischia,False,1,Carnivore,72.1,66.0,6.099999999999994,Maastrichtian,Maastrichtian,Upper Cretaceous,Upper Cretaceous
Ligabueino,,Non-Avian,Theropoda,Saurischia,False,1,Carnivore,125.77,119.5,6.269999999999996,Barremian,Aptian,Lower Cretaceous,Lower Cretaceous
Berberosaurus,,Non-Avian,Theropoda,Saurischia,False,1,Carnivore,192.9,174.7,18.200000000000017,Pliensbachian,Toarcian,Lower Jurassic,Lower Jurassic
Ceratosaurus,Ceratosauridae,Non-Avian,Theropoda,Saurischia,False,1,Carnivore,157.9,145.0,12.900000000000006,Oxfordian,Tithonian,Upper Jurassic,Upper Jurassic
Genyodectes,Ceratosauridae,Non-Avian,Theropoda,Saurischia,False,1,Carnivore,113.0,100.5,12.5,Albian,Albian,Lower Cretaceous,Lower Cretaceous
Saltriovenator,,Non-Avian,Theropoda,Saurischia,False,1,Carnivore,199.5,192.9,6.599999999999994,Sinemurian,Sinemurian,Lower Jurassic,Lower Jurassic
Spinostropheus,,Non-Avian,Theropoda,Saurischia,False,1,Carnivore,161.5,93.9,67.6,Oxfordian,Cenomanian,Upper Jurassic,Upper Cretaceous
Camposaurus,Coelophysidae,Non-Avian,Theropoda,Saurischia,False,1,Carnivore,227.0,208.5,18.5,Norian,Norian,Upper Triassic,Upper Triassic
Coelophysis,Coelophysidae,Non-Avian,Theropoda,Saurischia,False,2,Carnivore,237.0,192.9,44.099999999999994,Carnian,Sinemurian,Upper Triassic,Lower Jurassic
Lepidus,,Non-Avian,Theropoda,Saurischia,False,1,Carnivore,227.0,208.5,18.5,Norian,Norian,Upper Triassic,Upper Triassic
Segisaurus,Coelophysidae,Non-Avian,Theropoda,Saurischia,False,1,Carnivore,192.9,174.7,18.200000000000017,Pliensbachian,Toarcian,Lower Jurassic,Lower Jurassic
Lucianovenator,Coelophysidae,Non-Avian,Theropoda,Saurischia,False,1,Carnivore,227.0,208.5,18.5,Norian,Norian,Upper Triassic,Upper Triassic
Megapnosaurus,Coelophysidae,Non-Avian,Theropoda,Saurischia,False,1,Carnivore,201.4,192.9,8.5,Hettangian,Sinemurian,Lower Jurassic,Lower Jurassic
Panguraptor,Coelophysidae,Non-Avian,Theropoda,Saurischia,False,1,Carnivore,201.4,199.5,1.9000000000000057,Hettangian,Hettangian,Lower Jurassic,Lower Jurassic
Powellvenator,,Non-Avian,Theropoda,Saurischia,False,1,Carnivore,227.0,208.5,18.5,Norian,Norian,Upper Triassic,Upper Triassic
Procompsognathus,Coelophysidae,Non-Avian,Theropoda,Saurischia,False,1,Carnivore,216.7,213.2,3.5,Norian,Norian,Upper Triassic,Upper Triassic
Dracoraptor,,Non-Avian,Theropoda,Saurischia,False,1,Carnivore,201.4,199.5,1.9000000000000057,Hettangian,Hettangian,Lower Jurassic,Lower Jurassic
Gojirasaurus,,Non-Avian,Theropoda,Saurischia,False,1,Carnivore,227.0,208.5,18.5,Norian,Norian,Upper Triassic,Upper Triassic
Lophostropheus,,Non-Avian,Theropoda,Saurischia,False,1,Carnivore,208.5,199.5,9.0,Rhaetian,Hettangian,Upper Triassic,Lower Jurassic
Pendraig,,Non-Avian,Theropoda,Saurischia,False,1,Carnivore,237.0,227.0,10.0,Carnian,Carnian,Upper Triassic,Upper Triassic
Sarcosaurus,,Non-Avian,Theropoda,Saurischia,False,1,Carnivore,201.4,192.9,8.5,Hettangian,Sinemurian,Lower Jurassic,Lower Jurassic
Syntarsus,Coelophysidae,Non-Avian,Theropoda,Saurischia,False,1,Carnivore,208.5,184.2,24.30000000000001,Rhaetian,Pliensbachian,Upper Triassic,Lower Jurassic
Dilophosaurus,,Non-Avian,Theropoda,Saurischia,False,1,Carnivore,201.4,184.2,17.200000000000017,Hettangian,Pliensbachian,Lower Jurassic,Lower Jurassic
Dracovenator,,Non-Avian,Theropoda,Saurischia,False,1,Carnivore,201.4,192.9,8.5,Hettangian,Sinemurian,Lower Jurassic,Lower Jurassic
Liliensternus,,Non-Avian,Theropoda,Saurischia,False,1,Carnivore,227.0,201.4,25.599999999999994,Norian,Rhaetian,Upper Triassic,Upper Triassic
Notatesseraeraptor,,Non-Avian,Theropoda,Saurischia,False,1,Carnivore,227.0,208.5,18.5,Norian,Norian,Upper Triassic,Upper Triassic
Tachiraptor,,Non-Avian,Theropoda,Saurischia,False,1,Carnivore,201.4,199.5,1.9000000000000057,Hettangian,Hettangian,Lower Jurassic,Lower Jurassic
Velocipes,,Non-Avian,Theropoda,Saurischia,False,1,Carnivore,227.0,208.5,18.5,Norian,Norian,Upper Triassic,Upper Triassic
Zupaysaurus,,Non-Avian,Theropoda,Saurischia,False,1,Carnivore,227.0,208.5,18.5,Norian,Norian,Upper Triassic,Upper Triassic
Caseosaurus,,,,Saurischia,False,1,Carnivore,237.0,208.5,28.5,Carnian,Norian,Upper Triassic,Upper Triassic
Gnathovorax,Herrerasauridae,,,Saurischia,False,1,Carnivore,233.4,227.0,6.400000000000006,Carnian,Carnian,Upper Triassic,Upper Triassic
Herrerasaurus,Herrerasauridae,,,Saurischia,False,1,Carnivore,237.0,227.0,10.0,Carnian,Carnian,Upper Triassic,Upper Triassic
Sanjuansaurus,Herrerasauridae,,,Saurischia,False,1,Carnivore,237.0,227.0,10.0,Carnian,Carnian,Upper Triassic,Upper Triassic
Staurikosaurus,Herrerasauridae,,,Saurischia,False,1,Carnivore,237.0,208.5,28.5,Carnian,Norian,Upper Triassic,Upper Triassic
Chindesaurus,,,,Saurischia,False,1,Carnivore,227.0,208.5,18.5,Norian,Norian,Upper Triassic,Upper Triassic
Daemonosaurus,,,,Saurischia,False,1,Carnivore,208.5,201.4,7.099999999999994,Rhaetian,Rhaetian,Upper Triassic,Upper Triassic
Eodromaeus,,Non-Avian,Theropoda,Saurischia,False,1,Carnivore,237.0,227.0,10.0,Carnian,Carnian,Upper Triassic,Upper Triassic
Erythrovenator,,Non-Avian,Theropoda,Saurischia,False,1,Carnivore,237.0,227.0,10.0,Carnian,Carnian,Upper Triassic,Upper Triassic
Fenestrosaurus,Oviraptoridae,Non-Avian,Theropoda,Saurischia,False,1,Carnivore,83.6,72.1,11.5,Campanian,Campanian,Upper Cretaceous,Upper Cretaceous
Ornithoides,Troodontidae,Non-Avian,Theropoda,Saurischia,False,0,Carnivore,83.6,72.1,11.5,Campanian,Campanian,Upper Cretaceous,Upper Cretaceous
Ovoraptor,Dromaeosauridae,Non-Avian,Theropoda,Saurischia,False,1,Carnivore,83.6,72.1,11.5,Campanian,Campanian,Upper Cretaceous,Upper Cretaceous
Shuangbaisaurus,,Non-Avian,Theropoda,Saurischia,False,1,Carnivore,201.4,199.5,1.9000000000000057,Hettangian,Hettangian,Lower Jurassic,Lower Jurassic
Sinosaurus,,Non-Avian,Theropoda,Saurischia,False,1,Carnivore,201.4,192.9,8.5,Hettangian,Sinemurian,Lower Jurassic,Lower Jurassic
Tawa,,Non-Avian,Theropoda,Saurischia,False,1,Carnivore,227.0,208.5,18.5,Norian,Norian,Upper Triassic,Upper Triassic
Yaverlandia,,Non-Avian,Theropoda,Saurischia,False,1,Carnivore,132.6,121.4,11.199999999999989,Hauterivian,Barremian,Lower Cretaceous,Lower Cretaceous
