Species,Genus,Family,Infraorder,Suborder,Order,Diet,Early Age,Late Age,Early Period,Late Period,Max MYA,Min MYA,Lifespan (MYA)
Ajkaceratops kozmai,Ajkaceratops,,,,Ornithischia,Herbivore,Santonian,Santonian,Upper Cretaceous,Upper Cretaceous,86.3,83.6,2.700000000000003
Turanoceratops tardabilis,Turanoceratops,,,,Ornithischia,Herbivore,Turonian,Turonian,Upper Cretaceous,Upper Cretaceous,93.9,89.8,4.1000000000000085
Zuniceratops christopheri,Zuniceratops,,,,Ornithischia,Herbivore,Turonian,Turonian,Upper Cretaceous,Upper Cretaceous,93.9,89.8,4.1000000000000085
Bagaceratops rozhdestvenskyi,Bagaceratops,Protoceratopsidae,,,Ornithischia,Herbivore,Campanian,Campanian,Upper Cretaceous,Upper Cretaceous,83.6,72.1,11.5
Breviceratops kozlowskii,Breviceratops,Protoceratopsidae,,,Ornithischia,Herbivore,Campanian,Campanian,Upper Cretaceous,Upper Cretaceous,83.6,72.1,11.5
Protoceratops andrewsi,Protoceratops,Protoceratopsidae,,,Ornithischia,Herbivore,Santonian,Campanian,Upper Cretaceous,Upper Cretaceous,86.3,72.1,14.200000000000003
Protoceratops hellenikorhinus,Protoceratops,Protoceratopsidae,,,Ornithischia,Herbivore,Campanian,Campanian,Upper Cretaceous,Upper Cretaceous,83.6,72.1,11.5
Chaoyangsaurus youngi,Chaoyangsaurus,Chaoyangsauridae,Ceratopsia,,Ornithischia,Herbivore,Kimmeridgian,Valanginian,Upper Jurassic,Lower Cretaceous,152.2,132.6,19.599999999999994
Hualianceratops wucaiwanensis,Hualianceratops,Chaoyangsauridae,Ceratopsia,,Ornithischia,Herbivore,Oxfordian,Oxfordian,Upper Jurassic,Upper Jurassic,161.5,154.8,6.699999999999989
Stenopelix valdensis,Stenopelix,Chaoyangsauridae,Ceratopsia,,Ornithischia,Herbivore,Berriasian,Berriasian,Lower Cretaceous,Lower Cretaceous,140.6,139.8,0.799999999999983
Xuanhuaceratops niei,Xuanhuaceratops,Chaoyangsauridae,Ceratopsia,,Ornithischia,Herbivore,Kimmeridgian,Valanginian,Upper Jurassic,Lower Cretaceous,152.2,132.6,19.599999999999994
Yinlong downsi,Yinlong,Chaoyangsauridae,Ceratopsia,,Ornithischia,Herbivore,Oxfordian,Oxfordian,Upper Jurassic,Upper Jurassic,161.5,154.8,6.699999999999989
Cerasinops hodgskissi,Cerasinops,Leptoceratopsidae,,,Ornithischia,Herbivore,Campanian,Campanian,Upper Cretaceous,Upper Cretaceous,83.6,72.1,11.5
Ferrisaurus sustutensis,Ferrisaurus,Leptoceratopsidae,,,Ornithischia,Herbivore,Maastrichtian,Maastrichtian,Upper Cretaceous,Upper Cretaceous,72.1,66.0,6.099999999999994
Gremlin slobodorum,Gremlin,Leptoceratopsidae,Ceratopsia,,Ornithischia,Herbivore,Campanian,Campanian,Upper Cretaceous,Upper Cretaceous,83.6,72.1,11.5
Gryphoceratops morrisoni,Gryphoceratops,Leptoceratopsidae,,,Ornithischia,Herbivore,Santonian,Santonian,Upper Cretaceous,Upper Cretaceous,86.3,83.6,2.700000000000003
Helioceratops brachygnathus,Helioceratops,Archaeoceratopsidae,Ceratopsia,,Ornithischia,Herbivore,Aptian,Albian,Lower Cretaceous,Lower Cretaceous,121.4,100.5,20.900000000000006
Ischioceratops zhuchengensis,Ischioceratops,Leptoceratopsidae,,,Ornithischia,Herbivore,Campanian,Campanian,Upper Cretaceous,Upper Cretaceous,83.6,72.1,11.5
Koreaceratops hwaseongensis,Koreaceratops,,Ceratopsia,,Ornithischia,Herbivore,Albian,Albian,Lower Cretaceous,Lower Cretaceous,113.0,100.5,12.5
Leptoceratops gracilis,Leptoceratops,Leptoceratopsidae,,,Ornithischia,Herbivore,Maastrichtian,Maastrichtian,Upper Cretaceous,Upper Cretaceous,72.1,66.0,6.099999999999994
Montanoceratops cerorhynchus,Montanoceratops,Leptoceratopsidae,,,Ornithischia,Herbivore,Campanian,Maastrichtian,Upper Cretaceous,Upper Cretaceous,83.6,66.0,17.599999999999994
Prenoceratops pieganensis,Prenoceratops,Leptoceratopsidae,,,Ornithischia,Herbivore,Campanian,Campanian,Upper Cretaceous,Upper Cretaceous,83.6,72.1,11.5
Udanoceratops tschizhovi,Udanoceratops,Leptoceratopsidae,,,Ornithischia,Herbivore,Campanian,Campanian,Upper Cretaceous,Upper Cretaceous,83.6,72.1,11.5
Unescoceratops koppelhusae,Unescoceratops,Leptoceratopsidae,,,Ornithischia,Herbivore,Campanian,Campanian,Upper Cretaceous,Upper Cretaceous,83.6,72.1,11.5
Zhuchengceratops inexpectus,Zhuchengceratops,Leptoceratopsidae,,,Ornithischia,Herbivore,Campanian,Campanian,Upper Cretaceous,Upper Cretaceous,83.6,72.1,11.5
Aquilops americanus,Aquilops,,Ceratopsia,,Ornithischia,Herbivore,Albian,Albian,Lower Cretaceous,Lower Cretaceous,109.9,100.5,9.400000000000006
Archaeoceratops oshimai,Archaeoceratops,Archaeoceratopsidae,Ceratopsia,,Ornithischia,Herbivore,Albian,Albian,Lower Cretaceous,Lower Cretaceous,113.0,109.9,3.0999999999999943
Archaeoceratops yujingziensis,Archaeoceratops,Archaeoceratopsidae,Ceratopsia,,Ornithischia,Herbivore,Aptian,Aptian,Lower Cretaceous,Lower Cretaceous,121.4,113.0,8.400000000000006
Asiaceratops salsopaludalis,Asiaceratops,,Ceratopsia,,Ornithischia,Herbivore,Cenomanian,Cenomanian,Upper Cretaceous,Upper Cretaceous,100.5,93.9,6.599999999999994
Auroraceratops rugosus,Auroraceratops,,Ceratopsia,,Ornithischia,Herbivore,Albian,Albian,Lower Cretaceous,Lower Cretaceous,113.0,109.9,3.0999999999999943
Beg tse,Beg,,Ceratopsia,,Ornithischia,Herbivore,Albian,Cenomanian,Lower Cretaceous,Upper Cretaceous,106.2,93.9,12.299999999999997
Graciliceratops mongoliensis,Graciliceratops,,Ceratopsia,,Ornithischia,Herbivore,Cenomanian,Santonian,Upper Cretaceous,Upper Cretaceous,100.5,83.6,16.900000000000006
Liaoceratops yanzigouensis,Liaoceratops,,Ceratopsia,,Ornithischia,Herbivore,Barremian,Aptian,Lower Cretaceous,Lower Cretaceous,125.77,119.5,6.269999999999996
Mosaiceratops azumai,Mosaiceratops,,Ceratopsia,,Ornithischia,Herbivore,Turonian,Campanian,Upper Cretaceous,Upper Cretaceous,93.9,72.1,21.80000000000001
Sasayamagnomus saegusai,Sasayamagnomus,,Ceratopsia,,Ornithischia,Herbivore,Albian,Albian,Lower Cretaceous,Lower Cretaceous,113.0,109.9,3.0999999999999943
Yamaceratops dorngobiensis,Yamaceratops,,Ceratopsia,,Ornithischia,Herbivore,Santonian,Campanian,Upper Cretaceous,Upper Cretaceous,86.3,72.1,14.200000000000003
Albertaceratops nesmoi,Albertaceratops,Ceratopsidae,,,Ornithischia,Herbivore,Campanian,Campanian,Upper Cretaceous,Upper Cretaceous,83.6,72.1,11.5
Lokiceratops rangiformis,Lokiceratops,Ceratopsidae,,,Ornithischia,Herbivore,Campanian,Campanian,Upper Cretaceous,Upper Cretaceous,83.6,72.1,11.5
Medusaceratops lokii,Medusaceratops,Ceratopsidae,,,Ornithischia,Herbivore,Campanian,Campanian,Upper Cretaceous,Upper Cretaceous,83.6,72.1,11.5
Centrosaurus apertus,Centrosaurus,Ceratopsidae,,,Ornithischia,Herbivore,Campanian,Campanian,Upper Cretaceous,Upper Cretaceous,83.6,72.1,11.5
Coronosaurus brinkmani,Coronosaurus,Ceratopsidae,,,Ornithischia,Herbivore,Campanian,Campanian,Upper Cretaceous,Upper Cretaceous,83.6,72.1,11.5
Rubeosaurus ovatus,Rubeosaurus,Ceratopsidae,,,Ornithischia,Herbivore,Campanian,Campanian,Upper Cretaceous,Upper Cretaceous,83.6,72.1,11.5
Spinops sternbergorum,Spinops,Ceratopsidae,,,Ornithischia,Herbivore,Campanian,Campanian,Upper Cretaceous,Upper Cretaceous,83.6,72.1,11.5
Styracosaurus albertensis,Styracosaurus,Ceratopsidae,,,Ornithischia,Herbivore,Campanian,Campanian,Upper Cretaceous,Upper Cretaceous,83.6,72.1,11.5
Avaceratops lammersi,Avaceratops,Ceratopsidae,,,Ornithischia,Herbivore,Campanian,Campanian,Upper Cretaceous,Upper Cretaceous,83.6,72.1,11.5
Crittendenceratops krzyzanowskii,Crittendenceratops,Ceratopsidae,,,Ornithischia,Herbivore,Campanian,Campanian,Upper Cretaceous,Upper Cretaceous,83.6,72.1,11.5
Furcatoceratops elucidans,Furcatoceratops,Ceratopsidae,,,Ornithischia,Herbivore,Campanian,Campanian,Upper Cretaceous,Upper Cretaceous,83.6,72.1,11.5
Nasutoceratops titusi,Nasutoceratops,Ceratopsidae,,,Ornithischia,Herbivore,Campanian,Campanian,Upper Cretaceous,Upper Cretaceous,83.6,72.1,11.5
Yehuecauhceratops mudei,Yehuecauhceratops,Ceratopsidae,,,Ornithischia,Herbivore,Campanian,Campanian,Upper Cretaceous,Upper Cretaceous,83.6,72.1,11.5
Achelousaurus horneri,Achelousaurus,Ceratopsidae,,,Ornithischia,Herbivore,Campanian,Campanian,Upper Cretaceous,Upper Cretaceous,83.6,72.1,11.5
Einiosaurus procurvicornis,Einiosaurus,Ceratopsidae,,,Ornithischia,Herbivore,Campanian,Campanian,Upper Cretaceous,Upper Cretaceous,83.6,72.1,11.5
Pachyrhinosaurus canadensis,Pachyrhinosaurus,Ceratopsidae,,,Ornithischia,Herbivore,Campanian,Maastrichtian,Upper Cretaceous,Upper Cretaceous,83.6,66.0,17.599999999999994
Pachyrhinosaurus lakustai,Pachyrhinosaurus,Ceratopsidae,,,Ornithischia,Herbivore,Campanian,Campanian,Upper Cretaceous,Upper Cretaceous,83.6,72.1,11.5
Pachyrhinosaurus perotorum,Pachyrhinosaurus,Ceratopsidae,,,Ornithischia,Herbivore,Maastrichtian,Maastrichtian,Upper Cretaceous,Upper Cretaceous,72.1,66.0,6.099999999999994
Diabloceratops eatoni,Diabloceratops,Ceratopsidae,,,Ornithischia,Herbivore,Campanian,Campanian,Upper Cretaceous,Upper Cretaceous,83.6,72.1,11.5
Machairoceratops cronusi,Machairoceratops,Ceratopsidae,,,Ornithischia,Herbivore,Campanian,Campanian,Upper Cretaceous,Upper Cretaceous,83.6,72.1,11.5
Menefeeceratops sealeyi,Menefeeceratops,Ceratopsidae,,,Ornithischia,Herbivore,Campanian,Campanian,Upper Cretaceous,Upper Cretaceous,83.6,72.1,11.5
Monoclonius crassus,Monoclonius,Ceratopsidae,,,Ornithischia,Herbivore,Campanian,Campanian,Upper Cretaceous,Upper Cretaceous,83.6,72.1,11.5
Sinoceratops zhuchengensis,Sinoceratops,Ceratopsidae,,,Ornithischia,Herbivore,Campanian,Campanian,Upper Cretaceous,Upper Cretaceous,83.6,72.1,11.5
Stellasaurus ancellae,Stellasaurus,Ceratopsidae,,,Ornithischia,Herbivore,Campanian,Campanian,Upper Cretaceous,Upper Cretaceous,83.6,72.1,11.5
Wendiceratops pinhornensis,Wendiceratops,Ceratopsidae,,,Ornithischia,Herbivore,Campanian,Campanian,Upper Cretaceous,Upper Cretaceous,83.6,72.1,11.5
Xenoceratops foremostensis,Xenoceratops,Ceratopsidae,,,Ornithischia,Herbivore,Campanian,Campanian,Upper Cretaceous,Upper Cretaceous,83.6,72.1,11.5
Eotriceratops xerinsularis,Eotriceratops,Ceratopsidae,,,Ornithischia,Herbivore,Maastrichtian,Maastrichtian,Upper Cretaceous,Upper Cretaceous,72.1,66.0,6.099999999999994
Regaliceratops peterhewsi,Regaliceratops,Ceratopsidae,,,Ornithischia,Herbivore,Maastrichtian,Maastrichtian,Upper Cretaceous,Upper Cretaceous,72.1,66.0,6.099999999999994
Titanoceratops ouranos,Titanoceratops,Ceratopsidae,,,Ornithischia,Herbivore,Campanian,Campanian,Upper Cretaceous,Upper Cretaceous,83.6,72.1,11.5
Torosaurus latus,Torosaurus,Ceratopsidae,,,Ornithischia,Herbivore,Maastrichtian,Maastrichtian,Upper Cretaceous,Upper Cretaceous,72.1,66.0,6.099999999999994
Ojoceratops fowleri,Triceratops,Ceratopsidae,,,Ornithischia,Herbivore,Maastrichtian,Maastrichtian,Upper Cretaceous,Upper Cretaceous,72.1,66.0,6.099999999999994
Tatankaceratops sacrisonorum,Triceratops,Ceratopsidae,,,Ornithischia,Herbivore,Maastrichtian,Maastrichtian,Upper Cretaceous,Upper Cretaceous,72.1,66.0,6.099999999999994
Triceratops horridus,Triceratops,Ceratopsidae,,,Ornithischia,Herbivore,Campanian,Maastrichtian,Upper Cretaceous,Upper Cretaceous,83.6,66.0,17.599999999999994
Triceratops prorsus,Triceratops,Ceratopsidae,,,Ornithischia,Herbivore,Maastrichtian,Maastrichtian,Upper Cretaceous,Upper Cretaceous,72.1,66.0,6.099999999999994
Agujaceratops mariscalensis,Agujaceratops,Ceratopsidae,,,Ornithischia,Herbivore,Campanian,Campanian,Upper Cretaceous,Upper Cretaceous,83.6,72.1,11.5
Agujaceratops mavericus,Agujaceratops,Ceratopsidae,,,Ornithischia,Herbivore,Campanian,Campanian,Upper Cretaceous,Upper Cretaceous,83.6,72.1,11.5
Anchiceratops ornatus,Anchiceratops,Ceratopsidae,,,Ornithischia,Herbivore,Campanian,Maastrichtian,Upper Cretaceous,Upper Cretaceous,83.6,66.0,17.599999999999994
Arrhinoceratops brachyops,Arrhinoceratops,Ceratopsidae,,,Ornithischia,Herbivore,Campanian,Maastrichtian,Upper Cretaceous,Upper Cretaceous,83.6,66.0,17.599999999999994
Bisticeratops froeseorum,Bisticeratops,Ceratopsidae,,,Ornithischia,Herbivore,Campanian,Campanian,Upper Cretaceous,Upper Cretaceous,83.6,72.1,11.5
Bravoceratops polyphemus,Bravoceratops,Ceratopsidae,,,Ornithischia,Herbivore,Maastrichtian,Maastrichtian,Upper Cretaceous,Upper Cretaceous,72.1,66.0,6.099999999999994
Chasmosaurus belli,Chasmosaurus,Ceratopsidae,,,Ornithischia,Herbivore,Campanian,Campanian,Upper Cretaceous,Upper Cretaceous,83.6,72.1,11.5
Chasmosaurus russelli,Chasmosaurus,Ceratopsidae,,,Ornithischia,Herbivore,Campanian,Campanian,Upper Cretaceous,Upper Cretaceous,83.6,72.1,11.5
Coahuilaceratops magnacuerna,Coahuilaceratops,Ceratopsidae,,,Ornithischia,Herbivore,Maastrichtian,Maastrichtian,Upper Cretaceous,Upper Cretaceous,72.1,66.0,6.099999999999994
Judiceratops tigris,Judiceratops,Ceratopsidae,,,Ornithischia,Herbivore,Campanian,Campanian,Upper Cretaceous,Upper Cretaceous,83.6,72.1,11.5
Kosmoceratops richardsoni,Kosmoceratops,Ceratopsidae,,,Ornithischia,Herbivore,Campanian,Campanian,Upper Cretaceous,Upper Cretaceous,83.6,72.1,11.5
Navajoceratops sullivani,Navajoceratops,Ceratopsidae,,,Ornithischia,Herbivore,Campanian,Campanian,Upper Cretaceous,Upper Cretaceous,83.6,72.1,11.5
Pentaceratops sternbergii,Pentaceratops,Ceratopsidae,,,Ornithischia,Herbivore,Campanian,Maastrichtian,Upper Cretaceous,Upper Cretaceous,83.6,66.0,17.599999999999994
Sierraceratops turneri,Sierraceratops,Ceratopsidae,,,Ornithischia,Herbivore,Campanian,Maastrichtian,Upper Cretaceous,Upper Cretaceous,83.6,66.0,17.599999999999994
Spiclypeus shipporum,Spiclypeus,Ceratopsidae,,,Ornithischia,Herbivore,Campanian,Campanian,Upper Cretaceous,Upper Cretaceous,83.6,72.1,11.5
Terminocavus sealeyi,Terminocavus,Ceratopsidae,,,Ornithischia,Herbivore,Campanian,Campanian,Upper Cretaceous,Upper Cretaceous,83.6,72.1,11.5
Utahceratops gettyi,Utahceratops,Ceratopsidae,,,Ornithischia,Herbivore,Campanian,Campanian,Upper Cretaceous,Upper Cretaceous,83.6,72.1,11.5
Vagaceratops irvinensis,Vagaceratops,Ceratopsidae,,,Ornithischia,Herbivore,Campanian,Campanian,Upper Cretaceous,Upper Cretaceous,83.6,72.1,11.5
Albalophosaurus yamaguchiorum,Albalophosaurus,,,,Ornithischia,Herbivore,Barremian,Barremian,Lower Cretaceous,Lower Cretaceous,125.77,121.4,4.36999999999999
Micropachycephalosaurus hongtuyanensis,Micropachycephalosaurus,,,,Ornithischia,Herbivore,Coniacian,Santonian,Upper Cretaceous,Upper Cretaceous,89.8,83.6,6.200000000000003
Notoceratops bonarelli,Notoceratops,,,,Ornithischia,Herbivore,Maastrichtian,Maastrichtian,Upper Cretaceous,Upper Cretaceous,72.1,66.0,6.099999999999994
Psittacosaurus amitabha,Psittacosaurus,Psittacosauridae,Ceratopsia,,Ornithischia,Herbivore,Hauterivian,Barremian,Lower Cretaceous,Lower Cretaceous,132.6,121.4,11.199999999999989
Psittacosaurus gobiensis,Psittacosaurus,Psittacosauridae,Ceratopsia,,Ornithischia,Herbivore,Aptian,Aptian,Lower Cretaceous,Lower Cretaceous,121.4,113.0,8.400000000000006
Psittacosaurus lujiatunensis,Psittacosaurus,Psittacosauridae,Ceratopsia,,Ornithischia,Herbivore,Barremian,Aptian,Lower Cretaceous,Lower Cretaceous,125.77,119.5,6.269999999999996
Psittacosaurus meileyingensis,Psittacosaurus,Psittacosauridae,Ceratopsia,,Ornithischia,Herbivore,Aptian,Aptian,Lower Cretaceous,Lower Cretaceous,121.4,113.0,8.400000000000006
Psittacosaurus mongoliensis,Psittacosaurus,Psittacosauridae,Ceratopsia,,Ornithischia,Herbivore,Aptian,Albian,Lower Cretaceous,Lower Cretaceous,121.4,109.9,11.5
Psittacosaurus neimongoliensis,Psittacosaurus,Psittacosauridae,Ceratopsia,,Ornithischia,Herbivore,Berriasian,Albian,Lower Cretaceous,Lower Cretaceous,145.0,100.5,44.5
Psittacosaurus sibiricus,Psittacosaurus,Psittacosauridae,Ceratopsia,,Ornithischia,Herbivore,Barremian,Aptian,Lower Cretaceous,Lower Cretaceous,125.77,113.0,12.769999999999996
Psittacosaurus sinensis,Psittacosaurus,Psittacosauridae,Ceratopsia,,Ornithischia,Herbivore,Aptian,Albian,Lower Cretaceous,Lower Cretaceous,121.4,100.5,20.900000000000006
Psittacosaurus xinjiangensis,Psittacosaurus,Psittacosauridae,Ceratopsia,,Ornithischia,Herbivore,Valanginian,Albian,Lower Cretaceous,Lower Cretaceous,139.8,100.5,39.30000000000001
Serendipaceratops arthurcclarkei,Serendipaceratops,,,,Ornithischia,Herbivore,Aptian,Aptian,Lower Cretaceous,Lower Cretaceous,119.5,113.0,6.5
Homalocephale calathocercos,Homalocephale,Pachycephalosauridae,Pachycephalosauria,,Ornithischia,Herbivore,Maastrichtian,Maastrichtian,Upper Cretaceous,Upper Cretaceous,72.1,66.0,6.099999999999994
Pachycephalosaurus wyomingensis,Pachycephalosaurus,Pachycephalosauridae,Pachycephalosauria,,Ornithischia,Herbivore,Campanian,Maastrichtian,Upper Cretaceous,Upper Cretaceous,83.6,66.0,17.599999999999994
Prenocephale prenes,Prenocephale,Pachycephalosauridae,Pachycephalosauria,,Ornithischia,Herbivore,Maastrichtian,Maastrichtian,Upper Cretaceous,Upper Cretaceous,72.1,66.0,6.099999999999994
Stegoceras novomexicanum,Stegoceras,Pachycephalosauridae,Pachycephalosauria,,Ornithischia,Herbivore,Campanian,Campanian,Upper Cretaceous,Upper Cretaceous,83.6,72.1,11.5
Stegoceras validum,Stegoceras,Pachycephalosauridae,Pachycephalosauria,,Ornithischia,Herbivore,Campanian,Campanian,Upper Cretaceous,Upper Cretaceous,83.6,72.1,11.5
Alaskacephale gangloffi,Alaskacephale,Pachycephalosauridae,Pachycephalosauria,,Ornithischia,Herbivore,Maastrichtian,Maastrichtian,Upper Cretaceous,Upper Cretaceous,72.1,66.0,6.099999999999994
Acrotholus audeti,Acrotholus,Pachycephalosauridae,Pachycephalosauria,,Ornithischia,Herbivore,Santonian,Santonian,Upper Cretaceous,Upper Cretaceous,86.3,83.6,2.700000000000003
Foraminacephale brevis,Foraminacephale,Pachycephalosauridae,Pachycephalosauria,,Ornithischia,Herbivore,Campanian,Campanian,Upper Cretaceous,Upper Cretaceous,83.6,72.1,11.5
Platytholus clemensi,Platytholus,Pachycephalosauridae,Pachycephalosauria,,Ornithischia,Herbivore,Maastrichtian,Maastrichtian,Upper Cretaceous,Upper Cretaceous,72.1,66.0,6.099999999999994
Sphaerotholus buchholtzae,Sphaerotholus,Pachycephalosauridae,Pachycephalosauria,,Ornithischia,Herbivore,Maastrichtian,Maastrichtian,Upper Cretaceous,Upper Cretaceous,72.1,66.0,6.099999999999994
Sphaerotholus edmontonensis,Sphaerotholus,Pachycephalosauridae,Pachycephalosauria,,Ornithischia,Herbivore,Campanian,Maastrichtian,Upper Cretaceous,Upper Cretaceous,83.6,66.0,17.599999999999994
Sphaerotholus goodwini,Sphaerotholus,Pachycephalosauridae,Pachycephalosauria,,Ornithischia,Herbivore,Campanian,Campanian,Upper Cretaceous,Upper Cretaceous,83.6,72.1,11.5
Sphaerotholus lyonsi,Sphaerotholus,Pachycephalosauridae,Pachycephalosauria,,Ornithischia,Herbivore,Campanian,Campanian,Upper Cretaceous,Upper Cretaceous,83.6,72.1,11.5
Sphaerotholus triregnum,Sphaerotholus,Pachycephalosauridae,Pachycephalosauria,,Ornithischia,Herbivore,Maastrichtian,Maastrichtian,Upper Cretaceous,Upper Cretaceous,72.1,66.0,6.099999999999994
Amtocephale gobiensis,Amtocephale,Pachycephalosauridae,Pachycephalosauria,,Ornithischia,Herbivore,Cenomanian,Santonian,Upper Cretaceous,Upper Cretaceous,100.5,83.6,16.900000000000006
Colepiocephale lambei,Colepiocephale,Pachycephalosauridae,Pachycephalosauria,,Ornithischia,Herbivore,Campanian,Campanian,Upper Cretaceous,Upper Cretaceous,83.6,72.1,11.5
Gravitholus albertae,Gravitholus,Pachycephalosauridae,Pachycephalosauria,,Ornithischia,Herbivore,Campanian,Campanian,Upper Cretaceous,Upper Cretaceous,83.6,72.1,11.5
Hanssuesia sternbergi,Hanssuesia,Pachycephalosauridae,Pachycephalosauria,,Ornithischia,Herbivore,Campanian,Campanian,Upper Cretaceous,Upper Cretaceous,83.6,72.1,11.5
Sinocephale bexelli,Sinocephale,Pachycephalosauridae,Pachycephalosauria,,Ornithischia,Herbivore,Campanian,Maastrichtian,Upper Cretaceous,Upper Cretaceous,83.6,66.0,17.599999999999994
Tylocephale gilmorei,Tylocephale,Pachycephalosauridae,Pachycephalosauria,,Ornithischia,Herbivore,Campanian,Campanian,Upper Cretaceous,Upper Cretaceous,83.6,72.1,11.5
Goyocephale lattimorei,Goyocephale,Pachycephalosauridae,Pachycephalosauria,,Ornithischia,Herbivore,Santonian,Maastrichtian,Upper Cretaceous,Upper Cretaceous,86.3,66.0,20.299999999999997
Tianyulong confuciusi,Tianyulong,Heterodontosauridae,,,Ornithischia,Herbivore,Bathonian,Kimmeridgian,Middle Jurassic,Upper Jurassic,168.2,152.2,16.0
Wannanosaurus yansiensis,Wannanosaurus,,Pachycephalosauria,,Ornithischia,Herbivore,Maastrichtian,Maastrichtian,Upper Cretaceous,Upper Cretaceous,72.1,66.0,6.099999999999994
Gasparinisaura cincosaltensis,Gasparinisaura,,Ornithopoda,,Ornithischia,Herbivore,Campanian,Campanian,Upper Cretaceous,Upper Cretaceous,83.6,72.1,11.5
Daurosaurus olovus,Daurosaurus,,,Neornithischia,Ornithischia,Herbivore,Bathonian,Tithonian,Middle Jurassic,Upper Jurassic,168.2,145.0,23.19999999999999
Hypsilophodon foxii,Hypsilophodon,Hypsilophodontidae,,,Ornithischia,Herbivore,Barremian,Barremian,Lower Cretaceous,Lower Cretaceous,125.77,121.4,4.36999999999999
Vectidromeus insularis,Vectidromeus,Dryosauridae,Ornithopoda,,Ornithischia,Herbivore,Berriasian,Albian,Lower Cretaceous,Lower Cretaceous,145.0,100.5,44.5
Lophorhothon atopus,Lophorhothon,,Ornithopoda,,Ornithischia,Herbivore,Santonian,Campanian,Upper Cretaceous,Upper Cretaceous,86.3,72.1,14.200000000000003
Barilium dawsoni,Barilium,,Ornithopoda,,Ornithischia,Herbivore,Valanginian,Barremian,Lower Cretaceous,Lower Cretaceous,139.8,121.4,18.400000000000006
Bolong yixianensis,Bolong,,Ornithopoda,,Ornithischia,Herbivore,Barremian,Aptian,Lower Cretaceous,Lower Cretaceous,125.77,119.5,6.269999999999996
Jinzhousaurus yangi,Jinzhousaurus,,Ornithopoda,,Ornithischia,Herbivore,Barremian,Aptian,Lower Cretaceous,Lower Cretaceous,125.77,119.5,6.269999999999996
Altirhinus kurzanovi,Altirhinus,,Ornithopoda,,Ornithischia,Herbivore,Albian,Albian,Lower Cretaceous,Lower Cretaceous,109.9,100.5,9.400000000000006
Hypselospinus fittoni,Hypselospinus,,Ornithopoda,,Ornithischia,Herbivore,Berriasian,Valanginian,Lower Cretaceous,Lower Cretaceous,140.6,132.6,8.0
Ouranosaurus nigeriensis,Ouranosaurus,,Ornithopoda,,Ornithischia,Herbivore,Aptian,Albian,Lower Cretaceous,Lower Cretaceous,121.4,100.5,20.900000000000006
Bayannurosaurus perfectus,Bayannurosaurus,,Ornithopoda,,Ornithischia,Herbivore,Aptian,Aptian,Lower Cretaceous,Lower Cretaceous,121.4,119.5,1.9000000000000057
Camptosaurus aphanoecetes,Camptosaurus,Camptosauridae,Ornithopoda,,Ornithischia,Herbivore,Tithonian,Tithonian,Upper Jurassic,Upper Jurassic,149.2,146.3,2.8999999999999773
Camptosaurus dispar,Camptosaurus,Camptosauridae,Ornithopoda,,Ornithischia,Herbivore,Kimmeridgian,Tithonian,Upper Jurassic,Upper Jurassic,154.8,145.0,9.800000000000011
Iguanodon bernissartensis,Iguanodon,Iguanodontidae,Ornithopoda,,Ornithischia,Herbivore,Tithonian,Aptian,Upper Jurassic,Lower Cretaceous,146.3,119.5,26.80000000000001
Iguanodon galvensis,Iguanodon,Iguanodontidae,Ornithopoda,,Ornithischia,Herbivore,Barremian,Barremian,Lower Cretaceous,Lower Cretaceous,125.77,121.4,4.36999999999999
Iguanodon major,Iguanodon,Iguanodontidae,Ornithopoda,,Ornithischia,Herbivore,Hauterivian,Barremian,Lower Cretaceous,Lower Cretaceous,132.6,121.4,11.199999999999989
Oblitosaurus bunnueli,Oblitosaurus,,Ornithopoda,,Ornithischia,Herbivore,Kimmeridgian,Tithonian,Upper Jurassic,Upper Jurassic,152.2,145.0,7.199999999999989
Acristavus gagslarsoni,Acristavus,Hadrosauridae,Ornithopoda,,Ornithischia,Herbivore,Campanian,Campanian,Upper Cretaceous,Upper Cretaceous,83.6,72.1,11.5
Brachylophosaurus canadensis,Brachylophosaurus,Hadrosauridae,Ornithopoda,,Ornithischia,Herbivore,Campanian,Campanian,Upper Cretaceous,Upper Cretaceous,83.6,72.1,11.5
Hadrosaurus foulkii,Hadrosaurus,Hadrosauridae,Ornithopoda,,Ornithischia,Herbivore,Campanian,Campanian,Upper Cretaceous,Upper Cretaceous,83.6,72.1,11.5
Maiasaura peeblesorum,Maiasaura,Hadrosauridae,Ornithopoda,,Ornithischia,Herbivore,Campanian,Campanian,Upper Cretaceous,Upper Cretaceous,83.6,72.1,11.5
Ornatops incantatus,Ornatops,Hadrosauridae,Ornithopoda,,Ornithischia,Herbivore,Campanian,Campanian,Upper Cretaceous,Upper Cretaceous,83.6,72.1,11.5
Probrachylophosaurus bergei,Probrachylophosaurus,Hadrosauridae,Ornithopoda,,Ornithischia,Herbivore,Campanian,Campanian,Upper Cretaceous,Upper Cretaceous,83.6,72.1,11.5
Wulagasaurus dongi,Wulagasaurus,Hadrosauridae,Ornithopoda,,Ornithischia,Herbivore,Maastrichtian,Maastrichtian,Upper Cretaceous,Upper Cretaceous,72.1,66.0,6.099999999999994
Edmontosaurus annectens,Edmontosaurus,Hadrosauridae,Ornithopoda,,Ornithischia,Herbivore,Campanian,Maastrichtian,Upper Cretaceous,Upper Cretaceous,83.6,66.0,17.599999999999994
Edmontosaurus regalis,Edmontosaurus,Hadrosauridae,Ornithopoda,,Ornithischia,Herbivore,Campanian,Maastrichtian,Upper Cretaceous,Upper Cretaceous,83.6,66.0,17.599999999999994
Kerberosaurus manakini,Kerberosaurus,Hadrosauridae,Ornithopoda,,Ornithischia,Herbivore,Maastrichtian,Maastrichtian,Upper Cretaceous,Upper Cretaceous,72.1,66.0,6.099999999999994
Shantungosaurus giganteus,Shantungosaurus,Hadrosauridae,Ornithopoda,,Ornithischia,Herbivore,Campanian,Maastrichtian,Upper Cretaceous,Upper Cretaceous,83.6,66.0,17.599999999999994
Ugrunaaluk kuukpikensis,Ugrunaaluk,Hadrosauridae,Ornithopoda,,Ornithischia,Herbivore,Maastrichtian,Maastrichtian,Upper Cretaceous,Upper Cretaceous,72.1,66.0,6.099999999999994
Gryposaurus latidens,Gryposaurus,Hadrosauridae,Ornithopoda,,Ornithischia,Herbivore,Campanian,Campanian,Upper Cretaceous,Upper Cretaceous,83.6,72.1,11.5
Gryposaurus monumentensis,Gryposaurus,Hadrosauridae,Ornithopoda,,Ornithischia,Herbivore,Campanian,Campanian,Upper Cretaceous,Upper Cretaceous,83.6,72.1,11.5
Gryposaurus notabilis,Gryposaurus,Hadrosauridae,Ornithopoda,,Ornithischia,Herbivore,Campanian,Campanian,Upper Cretaceous,Upper Cretaceous,83.6,72.1,11.5
Huallasaurus australis,Huallasaurus,Hadrosauridae,Ornithopoda,,Ornithischia,Herbivore,Campanian,Maastrichtian,Upper Cretaceous,Upper Cretaceous,83.6,66.0,17.599999999999994
Kelumapusaura machi,Kelumapusaura,Hadrosauridae,Ornithopoda,,Ornithischia,Herbivore,Campanian,Maastrichtian,Upper Cretaceous,Upper Cretaceous,83.6,66.0,17.599999999999994
Kritosaurus navajovius,Kritosaurus,Hadrosauridae,Ornithopoda,,Ornithischia,Herbivore,Campanian,Campanian,Upper Cretaceous,Upper Cretaceous,83.6,72.1,11.5
Naashoibitosaurus ostromi,Naashoibitosaurus,Hadrosauridae,Ornithopoda,,Ornithischia,Herbivore,Campanian,Campanian,Upper Cretaceous,Upper Cretaceous,83.6,72.1,11.5
Secernosaurus koerneri,Secernosaurus,Hadrosauridae,Ornithopoda,,Ornithischia,Herbivore,Campanian,Maastrichtian,Upper Cretaceous,Upper Cretaceous,83.6,66.0,17.599999999999994
Augustynolophus morrisi,Augustynolophus,Hadrosauridae,Ornithopoda,,Ornithischia,Herbivore,Maastrichtian,Maastrichtian,Upper Cretaceous,Upper Cretaceous,72.1,66.0,6.099999999999994
Bonapartesaurus rionegrensis,Bonapartesaurus,Hadrosauridae,Ornithopoda,,Ornithischia,Herbivore,Campanian,Maastrichtian,Upper Cretaceous,Upper Cretaceous,83.6,66.0,17.599999999999994
Prosaurolophus maximus,Prosaurolophus,Hadrosauridae,Ornithopoda,,Ornithischia,Herbivore,Campanian,Maastrichtian,Upper Cretaceous,Upper Cretaceous,83.6,66.0,17.599999999999994
Saurolophus angustirostris,Saurolophus,Hadrosauridae,Ornithopoda,,Ornithischia,Herbivore,Maastrichtian,Maastrichtian,Upper Cretaceous,Upper Cretaceous,72.1,66.0,6.099999999999994
Saurolophus osborni,Saurolophus,Hadrosauridae,Ornithopoda,,Ornithischia,Herbivore,Campanian,Maastrichtian,Upper Cretaceous,Upper Cretaceous,83.6,66.0,17.599999999999994
Anasazisaurus horneri,Anasazisaurus,Hadrosauridae,Ornithopoda,,Ornithischia,Herbivore,Campanian,Campanian,Upper Cretaceous,Upper Cretaceous,83.6,72.1,11.5
Kamuysaurus japonicus,Kamuysaurus,Hadrosauridae,Ornithopoda,,Ornithischia,Herbivore,Maastrichtian,Maastrichtian,Upper Cretaceous,Upper Cretaceous,72.1,66.0,6.099999999999994
Mandschurosaurus amurensis,Mandschurosaurus,Hadrosauridae,Ornithopoda,,Ornithischia,Herbivore,Maastrichtian,Maastrichtian,Upper Cretaceous,Upper Cretaceous,72.1,66.0,6.099999999999994
Adynomosaurus arcanus,Adynomosaurus,Hadrosauridae,Ornithopoda,,Ornithischia,Herbivore,Maastrichtian,Maastrichtian,Upper Cretaceous,Upper Cretaceous,72.1,66.0,6.099999999999994
Ajnabia odysseus,Ajnabia,Hadrosauridae,Ornithopoda,,Ornithischia,Herbivore,Maastrichtian,Maastrichtian,Upper Cretaceous,Upper Cretaceous,72.1,66.0,6.099999999999994
Arenysaurus ardevoli,Arenysaurus,Hadrosauridae,Ornithopoda,,Ornithischia,Herbivore,Maastrichtian,Maastrichtian,Upper Cretaceous,Upper Cretaceous,72.1,66.0,6.099999999999994
Blasisaurus canudoi,Blasisaurus,Hadrosauridae,Ornithopoda,,Ornithischia,Herbivore,Maastrichtian,Maastrichtian,Upper Cretaceous,Upper Cretaceous,72.1,66.0,6.099999999999994
Canardia garonnensis,Canardia,Hadrosauridae,Ornithopoda,,Ornithischia,Herbivore,Maastrichtian,Maastrichtian,Upper Cretaceous,Upper Cretaceous,72.1,66.0,6.099999999999994
Minqaria bata,Minqaria,Hadrosauridae,Ornithopoda,,Ornithischia,Herbivore,Maastrichtian,Maastrichtian,Upper Cretaceous,Upper Cretaceous,72.1,66.0,6.099999999999994
Pararhabdodon isonensis,Pararhabdodon,Hadrosauridae,Ornithopoda,,Ornithischia,Herbivore,Maastrichtian,Maastrichtian,Upper Cretaceous,Upper Cretaceous,72.1,66.0,6.099999999999994
Corythosaurus casuarius,Corythosaurus,Hadrosauridae,Ornithopoda,,Ornithischia,Herbivore,Campanian,Campanian,Upper Cretaceous,Upper Cretaceous,83.6,72.1,11.5
Corythosaurus intermedius,Corythosaurus,Hadrosauridae,Ornithopoda,,Ornithischia,Herbivore,Campanian,Campanian,Upper Cretaceous,Upper Cretaceous,83.6,72.1,11.5
Hypacrosaurus altispinus,Hypacrosaurus,Hadrosauridae,Ornithopoda,,Ornithischia,Herbivore,Campanian,Maastrichtian,Upper Cretaceous,Upper Cretaceous,83.6,66.0,17.599999999999994
Hypacrosaurus stebingeri,Hypacrosaurus,Hadrosauridae,Ornithopoda,,Ornithischia,Herbivore,Campanian,Campanian,Upper Cretaceous,Upper Cretaceous,83.6,72.1,11.5
Lambeosaurus clavinitialis,Lambeosaurus,Hadrosauridae,Ornithopoda,,Ornithischia,Herbivore,Campanian,Campanian,Upper Cretaceous,Upper Cretaceous,83.6,72.1,11.5
Lambeosaurus lambei,Lambeosaurus,Hadrosauridae,Ornithopoda,,Ornithischia,Herbivore,Campanian,Campanian,Upper Cretaceous,Upper Cretaceous,83.6,72.1,11.5
Lambeosaurus magnicristatus,Lambeosaurus,Hadrosauridae,Ornithopoda,,Ornithischia,Herbivore,Campanian,Campanian,Upper Cretaceous,Upper Cretaceous,83.6,72.1,11.5
Velafrons coahuilensis,Velafrons,Hadrosauridae,Ornithopoda,,Ornithischia,Herbivore,Campanian,Campanian,Upper Cretaceous,Upper Cretaceous,83.6,72.1,11.5
Magnapaulia laticaudus,Magnapaulia,Hadrosauridae,Ornithopoda,,Ornithischia,Herbivore,Campanian,Campanian,Upper Cretaceous,Upper Cretaceous,83.6,72.1,11.5
Charonosaurus jiayinensis,Charonosaurus,Hadrosauridae,Ornithopoda,,Ornithischia,Herbivore,Maastrichtian,Maastrichtian,Upper Cretaceous,Upper Cretaceous,72.1,66.0,6.099999999999994
Parasaurolophus cyrtocristatus,Parasaurolophus,Hadrosauridae,Ornithopoda,,Ornithischia,Herbivore,Campanian,Campanian,Upper Cretaceous,Upper Cretaceous,83.6,72.1,11.5
Parasaurolophus tubicen,Parasaurolophus,Hadrosauridae,Ornithopoda,,Ornithischia,Herbivore,Campanian,Campanian,Upper Cretaceous,Upper Cretaceous,83.6,72.1,11.5
Parasaurolophus walkeri,Parasaurolophus,Hadrosauridae,Ornithopoda,,Ornithischia,Herbivore,Campanian,Campanian,Upper Cretaceous,Upper Cretaceous,83.6,72.1,11.5
Tlatolophus galorum,Tlatolophus,Hadrosauridae,Ornithopoda,,Ornithischia,Herbivore,Campanian,Campanian,Upper Cretaceous,Upper Cretaceous,83.6,72.1,11.5
Adelolophus hutchisoni,Adelolophus,Hadrosauridae,Ornithopoda,,Ornithischia,Herbivore,Campanian,Campanian,Upper Cretaceous,Upper Cretaceous,83.6,72.1,11.5
Amurosaurus riabinini,Amurosaurus,Hadrosauridae,Ornithopoda,,Ornithischia,Herbivore,Maastrichtian,Maastrichtian,Upper Cretaceous,Upper Cretaceous,72.1,66.0,6.099999999999994
Angulomastacator daviesi,Angulomastacator,Hadrosauridae,Ornithopoda,,Ornithischia,Herbivore,Campanian,Campanian,Upper Cretaceous,Upper Cretaceous,83.6,72.1,11.5
Aralosaurus tuberiferus,Aralosaurus,Hadrosauridae,Ornithopoda,,Ornithischia,Herbivore,Santonian,Campanian,Upper Cretaceous,Upper Cretaceous,86.3,72.1,14.200000000000003
Jaxartosaurus aralensis,Jaxartosaurus,Hadrosauridae,Ornithopoda,,Ornithischia,Herbivore,Coniacian,Santonian,Upper Cretaceous,Upper Cretaceous,89.8,83.6,6.200000000000003
Kazaklambia convincens,Kazaklambia,Hadrosauridae,Ornithopoda,,Ornithischia,Herbivore,Coniacian,Santonian,Upper Cretaceous,Upper Cretaceous,89.8,83.6,6.200000000000003
Latirhinus uitstlani,Latirhinus,Hadrosauridae,Ornithopoda,,Ornithischia,Herbivore,Campanian,Campanian,Upper Cretaceous,Upper Cretaceous,83.6,72.1,11.5
Nipponosaurus sachalinensis,Nipponosaurus,Hadrosauridae,Ornithopoda,,Ornithischia,Herbivore,Santonian,Campanian,Upper Cretaceous,Upper Cretaceous,86.3,72.1,14.200000000000003
Olorotitan arharensis,Olorotitan,Hadrosauridae,Ornithopoda,,Ornithischia,Herbivore,Maastrichtian,Maastrichtian,Upper Cretaceous,Upper Cretaceous,72.1,66.0,6.099999999999994
Tsintaosaurus spinorhinus,Tsintaosaurus,Hadrosauridae,Ornithopoda,,Ornithischia,Herbivore,Campanian,Campanian,Upper Cretaceous,Upper Cretaceous,83.6,72.1,11.5
Barsboldia sicinskii,Barsboldia,Hadrosauridae,Ornithopoda,,Ornithischia,Herbivore,Maastrichtian,Maastrichtian,Upper Cretaceous,Upper Cretaceous,72.1,66.0,6.099999999999994
Laiyangosaurus youngi,Laiyangosaurus,Hadrosauridae,Ornithopoda,,Ornithischia,Herbivore,Campanian,Campanian,Upper Cretaceous,Upper Cretaceous,83.6,72.1,11.5
Rhinorex condrupus,Rhinorex,Hadrosauridae,Ornithopoda,,Ornithischia,Herbivore,Campanian,Campanian,Upper Cretaceous,Upper Cretaceous,83.6,72.1,11.5
Aquilarhinus palimentus,Aquilarhinus,Hadrosauridae,Ornithopoda,,Ornithischia,Herbivore,Campanian,Campanian,Upper Cretaceous,Upper Cretaceous,83.6,72.1,11.5
Eotrachodon orientalis,Eotrachodon,Hadrosauridae,Ornithopoda,,Ornithischia,Herbivore,Santonian,Santonian,Upper Cretaceous,Upper Cretaceous,86.3,83.6,2.700000000000003
Lapampasaurus cholinoi,Lapampasaurus,Hadrosauridae,Ornithopoda,,Ornithischia,Herbivore,Campanian,Maastrichtian,Upper Cretaceous,Upper Cretaceous,83.6,66.0,17.599999999999994
Malefica deckerti,Malefica,Hadrosauridae,Ornithopoda,,Ornithischia,Herbivore,Campanian,Campanian,Upper Cretaceous,Upper Cretaceous,83.6,72.1,11.5
Yamatosaurus izanagii,Yamatosaurus,Hadrosauridae,Ornithopoda,,Ornithischia,Herbivore,Maastrichtian,Maastrichtian,Upper Cretaceous,Upper Cretaceous,72.1,66.0,6.099999999999994
Bactrosaurus johnsoni,Bactrosaurus,,Ornithopoda,,Ornithischia,Herbivore,Campanian,Campanian,Upper Cretaceous,Upper Cretaceous,83.6,72.1,11.5
Batyrosaurus rozhdestvenskyi,Batyrosaurus,,Ornithopoda,,Ornithischia,Herbivore,Santonian,Campanian,Upper Cretaceous,Upper Cretaceous,86.3,72.1,14.200000000000003
Cedrorestes crichtoni,Cedrorestes,,Ornithopoda,,Ornithischia,Herbivore,Valanginian,Valanginian,Lower Cretaceous,Lower Cretaceous,139.8,132.6,7.200000000000017
Claosaurus agilis,Claosaurus,,Ornithopoda,,Ornithischia,Herbivore,Coniacian,Santonian,Upper Cretaceous,Upper Cretaceous,89.8,83.6,6.200000000000003
Datonglong tianzhenensis,Datonglong,,Ornithopoda,,Ornithischia,Herbivore,Cenomanian,Campanian,Upper Cretaceous,Upper Cretaceous,100.5,72.1,28.400000000000006
Eolambia caroljonesa,Eolambia,,Ornithopoda,,Ornithischia,Herbivore,Aptian,Cenomanian,Lower Cretaceous,Upper Cretaceous,121.4,93.9,27.5
Equijubus normani,Equijubus,,Ornithopoda,,Ornithischia,Herbivore,Albian,Albian,Lower Cretaceous,Lower Cretaceous,113.0,109.9,3.0999999999999943
Fukuisaurus tetoriensis,Fukuisaurus,,Ornithopoda,,Ornithischia,Herbivore,Aptian,Aptian,Lower Cretaceous,Lower Cretaceous,121.4,113.0,8.400000000000006
Fylax thyrakolasus,Fylax,,Ornithopoda,,Ornithischia,Herbivore,Maastrichtian,Maastrichtian,Upper Cretaceous,Upper Cretaceous,72.1,66.0,6.099999999999994
Gilmoreosaurus mongoliensis,Gilmoreosaurus,,Ornithopoda,,Ornithischia,Herbivore,Campanian,Campanian,Upper Cretaceous,Upper Cretaceous,83.6,72.1,11.5
Gobihadros mongoliensis,Gobihadros,,Ornithopoda,,Ornithischia,Herbivore,Cenomanian,Santonian,Upper Cretaceous,Upper Cretaceous,100.5,83.6,16.900000000000006
Gongpoquansaurus mazongshanensis,Gongpoquansaurus,,Ornithopoda,,Ornithischia,Herbivore,Albian,Albian,Lower Cretaceous,Lower Cretaceous,113.0,109.9,3.0999999999999943
Gonkoken nanoi,Gonkoken,,Ornithopoda,,Ornithischia,Herbivore,Maastrichtian,Maastrichtian,Upper Cretaceous,Upper Cretaceous,72.1,66.0,6.099999999999994
Huehuecanauhtlus tiquichensis,Huehuecanauhtlus,,Ornithopoda,,Ornithischia,Herbivore,Santonian,Santonian,Upper Cretaceous,Upper Cretaceous,86.3,83.6,2.700000000000003
Jeyawati rugoculus,Jeyawati,,Ornithopoda,,Ornithischia,Herbivore,Turonian,Turonian,Upper Cretaceous,Upper Cretaceous,93.9,89.8,4.1000000000000085
Jintasaurus meniscus,Jintasaurus,,Ornithopoda,,Ornithischia,Herbivore,Aptian,Aptian,Lower Cretaceous,Lower Cretaceous,121.4,113.0,8.400000000000006
Koshisaurus katsuyama,Koshisaurus,,Ornithopoda,,Ornithischia,Herbivore,Aptian,Aptian,Lower Cretaceous,Lower Cretaceous,121.4,113.0,8.400000000000006
Levnesovia transoxiana,Levnesovia,,Ornithopoda,,Ornithischia,Herbivore,Turonian,Turonian,Upper Cretaceous,Upper Cretaceous,93.9,89.8,4.1000000000000085
Morelladon beltrani,Morelladon,,Ornithopoda,,Ornithischia,Herbivore,Barremian,Barremian,Lower Cretaceous,Lower Cretaceous,125.77,121.4,4.36999999999999
Nanningosaurus dashiensis,Nanningosaurus,,Ornithopoda,,Ornithischia,Herbivore,Cenomanian,Maastrichtian,Upper Cretaceous,Upper Cretaceous,100.5,66.0,34.5
Nanyangosaurus zhugeii,Nanyangosaurus,,Ornithopoda,,Ornithischia,Herbivore,Turonian,Campanian,Upper Cretaceous,Upper Cretaceous,93.9,72.1,21.80000000000001
Penelopognathus weishampeli,Penelopognathus,,Ornithopoda,,Ornithischia,Herbivore,Aptian,Aptian,Lower Cretaceous,Lower Cretaceous,121.4,113.0,8.400000000000006
Plesiohadros djadokhtaensis,Plesiohadros,,Ornithopoda,,Ornithischia,Herbivore,Santonian,Campanian,Upper Cretaceous,Upper Cretaceous,86.3,72.1,14.200000000000003
Portellsaurus sosbaynati,Portellsaurus,,Ornithopoda,,Ornithischia,Herbivore,Barremian,Barremian,Lower Cretaceous,Lower Cretaceous,125.77,121.4,4.36999999999999
Probactrosaurus gobiensis,Probactrosaurus,,Ornithopoda,,Ornithischia,Herbivore,Aptian,Albian,Lower Cretaceous,Lower Cretaceous,121.4,100.5,20.900000000000006
Protohadros byrdi,Protohadros,,Ornithopoda,,Ornithischia,Herbivore,Cenomanian,Cenomanian,Upper Cretaceous,Upper Cretaceous,100.5,93.9,6.599999999999994
Ratchasimasaurus suranareae,Ratchasimasaurus,,Ornithopoda,,Ornithischia,Herbivore,Aptian,Aptian,Lower Cretaceous,Lower Cretaceous,121.4,113.0,8.400000000000006
Shuangmiaosaurus gilmorei,Shuangmiaosaurus,,Ornithopoda,,Ornithischia,Herbivore,Albian,Albian,Lower Cretaceous,Lower Cretaceous,106.2,100.5,5.700000000000003
Sirindhorna khoratensis,Sirindhorna,,Ornithopoda,,Ornithischia,Herbivore,Aptian,Aptian,Lower Cretaceous,Lower Cretaceous,121.4,113.0,8.400000000000006
Tanius chingkankouensis,Tanius,,Ornithopoda,,Ornithischia,Herbivore,Campanian,Campanian,Upper Cretaceous,Upper Cretaceous,83.6,72.1,11.5
Tanius sinensis,Tanius,,Ornithopoda,,Ornithischia,Herbivore,Coniacian,Campanian,Upper Cretaceous,Upper Cretaceous,89.8,72.1,17.700000000000003
Telmatosaurus transsylvanicus,Telmatosaurus,,Ornithopoda,,Ornithischia,Herbivore,Campanian,Maastrichtian,Upper Cretaceous,Upper Cretaceous,83.6,66.0,17.599999999999994
Tethyshadros insularis,Tethyshadros,,Ornithopoda,,Ornithischia,Herbivore,Campanian,Campanian,Upper Cretaceous,Upper Cretaceous,83.6,72.1,11.5
Xuwulong yueluni,Xuwulong,,Ornithopoda,,Ornithischia,Herbivore,Aptian,Aptian,Lower Cretaceous,Lower Cretaceous,121.4,113.0,8.400000000000006
Yunganglong datongensis,Yunganglong,,Ornithopoda,,Ornithischia,Herbivore,Cenomanian,Santonian,Upper Cretaceous,Upper Cretaceous,100.5,83.6,16.900000000000006
Zhanghenglong yangchengensis,Zhanghenglong,,Ornithopoda,,Ornithischia,Herbivore,Santonian,Santonian,Upper Cretaceous,Upper Cretaceous,86.3,83.6,2.700000000000003
Zuoyunlong huangi,Zuoyunlong,,Ornithopoda,,Ornithischia,Herbivore,Cenomanian,Santonian,Upper Cretaceous,Upper Cretaceous,100.5,83.6,16.900000000000006
Brighstoneus simmondsi,Brighstoneus,,Ornithopoda,,Ornithischia,Herbivore,Barremian,Barremian,Lower Cretaceous,Lower Cretaceous,125.77,121.4,4.36999999999999
Comptonatus chasei,Comptonatus,Iguanodontidae,Ornithopoda,,Ornithischia,Herbivore,Barremian,Barremian,Lower Cretaceous,Lower Cretaceous,125.77,121.4,4.36999999999999
Proa valdearinnoensis,Proa,,Ornithopoda,,Ornithischia,Herbivore,Albian,Albian,Lower Cretaceous,Lower Cretaceous,113.0,109.9,3.0999999999999943
Siamodon nimngami,Siamodon,,Ornithopoda,,Ornithischia,Herbivore,Aptian,Aptian,Lower Cretaceous,Lower Cretaceous,121.4,113.0,8.400000000000006
Calvarius rapidus,Calvarius,,Ornithopoda,,Ornithischia,Herbivore,Maastrichtian,Maastrichtian,Upper Cretaceous,Upper Cretaceous,72.1,66.0,6.099999999999994
Cumnoria prestwichii,Cumnoria,,Ornithopoda,,Ornithischia,Herbivore,Kimmeridgian,Kimmeridgian,Upper Jurassic,Upper Jurassic,152.2,149.2,3.0
Dakotadon lakotaensis,Dakotadon,,Ornithopoda,,Ornithischia,Herbivore,Valanginian,Valanginian,Lower Cretaceous,Lower Cretaceous,139.8,132.6,7.200000000000017
Delapparentia turolensis,Delapparentia,Iguanodontidae,Ornithopoda,,Ornithischia,Herbivore,Barremian,Barremian,Lower Cretaceous,Lower Cretaceous,125.77,121.4,4.36999999999999
Draconyx loureiroi,Draconyx,,Ornithopoda,,Ornithischia,Herbivore,Kimmeridgian,Tithonian,Upper Jurassic,Upper Jurassic,152.2,146.3,5.899999999999977
Hippodraco scutodens,Hippodraco,,Ornithopoda,,Ornithischia,Herbivore,Valanginian,Valanginian,Lower Cretaceous,Lower Cretaceous,139.8,132.6,7.200000000000017
Iguanacolossus fortis,Iguanacolossus,,Ornithopoda,,Ornithischia,Herbivore,Berriasian,Valanginian,Lower Cretaceous,Lower Cretaceous,140.6,132.6,8.0
Lanzhousaurus magnidens,Lanzhousaurus,,Ornithopoda,,Ornithischia,Herbivore,Barremian,Aptian,Lower Cretaceous,Lower Cretaceous,125.77,113.0,12.769999999999996
Magnamanus soriaensis,Magnamanus,,Ornithopoda,,Ornithischia,Herbivore,Hauterivian,Barremian,Lower Cretaceous,Lower Cretaceous,132.6,121.4,11.199999999999989
Napaisaurus guangxiensis,Napaisaurus,,Ornithopoda,,Ornithischia,Herbivore,Aptian,Aptian,Lower Cretaceous,Lower Cretaceous,121.4,113.0,8.400000000000006
Riabininohadros weberae,Riabininohadros,,Ornithopoda,,Ornithischia,Herbivore,Maastrichtian,Maastrichtian,Upper Cretaceous,Upper Cretaceous,72.1,66.0,6.099999999999994
Theiophytalia kerri,Theiophytalia,,Ornithopoda,,Ornithischia,Herbivore,Aptian,Albian,Lower Cretaceous,Lower Cretaceous,121.4,100.5,20.900000000000006
Callovosaurus leedsi,Callovosaurus,Dryosauridae,Ornithopoda,,Ornithischia,Herbivore,Callovian,Callovian,Middle Jurassic,Middle Jurassic,165.3,161.5,3.8000000000000114
Dryosaurus altus,Dryosaurus,Dryosauridae,Ornithopoda,,Ornithischia,Herbivore,Kimmeridgian,Tithonian,Upper Jurassic,Upper Jurassic,154.8,145.0,9.800000000000011
Dryosaurus elderae,Dryosaurus,Dryosauridae,Ornithopoda,,Ornithischia,Herbivore,Tithonian,Tithonian,Upper Jurassic,Upper Jurassic,149.2,146.3,2.8999999999999773
Dysalotosaurus lettowvorbecki,Dysalotosaurus,Dryosauridae,Ornithopoda,,Ornithischia,Herbivore,Kimmeridgian,Kimmeridgian,Upper Jurassic,Upper Jurassic,152.2,149.2,3.0
Elrhazosaurus nigeriensis,Elrhazosaurus,Dryosauridae,Ornithopoda,,Ornithischia,Herbivore,Aptian,Aptian,Lower Cretaceous,Lower Cretaceous,121.4,113.0,8.400000000000006
Valdosaurus canaliculatus,Valdosaurus,Dryosauridae,Ornithopoda,,Ornithischia,Herbivore,Hauterivian,Barremian,Lower Cretaceous,Lower Cretaceous,132.6,121.4,11.199999999999989
Eousdryosaurus nanohallucis,Eousdryosaurus,Dryosauridae,Ornithopoda,,Ornithischia,Herbivore,Kimmeridgian,Tithonian,Upper Jurassic,Upper Jurassic,152.2,146.3,5.899999999999977
Hesperonyx martinhotomasorum,Hesperonyx,,Ornithopoda,,Ornithischia,Herbivore,Kimmeridgian,Kimmeridgian,Upper Jurassic,Upper Jurassic,152.2,149.2,3.0
Owenodon hoggii,Owenodon,,Ornithopoda,,Ornithischia,Herbivore,Tithonian,Berriasian,Upper Jurassic,Lower Cretaceous,149.2,140.6,8.599999999999994
Anabisetia saldiviai,Anabisetia,,Ornithopoda,,Ornithischia,Herbivore,Turonian,Turonian,Upper Cretaceous,Upper Cretaceous,93.9,89.8,4.1000000000000085
Atlascopcosaurus loadsi,Atlascopcosaurus,,Ornithopoda,,Ornithischia,Herbivore,Barremian,Albian,Lower Cretaceous,Lower Cretaceous,125.77,109.9,15.86999999999999
Chakisaurus nekul,Chakisaurus,,Ornithopoda,,Ornithischia,Herbivore,Cenomanian,Turonian,Upper Cretaceous,Upper Cretaceous,100.5,89.8,10.700000000000003
Diluvicursor pickeringi,Diluvicursor,,Ornithopoda,,Ornithischia,Herbivore,Albian,Albian,Lower Cretaceous,Lower Cretaceous,113.0,109.9,3.0999999999999943
Galleonosaurus dorisae,Galleonosaurus,,Ornithopoda,,Ornithischia,Herbivore,Barremian,Albian,Lower Cretaceous,Lower Cretaceous,125.77,109.9,15.86999999999999
Isasicursor santacrucensis,Isasicursor,,Ornithopoda,,Ornithischia,Herbivore,Maastrichtian,Maastrichtian,Upper Cretaceous,Upper Cretaceous,72.1,66.0,6.099999999999994
Kangnasaurus coetzeei,Kangnasaurus,,Ornithopoda,,Ornithischia,Herbivore,Cenomanian,Maastrichtian,Upper Cretaceous,Upper Cretaceous,100.5,66.0,34.5
Leaellynasaura amicagraphica,Leaellynasaura,,Ornithopoda,,Ornithischia,Herbivore,Albian,Albian,Lower Cretaceous,Lower Cretaceous,113.0,109.9,3.0999999999999943
Macrogryphosaurus gondwanicus,Macrogryphosaurus,,Ornithopoda,,Ornithischia,Herbivore,Coniacian,Coniacian,Upper Cretaceous,Upper Cretaceous,89.8,86.3,3.5
Mahuidacursor lipanglef,Mahuidacursor,,Ornithopoda,,Ornithischia,Herbivore,Santonian,Santonian,Upper Cretaceous,Upper Cretaceous,86.3,83.6,2.700000000000003
Morrosaurus antarcticus,Morrosaurus,,Ornithopoda,,Ornithischia,Herbivore,Maastrichtian,Maastrichtian,Upper Cretaceous,Upper Cretaceous,72.1,66.0,6.099999999999994
Talenkauen santacrucensis,Talenkauen,,Ornithopoda,,Ornithischia,Herbivore,Campanian,Campanian,Upper Cretaceous,Upper Cretaceous,83.6,72.1,11.5
Tietasaura derbyiana,Tietasaura,,Ornithopoda,,Ornithischia,Herbivore,Valanginian,Hauterivian,Lower Cretaceous,Lower Cretaceous,139.8,125.77,14.030000000000015
Trinisaura santamartaensis,Trinisaura,,Ornithopoda,,Ornithischia,Herbivore,Campanian,Campanian,Upper Cretaceous,Upper Cretaceous,83.6,72.1,11.5
Matheronodon provincialis,Matheronodon,Rhabdodontidae,Ornithopoda,,Ornithischia,Herbivore,Campanian,Campanian,Upper Cretaceous,Upper Cretaceous,83.6,72.1,11.5
Mochlodon vorosi,Mochlodon,Rhabdodontidae,Ornithopoda,,Ornithischia,Herbivore,Santonian,Santonian,Upper Cretaceous,Upper Cretaceous,86.3,83.6,2.700000000000003
Rhabdodon suessi,Mochlodon,Rhabdodontidae,Ornithopoda,,Ornithischia,Herbivore,Campanian,Maastrichtian,Upper Cretaceous,Upper Cretaceous,83.6,66.0,17.599999999999994
Pareisactus evrostos,Pareisactus,Rhabdodontidae,Ornithopoda,,Ornithischia,Herbivore,Maastrichtian,Maastrichtian,Upper Cretaceous,Upper Cretaceous,72.1,66.0,6.099999999999994
Rhabdodon priscus,Rhabdodon,Rhabdodontidae,Ornithopoda,,Ornithischia,Herbivore,Campanian,Maastrichtian,Upper Cretaceous,Upper Cretaceous,83.6,66.0,17.599999999999994
Rhabdodon septimanicus,Rhabdodon,Rhabdodontidae,Ornithopoda,,Ornithischia,Herbivore,Campanian,Maastrichtian,Upper Cretaceous,Upper Cretaceous,83.6,66.0,17.599999999999994
Transylvanosaurus platycephalus,Transylvanosaurus,Rhabdodontidae,Ornithopoda,,Ornithischia,Herbivore,Maastrichtian,Maastrichtian,Upper Cretaceous,Upper Cretaceous,72.1,66.0,6.099999999999994
Zalmoxes robustus,Zalmoxes,Rhabdodontidae,Ornithopoda,,Ornithischia,Herbivore,Campanian,Maastrichtian,Upper Cretaceous,Upper Cretaceous,83.6,66.0,17.599999999999994
Zalmoxes shqiperorum,Zalmoxes,Rhabdodontidae,Ornithopoda,,Ornithischia,Herbivore,Maastrichtian,Maastrichtian,Upper Cretaceous,Upper Cretaceous,72.1,66.0,6.099999999999994
Emiliasaura alessandrii,Emiliasaura,,Ornithopoda,,Ornithischia,Herbivore,Valanginian,Valanginian,Lower Cretaceous,Lower Cretaceous,139.8,132.6,7.200000000000017
Fostoria dhimbangunmal,Fostoria,,Ornithopoda,,Ornithischia,Herbivore,Cenomanian,Cenomanian,Upper Cretaceous,Upper Cretaceous,100.5,93.9,6.599999999999994
Iani smithi,Iani,,Ornithopoda,,Ornithischia,Herbivore,Cenomanian,Cenomanian,Upper Cretaceous,Upper Cretaceous,100.5,93.9,6.599999999999994
Muttaburrasaurus langdoni,Muttaburrasaurus,,Ornithopoda,,Ornithischia,Herbivore,Albian,Cenomanian,Lower Cretaceous,Upper Cretaceous,106.2,93.9,12.299999999999997
Craspedodon lonzeensis,Craspedodon,,Ceratopsia,,Ornithischia,Herbivore,Coniacian,Santonian,Upper Cretaceous,Upper Cretaceous,89.8,83.6,6.200000000000003
Lurdusaurus arenatus,Lurdusaurus,,Ornithopoda,,Ornithischia,Herbivore,Albian,Albian,Lower Cretaceous,Lower Cretaceous,113.0,100.5,12.5
Choyrodon barsboldi,Choyrodon,,Ornithopoda,,Ornithischia,Herbivore,Albian,Albian,Lower Cretaceous,Lower Cretaceous,109.9,100.5,9.400000000000006
Convolosaurus marri,Convolosaurus,,Ornithopoda,,Ornithischia,Herbivore,Aptian,Aptian,Lower Cretaceous,Lower Cretaceous,119.5,113.0,6.5
Fulgurotherium australe,Fulgurotherium,,,Neornithischia,Ornithischia,Herbivore,Cenomanian,Cenomanian,Upper Cretaceous,Upper Cretaceous,100.5,93.9,6.599999999999994
Iyuku raathi,Iyuku,,Ornithopoda,,Ornithischia,Herbivore,Valanginian,Valanginian,Lower Cretaceous,Lower Cretaceous,139.8,132.6,7.200000000000017
Mantellisaurus atherfieldensis,Mantellisaurus,,Ornithopoda,,Ornithischia,Herbivore,Berriasian,Aptian,Lower Cretaceous,Lower Cretaceous,145.0,119.5,25.5
Osmakasaurus depressus,Osmakasaurus,,Ornithopoda,,Ornithischia,Herbivore,Kimmeridgian,Barremian,Upper Jurassic,Lower Cretaceous,154.8,121.4,33.400000000000006
Planicoxa venenica,Planicoxa,,Ornithopoda,,Ornithischia,Herbivore,Aptian,Aptian,Lower Cretaceous,Lower Cretaceous,121.4,113.0,8.400000000000006
Sektensaurus sanjuanboscoi,Sektensaurus,,Ornithopoda,,Ornithischia,Herbivore,Campanian,Maastrichtian,Upper Cretaceous,Upper Cretaceous,83.6,66.0,17.599999999999994
Tenontosaurus dossi,Tenontosaurus,,Ornithopoda,,Ornithischia,Herbivore,Aptian,Aptian,Lower Cretaceous,Lower Cretaceous,119.5,113.0,6.5
Tenontosaurus tilletti,Tenontosaurus,,Ornithopoda,,Ornithischia,Herbivore,Aptian,Cenomanian,Lower Cretaceous,Upper Cretaceous,121.4,93.9,27.5
Yueosaurus tiantaiensis,Yueosaurus,Thescelosauridae,,,Ornithischia,Herbivore,Albian,Cenomanian,Lower Cretaceous,Upper Cretaceous,113.0,93.9,19.099999999999994
Thescelosaurus assiniboiensis,Thescelosaurus,Thescelosauridae,,,Ornithischia,Herbivore,Maastrichtian,Maastrichtian,Upper Cretaceous,Upper Cretaceous,72.1,66.0,6.099999999999994
Thescelosaurus edmontonensis,Thescelosaurus,Thescelosauridae,,,Ornithischia,Herbivore,Maastrichtian,Maastrichtian,Upper Cretaceous,Upper Cretaceous,72.1,66.0,6.099999999999994
Thescelosaurus neglectus,Thescelosaurus,Thescelosauridae,,,Ornithischia,Herbivore,Campanian,Maastrichtian,Upper Cretaceous,Upper Cretaceous,83.6,66.0,17.599999999999994
Ampelognathus coheni,Ampelognathus,,Ornithopoda,,Ornithischia,Herbivore,Cenomanian,Cenomanian,Upper Cretaceous,Upper Cretaceous,100.5,93.9,6.599999999999994
Burianosaurus augustai,Burianosaurus,,Ornithopoda,,Ornithischia,Herbivore,Cenomanian,Cenomanian,Upper Cretaceous,Upper Cretaceous,100.5,93.9,6.599999999999994
Changchunsaurus parvus,Changchunsaurus,Thescelosauridae,,,Ornithischia,Herbivore,Aptian,Albian,Lower Cretaceous,Lower Cretaceous,121.4,100.5,20.900000000000006
Changmiania liaoningensis,Changmiania,,Ornithopoda,,Ornithischia,Herbivore,Barremian,Aptian,Lower Cretaceous,Lower Cretaceous,125.77,119.5,6.269999999999996
Gideonmantellia amosanjuanae,Gideonmantellia,,Ornithopoda,,Ornithischia,Herbivore,Barremian,Barremian,Lower Cretaceous,Lower Cretaceous,125.77,121.4,4.36999999999999
Nanosaurus agilis,Nanosaurus,Nanosauridae,,Neornithischia,Ornithischia,Herbivore,Oxfordian,Tithonian,Upper Jurassic,Upper Jurassic,157.9,145.0,12.900000000000006
Qantassaurus intrepidus,Qantassaurus,,Ornithopoda,,Ornithischia,Herbivore,Barremian,Barremian,Lower Cretaceous,Lower Cretaceous,125.77,121.4,4.36999999999999
Weewarrasaurus pobeni,Weewarrasaurus,,Ornithopoda,,Ornithischia,Herbivore,Cenomanian,Cenomanian,Upper Cretaceous,Upper Cretaceous,100.5,93.9,6.599999999999994
Stegouros elengassen,Stegouros,,Ankylosauria,Thyreophora,Ornithischia,Herbivore,Campanian,Maastrichtian,Upper Cretaceous,Upper Cretaceous,83.6,66.0,17.599999999999994
Akainacephalus johnsoni,Akainacephalus,Ankylosauridae,Ankylosauria,Thyreophora,Ornithischia,Herbivore,Campanian,Campanian,Upper Cretaceous,Upper Cretaceous,83.6,72.1,11.5
Ziapelta sanjuanensis,Ziapelta,Ankylosauridae,Ankylosauria,Thyreophora,Ornithischia,Herbivore,Campanian,Campanian,Upper Cretaceous,Upper Cretaceous,83.6,72.1,11.5
Anodontosaurus inceptus,Anodontosaurus,Ankylosauridae,Ankylosauria,Thyreophora,Ornithischia,Herbivore,Campanian,Maastrichtian,Upper Cretaceous,Upper Cretaceous,83.6,66.0,17.599999999999994
Anodontosaurus lambei,Anodontosaurus,Ankylosauridae,Ankylosauria,Thyreophora,Ornithischia,Herbivore,Campanian,Maastrichtian,Upper Cretaceous,Upper Cretaceous,83.6,66.0,17.599999999999994
Dyoplosaurus acutosquameus,Dyoplosaurus,Ankylosauridae,Ankylosauria,Thyreophora,Ornithischia,Herbivore,Campanian,Campanian,Upper Cretaceous,Upper Cretaceous,83.6,72.1,11.5
Euoplocephalus tutus,Euoplocephalus,Ankylosauridae,Ankylosauria,Thyreophora,Ornithischia,Herbivore,Campanian,Campanian,Upper Cretaceous,Upper Cretaceous,83.6,72.1,11.5
Platypelta coombsi,Platypelta,Ankylosauridae,Ankylosauria,Thyreophora,Ornithischia,Herbivore,Campanian,Campanian,Upper Cretaceous,Upper Cretaceous,83.6,72.1,11.5
Scolosaurus cutleri,Scolosaurus,Ankylosauridae,Ankylosauria,Thyreophora,Ornithischia,Herbivore,Campanian,Campanian,Upper Cretaceous,Upper Cretaceous,83.6,72.1,11.5
Scolosaurus thronus,Scolosaurus,Ankylosauridae,Ankylosauria,Thyreophora,Ornithischia,Herbivore,Campanian,Campanian,Upper Cretaceous,Upper Cretaceous,83.6,72.1,11.5
Ankylosaurus magniventris,Ankylosaurus,Ankylosauridae,Ankylosauria,Thyreophora,Ornithischia,Herbivore,Maastrichtian,Maastrichtian,Upper Cretaceous,Upper Cretaceous,72.1,66.0,6.099999999999994
Crichtonpelta benxiensis,Crichtonpelta,Ankylosauridae,Ankylosauria,Thyreophora,Ornithischia,Herbivore,Albian,Turonian,Lower Cretaceous,Upper Cretaceous,106.2,89.8,16.400000000000006
Jinyunpelta sinensis,Jinyunpelta,Ankylosauridae,Ankylosauria,Thyreophora,Ornithischia,Herbivore,Albian,Albian,Lower Cretaceous,Lower Cretaceous,113.0,100.5,12.5
Nodocephalosaurus kirtlandensis,Nodocephalosaurus,Ankylosauridae,Ankylosauria,Thyreophora,Ornithischia,Herbivore,Campanian,Campanian,Upper Cretaceous,Upper Cretaceous,83.6,72.1,11.5
Oohkotokia horneri,Oohkotokia,Ankylosauridae,Ankylosauria,Thyreophora,Ornithischia,Herbivore,Campanian,Campanian,Upper Cretaceous,Upper Cretaceous,83.6,72.1,11.5
Pinacosaurus grangeri,Pinacosaurus,Ankylosauridae,Ankylosauria,Thyreophora,Ornithischia,Herbivore,Coniacian,Campanian,Upper Cretaceous,Upper Cretaceous,89.8,72.1,17.700000000000003
Pinacosaurus mephistocephalus,Pinacosaurus,Ankylosauridae,Ankylosauria,Thyreophora,Ornithischia,Herbivore,Campanian,Campanian,Upper Cretaceous,Upper Cretaceous,83.6,72.1,11.5
Saichania chulsanensis,Saichania,Ankylosauridae,Ankylosauria,Thyreophora,Ornithischia,Herbivore,Cenomanian,Campanian,Upper Cretaceous,Upper Cretaceous,100.5,72.1,28.400000000000006
Talarurus plicatospineus,Talarurus,Ankylosauridae,Ankylosauria,Thyreophora,Ornithischia,Herbivore,Cenomanian,Santonian,Upper Cretaceous,Upper Cretaceous,100.5,83.6,16.900000000000006
Tarchia kielanae,Tarchia,Ankylosauridae,Ankylosauria,Thyreophora,Ornithischia,Herbivore,Campanian,Campanian,Upper Cretaceous,Upper Cretaceous,83.6,72.1,11.5
Tarchia teresae,Tarchia,Ankylosauridae,Ankylosauria,Thyreophora,Ornithischia,Herbivore,Maastrichtian,Maastrichtian,Upper Cretaceous,Upper Cretaceous,72.1,66.0,6.099999999999994
Tarchia tumanovae,Tarchia,Ankylosauridae,Ankylosauria,Thyreophora,Ornithischia,Herbivore,Maastrichtian,Maastrichtian,Upper Cretaceous,Upper Cretaceous,72.1,66.0,6.099999999999994
Tsagantegia longicranialis,Tsagantegia,Ankylosauridae,Ankylosauria,Thyreophora,Ornithischia,Herbivore,Cenomanian,Santonian,Upper Cretaceous,Upper Cretaceous,100.5,83.6,16.900000000000006
Zaraapelta nomadis,Zaraapelta,Ankylosauridae,Ankylosauria,Thyreophora,Ornithischia,Herbivore,Cenomanian,Santonian,Upper Cretaceous,Upper Cretaceous,100.5,83.6,16.900000000000006
Zuul crurivastator,Zuul,Ankylosauridae,Ankylosauria,Thyreophora,Ornithischia,Herbivore,Campanian,Campanian,Upper Cretaceous,Upper Cretaceous,83.6,72.1,11.5
Ahshislepelta minor,Ahshislepelta,,Ankylosauria,Thyreophora,Ornithischia,Herbivore,Campanian,Campanian,Upper Cretaceous,Upper Cretaceous,83.6,72.1,11.5
Aletopelta coombsi,Aletopelta,,Ankylosauria,Thyreophora,Ornithischia,Herbivore,Campanian,Campanian,Upper Cretaceous,Upper Cretaceous,83.6,72.1,11.5
Bissektipelta archibaldi,Bissektipelta,Ankylosauridae,Ankylosauria,Thyreophora,Ornithischia,Herbivore,Turonian,Turonian,Upper Cretaceous,Upper Cretaceous,93.9,89.8,4.1000000000000085
Cedarpelta bilbeyhallorum,Cedarpelta,Ankylosauridae,Ankylosauria,Thyreophora,Ornithischia,Herbivore,Aptian,Albian,Lower Cretaceous,Lower Cretaceous,121.4,100.5,20.900000000000006
Chuanqilong chaoyangensis,Chuanqilong,Ankylosauridae,Ankylosauria,Thyreophora,Ornithischia,Herbivore,Aptian,Aptian,Lower Cretaceous,Lower Cretaceous,121.4,113.0,8.400000000000006
Datai yingliangis,Datai,Ankylosauridae,Ankylosauria,Thyreophora,Ornithischia,Herbivore,Turonian,Coniacian,Upper Cretaceous,Upper Cretaceous,93.9,86.3,7.6000000000000085
Gobisaurus domoculus,Gobisaurus,Ankylosauridae,Ankylosauria,Thyreophora,Ornithischia,Herbivore,Aptian,Albian,Lower Cretaceous,Lower Cretaceous,121.4,100.5,20.900000000000006
Huaxiazhoulong shouwen,Huaxiazhoulong,Ankylosauridae,Ankylosauria,Thyreophora,Ornithischia,Herbivore,Campanian,Campanian,Upper Cretaceous,Upper Cretaceous,83.6,72.1,11.5
Liaoningosaurus paradoxus,Liaoningosaurus,Ankylosauridae,Ankylosauria,Thyreophora,Ornithischia,Herbivore,Barremian,Aptian,Lower Cretaceous,Lower Cretaceous,125.77,119.5,6.269999999999996
Minmi paravertebrata,Minmi,,Ankylosauria,Thyreophora,Ornithischia,Herbivore,Hauterivian,Aptian,Lower Cretaceous,Lower Cretaceous,132.6,119.5,13.099999999999994
Shamosaurus scutatus,Shamosaurus,Ankylosauridae,Ankylosauria,Thyreophora,Ornithischia,Herbivore,Aptian,Albian,Lower Cretaceous,Lower Cretaceous,121.4,100.5,20.900000000000006
Europelta carbonensis,Europelta,Nodosauridae,Ankylosauria,Thyreophora,Ornithischia,Herbivore,Albian,Albian,Lower Cretaceous,Lower Cretaceous,113.0,109.9,3.0999999999999943
Acantholipan gonzalezi,Acantholipan,Nodosauridae,Ankylosauria,Thyreophora,Ornithischia,Herbivore,Campanian,Campanian,Upper Cretaceous,Upper Cretaceous,83.6,72.1,11.5
Animantarx ramaljonesi,Animantarx,Nodosauridae,Ankylosauria,Thyreophora,Ornithischia,Herbivore,Aptian,Albian,Lower Cretaceous,Lower Cretaceous,121.4,100.5,20.900000000000006
Anoplosaurus curtonotus,Anoplosaurus,Nodosauridae,Ankylosauria,Thyreophora,Ornithischia,Herbivore,Cenomanian,Cenomanian,Upper Cretaceous,Upper Cretaceous,100.5,93.9,6.599999999999994
Borealopelta markmitchelli,Borealopelta,Nodosauridae,Ankylosauria,Thyreophora,Ornithischia,Herbivore,Aptian,Aptian,Lower Cretaceous,Lower Cretaceous,121.4,113.0,8.400000000000006
Dongyangopelta yangyanensis,Dongyangopelta,Nodosauridae,Ankylosauria,Thyreophora,Ornithischia,Herbivore,Albian,Cenomanian,Lower Cretaceous,Upper Cretaceous,113.0,93.9,19.099999999999994
Edmontonia longiceps,Edmontonia,Nodosauridae,Ankylosauria,Thyreophora,Ornithischia,Herbivore,Campanian,Maastrichtian,Upper Cretaceous,Upper Cretaceous,83.6,66.0,17.599999999999994
Gargoyleosaurus parkpinorum,Gargoyleosaurus,Nodosauridae,Ankylosauria,Thyreophora,Ornithischia,Herbivore,Kimmeridgian,Tithonian,Upper Jurassic,Upper Jurassic,152.2,146.3,5.899999999999977
Gastonia burgei,Gastonia,Nodosauridae,Ankylosauria,Thyreophora,Ornithischia,Herbivore,Valanginian,Valanginian,Lower Cretaceous,Lower Cretaceous,139.8,132.6,7.200000000000017
Gastonia lorriemcwhinneyae,Gastonia,Nodosauridae,Ankylosauria,Thyreophora,Ornithischia,Herbivore,Aptian,Albian,Lower Cretaceous,Lower Cretaceous,121.4,100.5,20.900000000000006
Glyptodontopelta mimus,Glyptodontopelta,Nodosauridae,Ankylosauria,Thyreophora,Ornithischia,Herbivore,Campanian,Maastrichtian,Upper Cretaceous,Upper Cretaceous,83.6,66.0,17.599999999999994
Hoplitosaurus marshi,Hoplitosaurus,Nodosauridae,Ankylosauria,Thyreophora,Ornithischia,Herbivore,Barremian,Barremian,Lower Cretaceous,Lower Cretaceous,125.77,121.4,4.36999999999999
Hungarosaurus tormai,Hungarosaurus,Nodosauridae,Ankylosauria,Thyreophora,Ornithischia,Herbivore,Santonian,Santonian,Upper Cretaceous,Upper Cretaceous,86.3,83.6,2.700000000000003
Hylaeosaurus armatus,Hylaeosaurus,Nodosauridae,Ankylosauria,Thyreophora,Ornithischia,Herbivore,Valanginian,Albian,Lower Cretaceous,Lower Cretaceous,139.8,109.9,29.900000000000006
Invictarx zephyri,Invictarx,Nodosauridae,Ankylosauria,Thyreophora,Ornithischia,Herbivore,Campanian,Campanian,Upper Cretaceous,Upper Cretaceous,83.6,72.1,11.5
Mymoorapelta maysi,Mymoorapelta,Nodosauridae,Ankylosauria,Thyreophora,Ornithischia,Herbivore,Kimmeridgian,Tithonian,Upper Jurassic,Upper Jurassic,154.8,145.0,9.800000000000011
Niobrarasaurus coleii,Niobrarasaurus,Nodosauridae,Ankylosauria,Thyreophora,Ornithischia,Herbivore,Coniacian,Santonian,Upper Cretaceous,Upper Cretaceous,89.8,83.6,6.200000000000003
Nodosaurus textilis,Nodosaurus,Nodosauridae,Ankylosauria,Thyreophora,Ornithischia,Herbivore,Cenomanian,Cenomanian,Upper Cretaceous,Upper Cretaceous,100.5,93.9,6.599999999999994
Panoplosaurus mirus,Panoplosaurus,Nodosauridae,Ankylosauria,Thyreophora,Ornithischia,Herbivore,Campanian,Campanian,Upper Cretaceous,Upper Cretaceous,83.6,72.1,11.5
Panoplosaurus rugosidens,Panoplosaurus,Nodosauridae,Ankylosauria,Thyreophora,Ornithischia,Herbivore,Campanian,Maastrichtian,Upper Cretaceous,Upper Cretaceous,83.6,66.0,17.599999999999994
Patagopelta cristata,Patagopelta,,Ankylosauria,Thyreophora,Ornithischia,Herbivore,Campanian,Maastrichtian,Upper Cretaceous,Upper Cretaceous,83.6,66.0,17.599999999999994
Pawpawsaurus campbelli,Pawpawsaurus,Nodosauridae,Ankylosauria,Thyreophora,Ornithischia,Herbivore,Albian,Albian,Lower Cretaceous,Lower Cretaceous,106.2,100.5,5.700000000000003
Peloroplites cedrimontanus,Peloroplites,Nodosauridae,Ankylosauria,Thyreophora,Ornithischia,Herbivore,Aptian,Albian,Lower Cretaceous,Lower Cretaceous,121.4,100.5,20.900000000000006
Polacanthus foxii,Polacanthus,Nodosauridae,Ankylosauria,Thyreophora,Ornithischia,Herbivore,Berriasian,Albian,Lower Cretaceous,Lower Cretaceous,140.6,100.5,40.099999999999994
Polacanthus rudgwickensis,Polacanthus,Nodosauridae,Ankylosauria,Thyreophora,Ornithischia,Herbivore,Barremian,Barremian,Lower Cretaceous,Lower Cretaceous,125.77,121.4,4.36999999999999
Propanoplosaurus marylandicus,Propanoplosaurus,Nodosauridae,Ankylosauria,Thyreophora,Ornithischia,Herbivore,Aptian,Aptian,Lower Cretaceous,Lower Cretaceous,119.5,113.0,6.5
Sauropelta edwardsorum,Sauropelta,Nodosauridae,Ankylosauria,Thyreophora,Ornithischia,Herbivore,Aptian,Cenomanian,Lower Cretaceous,Upper Cretaceous,121.4,93.9,27.5
Sauroplites scutiger,Sauroplites,,Ankylosauria,Thyreophora,Ornithischia,Herbivore,Aptian,Aptian,Lower Cretaceous,Lower Cretaceous,121.4,113.0,8.400000000000006
Silvisaurus condrayi,Silvisaurus,Nodosauridae,Ankylosauria,Thyreophora,Ornithischia,Herbivore,Albian,Albian,Lower Cretaceous,Lower Cretaceous,106.2,100.5,5.700000000000003
Stegopelta landerensis,Stegopelta,Nodosauridae,Ankylosauria,Thyreophora,Ornithischia,Herbivore,Cenomanian,Cenomanian,Upper Cretaceous,Upper Cretaceous,100.5,93.9,6.599999999999994
Struthiosaurus austriacus,Struthiosaurus,Nodosauridae,Ankylosauria,Thyreophora,Ornithischia,Herbivore,Campanian,Maastrichtian,Upper Cretaceous,Upper Cretaceous,83.6,66.0,17.599999999999994
Struthiosaurus languedocensis,Struthiosaurus,Nodosauridae,Ankylosauria,Thyreophora,Ornithischia,Herbivore,Campanian,Campanian,Upper Cretaceous,Upper Cretaceous,83.6,72.1,11.5
Struthiosaurus transylvanicus,Struthiosaurus,Nodosauridae,Ankylosauria,Thyreophora,Ornithischia,Herbivore,Maastrichtian,Maastrichtian,Upper Cretaceous,Upper Cretaceous,72.1,66.0,6.099999999999994
Taohelong jinchengensis,Taohelong,Nodosauridae,Ankylosauria,Thyreophora,Ornithischia,Herbivore,Barremian,Aptian,Lower Cretaceous,Lower Cretaceous,125.77,113.0,12.769999999999996
Tatankacephalus cooneyorum,Tatankacephalus,Nodosauridae,Ankylosauria,Thyreophora,Ornithischia,Herbivore,Albian,Albian,Lower Cretaceous,Lower Cretaceous,113.0,100.5,12.5
Texasetes pleurohalio,Texasetes,Nodosauridae,Ankylosauria,Thyreophora,Ornithischia,Herbivore,Albian,Albian,Lower Cretaceous,Lower Cretaceous,106.2,100.5,5.700000000000003
Dracopelta zbyszewskii,Dracopelta,,Ankylosauria,Thyreophora,Ornithischia,Herbivore,Tithonian,Tithonian,Upper Jurassic,Upper Jurassic,146.3,145.0,1.3000000000000114
Kunbarrasaurus ieversi,Kunbarrasaurus,,Ankylosauria,Thyreophora,Ornithischia,Herbivore,Albian,Albian,Lower Cretaceous,Lower Cretaceous,106.2,100.5,5.700000000000003
Sarcolestes leedsi,Sarcolestes,,Ankylosauria,Thyreophora,Ornithischia,Herbivore,Callovian,Callovian,Middle Jurassic,Middle Jurassic,165.3,161.5,3.8000000000000114
Sinankylosaurus zhuchengensis,Sinankylosaurus,,,,,Herbivore,Campanian,Campanian,Upper Cretaceous,Upper Cretaceous,83.6,72.1,11.5
Spicomellus afer,Spicomellus,,Ankylosauria,Thyreophora,Ornithischia,Herbivore,Bathonian,Callovian,Middle Jurassic,Middle Jurassic,168.2,161.5,6.699999999999989
Vectipelta barretti,Vectipelta,,Ankylosauria,Thyreophora,Ornithischia,Herbivore,Berriasian,Berriasian,Lower Cretaceous,Lower Cretaceous,140.6,139.8,0.799999999999983
Dacentrurus armatus,Dacentrurus,Stegosauridae,Stegosauria,Thyreophora,Ornithischia,Herbivore,Kimmeridgian,Tithonian,Upper Jurassic,Upper Jurassic,154.8,145.0,9.800000000000011
Miragaia longicollum,Miragaia,Stegosauridae,Stegosauria,Thyreophora,Ornithischia,Herbivore,Kimmeridgian,Tithonian,Upper Jurassic,Upper Jurassic,152.2,145.0,7.199999999999989
Miragaia longispinus,Miragaia,Stegosauridae,Stegosauria,Thyreophora,Ornithischia,Herbivore,Kimmeridgian,Tithonian,Upper Jurassic,Upper Jurassic,154.8,145.0,9.800000000000011
Thyreosaurus atlasicus,Thyreosaurus,Stegosauridae,Stegosauria,Thyreophora,Ornithischia,Herbivore,Bathonian,Callovian,Middle Jurassic,Middle Jurassic,168.2,161.5,6.699999999999989
Chungkingosaurus jiangbeiensis,Chungkingosaurus,Huayangosauridae,Stegosauria,Thyreophora,Ornithischia,Herbivore,Bathonian,Callovian,Middle Jurassic,Middle Jurassic,168.2,161.5,6.699999999999989
Gigantspinosaurus sichuanensis,Gigantspinosaurus,,Stegosauria,Thyreophora,Ornithischia,Herbivore,Bathonian,Callovian,Middle Jurassic,Middle Jurassic,168.2,161.5,6.699999999999989
Hesperosaurus mjosi,Hesperosaurus,Stegosauridae,Stegosauria,Thyreophora,Ornithischia,Herbivore,Oxfordian,Tithonian,Upper Jurassic,Upper Jurassic,157.9,145.0,12.900000000000006
Jiangjunosaurus junggarensis,Jiangjunosaurus,Stegosauridae,Stegosauria,Thyreophora,Ornithischia,Herbivore,Oxfordian,Oxfordian,Upper Jurassic,Upper Jurassic,161.5,154.8,6.699999999999989
Lexovisaurus phillipsi,Lexovisaurus,,Stegosauria,Thyreophora,Ornithischia,Herbivore,Oxfordian,Oxfordian,Upper Jurassic,Upper Jurassic,161.5,154.8,6.699999999999989
Loricatosaurus priscus,Loricatosaurus,Stegosauridae,Stegosauria,Thyreophora,Ornithischia,Herbivore,Callovian,Callovian,Middle Jurassic,Middle Jurassic,165.3,161.5,3.8000000000000114
Mongolostegus exspectabilis,Mongolostegus,Stegosauridae,Stegosauria,Thyreophora,Ornithischia,Herbivore,Aptian,Albian,Lower Cretaceous,Lower Cretaceous,121.4,100.5,20.900000000000006
Diracodon laticeps,Stegosaurus,Stegosauridae,Stegosauria,Thyreophora,Ornithischia,Herbivore,Kimmeridgian,Tithonian,Upper Jurassic,Upper Jurassic,154.8,145.0,9.800000000000011
Hypsirophus discurus,Stegosaurus,Stegosauridae,Stegosauria,Thyreophora,Ornithischia,Herbivore,Tithonian,Tithonian,Upper Jurassic,Upper Jurassic,149.2,145.0,4.199999999999989
Stegosaurus duplex,Stegosaurus,Stegosauridae,Stegosauria,Thyreophora,Ornithischia,Herbivore,Kimmeridgian,Tithonian,Upper Jurassic,Upper Jurassic,154.8,145.0,9.800000000000011
Stegosaurus stenops,Stegosaurus,Stegosauridae,Stegosauria,Thyreophora,Ornithischia,Herbivore,Kimmeridgian,Tithonian,Upper Jurassic,Upper Jurassic,154.8,145.0,9.800000000000011
Stegosaurus sulcatus,Stegosaurus,Stegosauridae,Stegosauria,Thyreophora,Ornithischia,Herbivore,Kimmeridgian,Tithonian,Upper Jurassic,Upper Jurassic,154.8,145.0,9.800000000000011
Stegosaurus ungulatus,Stegosaurus,Stegosauridae,Stegosauria,Thyreophora,Ornithischia,Herbivore,Kimmeridgian,Tithonian,Upper Jurassic,Upper Jurassic,154.8,145.0,9.800000000000011
Wuerhosaurus homheni,Stegosaurus,Stegosauridae,Stegosauria,Thyreophora,Ornithischia,Herbivore,Valanginian,Albian,Lower Cretaceous,Lower Cretaceous,139.8,100.5,39.30000000000001
Yingshanosaurus jichuanensis,Yingshanosaurus,Stegosauridae,Stegosauria,Thyreophora,Ornithischia,Herbivore,Bathonian,Callovian,Middle Jurassic,Middle Jurassic,168.2,161.5,6.699999999999989
Adratiklit boulahfa,Adratiklit,Stegosauridae,Stegosauria,Thyreophora,Ornithischia,Herbivore,Bathonian,Callovian,Middle Jurassic,Middle Jurassic,168.2,161.5,6.699999999999989
Baiyinosaurus baojiensis,Baiyinosaurus,,Stegosauria,Thyreophora,Ornithischia,Herbivore,Bathonian,Bathonian,Middle Jurassic,Middle Jurassic,168.2,165.3,2.8999999999999773
Bashanosaurus primitivus,Bashanosaurus,,Stegosauria,Thyreophora,Ornithischia,Herbivore,Bathonian,Callovian,Middle Jurassic,Middle Jurassic,168.2,161.5,6.699999999999989
Huayangosaurus taibaii,Huayangosaurus,,Stegosauria,Thyreophora,Ornithischia,Herbivore,Bajocian,Oxfordian,Middle Jurassic,Upper Jurassic,170.9,154.8,16.099999999999994
Isaberrysaura mollensis,Isaberrysaura,,Stegosauria,Thyreophora,Ornithischia,Herbivore,Bajocian,Bajocian,Middle Jurassic,Middle Jurassic,170.9,168.6,2.3000000000000114
Kentrosaurus aethiopicus,Kentrosaurus,Stegosauridae,Stegosauria,Thyreophora,Ornithischia,Herbivore,Oxfordian,Tithonian,Upper Jurassic,Upper Jurassic,161.5,145.0,16.5
Paranthodon africanus,Paranthodon,Stegosauridae,Stegosauria,Thyreophora,Ornithischia,Herbivore,Berriasian,Valanginian,Lower Cretaceous,Lower Cretaceous,145.0,132.6,12.400000000000006
Tuojiangosaurus multispinus,Tuojiangosaurus,,Stegosauria,Thyreophora,Ornithischia,Herbivore,Bathonian,Callovian,Middle Jurassic,Middle Jurassic,168.2,161.5,6.699999999999989
Yanbeilong ultimus,Yanbeilong,Stegosauridae,Stegosauria,Thyreophora,Ornithischia,Herbivore,Albian,Albian,Lower Cretaceous,Lower Cretaceous,113.0,100.5,12.5
Emausaurus ernsti,Emausaurus,,,Thyreophora,Ornithischia,Herbivore,Toarcian,Toarcian,Lower Jurassic,Lower Jurassic,184.2,174.7,9.5
Jakapil kaniukura,Jakapil,,,Thyreophora,Ornithischia,Herbivore,Cenomanian,Cenomanian,Upper Cretaceous,Upper Cretaceous,100.5,93.9,6.599999999999994
Scelidosaurus harrisonii,Scelidosaurus,,,Thyreophora,Ornithischia,Herbivore,Sinemurian,Sinemurian,Lower Jurassic,Lower Jurassic,199.5,192.9,6.599999999999994
Scutellosaurus lawleri,Scutellosaurus,,,Thyreophora,Ornithischia,Herbivore,Hettangian,Pliensbachian,Lower Jurassic,Lower Jurassic,201.4,184.2,17.200000000000017
Yuxisaurus kopchicki,Yuxisaurus,,,Thyreophora,Ornithischia,Herbivore,Pliensbachian,Pliensbachian,Lower Jurassic,Lower Jurassic,192.9,184.2,8.700000000000017
Agilisaurus louderbacki,Agilisaurus,,,Neornithischia,Ornithischia,Herbivore,Bajocian,Oxfordian,Middle Jurassic,Upper Jurassic,170.9,154.8,16.099999999999994
Eocursor parvus,Eocursor,,,,Ornithischia,Herbivore,Hettangian,Sinemurian,Lower Jurassic,Lower Jurassic,201.4,192.9,8.5
Hexinlusaurus multidens,Hexinlusaurus,,,Neornithischia,Ornithischia,Herbivore,Bajocian,Oxfordian,Middle Jurassic,Upper Jurassic,170.9,154.8,16.099999999999994
Jeholosaurus shangyuanensis,Jeholosaurus,Jeholosauridae,,Neornithischia,Ornithischia,Herbivore,Barremian,Aptian,Lower Cretaceous,Lower Cretaceous,125.77,119.5,6.269999999999996
Kulindapteryx ukureica,Kulindapteryx,,,Neornithischia,Ornithischia,Herbivore,Bathonian,Tithonian,Middle Jurassic,Upper Jurassic,168.2,145.0,23.19999999999999
Albertadromeus syntarsus,Albertadromeus,Thescelosauridae,,,Ornithischia,Herbivore,Campanian,Campanian,Upper Cretaceous,Upper Cretaceous,83.6,72.1,11.5
Koreanosaurus boseongensis,Koreanosaurus,Thescelosauridae,,,Ornithischia,Herbivore,Campanian,Campanian,Upper Cretaceous,Upper Cretaceous,83.6,72.1,11.5
Orodromeus makelai,Orodromeus,Thescelosauridae,,,Ornithischia,Herbivore,Campanian,Maastrichtian,Upper Cretaceous,Upper Cretaceous,83.6,66.0,17.599999999999994
Oryctodromeus cubicularis,Oryctodromeus,Thescelosauridae,,,Ornithischia,Herbivore,Albian,Albian,Lower Cretaceous,Lower Cretaceous,106.2,100.5,5.700000000000003
Zephyrosaurus schaffi,Zephyrosaurus,Thescelosauridae,,,Ornithischia,Herbivore,Albian,Albian,Lower Cretaceous,Lower Cretaceous,113.0,100.5,12.5
Fona herzogae,Fona,Thescelosauridae,,,Ornithischia,Herbivore,Cenomanian,Cenomanian,Upper Cretaceous,Upper Cretaceous,100.5,93.9,6.599999999999994
Nevadadromeus schmitti,Nevadadromeus,Thescelosauridae,,,Ornithischia,Herbivore,Cenomanian,Cenomanian,Upper Cretaceous,Upper Cretaceous,100.5,93.9,6.599999999999994
Notohypsilophodon comodorensis,Notohypsilophodon,,Ornithopoda,,Ornithischia,Herbivore,Cenomanian,Turonian,Upper Cretaceous,Upper Cretaceous,100.5,89.8,10.700000000000003
Parksosaurus warreni,Parksosaurus,Thescelosauridae,,,Ornithischia,Herbivore,Maastrichtian,Maastrichtian,Upper Cretaceous,Upper Cretaceous,72.1,66.0,6.099999999999994
Haya griva,Haya,Thescelosauridae,,,Ornithischia,Herbivore,Santonian,Campanian,Upper Cretaceous,Upper Cretaceous,86.3,72.1,14.200000000000003
Kulindadromeus zabaikalicus,Kulindadromeus,,,Neornithischia,Ornithischia,Herbivore,Bathonian,Tithonian,Middle Jurassic,Upper Jurassic,168.2,145.0,23.19999999999999
Minimocursor phunoiensis,Minimocursor,,,Neornithischia,Ornithischia,Herbivore,Tithonian,Berriasian,Upper Jurassic,Lower Cretaceous,149.2,139.8,9.399999999999977
Sanxiasaurus modaoxiensis,Sanxiasaurus,,,Neornithischia,Ornithischia,Herbivore,Toarcian,Aalenian,Lower Jurassic,Middle Jurassic,184.2,170.9,13.299999999999983
Yandusaurus hongheensis,Yandusaurus,,,,Ornithischia,Herbivore,Bajocian,Bajocian,Middle Jurassic,Middle Jurassic,170.9,168.2,2.700000000000017
Gongbusaurus shiyii,Gongbusaurus,,,,Ornithischia,Herbivore,Bathonian,Callovian,Middle Jurassic,Middle Jurassic,168.2,161.5,6.699999999999989
Gongbusaurus wucaiwanensis,Gongbusaurus,,,,Ornithischia,Herbivore,Callovian,Oxfordian,Middle Jurassic,Upper Jurassic,165.3,154.8,10.5
Xiaosaurus dashanpensis,Xiaosaurus,,,Neornithischia,Ornithischia,Herbivore,Bajocian,Oxfordian,Middle Jurassic,Upper Jurassic,170.9,154.8,16.099999999999994
Abrictosaurus consors,Abrictosaurus,Heterodontosauridae,,,Ornithischia,Herbivore,Hettangian,Sinemurian,Lower Jurassic,Lower Jurassic,201.4,192.9,8.5
Fruitadens haagarorum,Fruitadens,Heterodontosauridae,,,Ornithischia,Herbivore,Tithonian,Tithonian,Upper Jurassic,Upper Jurassic,149.2,145.0,4.199999999999989
Heterodontosaurus tucki,Heterodontosaurus,Heterodontosauridae,,,Ornithischia,Herbivore,Hettangian,Sinemurian,Lower Jurassic,Lower Jurassic,201.4,192.9,8.5
Lycorhinus angustidens,Lycorhinus,Heterodontosauridae,,,Ornithischia,Herbivore,Hettangian,Sinemurian,Lower Jurassic,Lower Jurassic,201.4,192.9,8.5
Echinodon becklesii,Echinodon,Heterodontosauridae,,,Ornithischia,Herbivore,Berriasian,Berriasian,Lower Cretaceous,Lower Cretaceous,145.0,140.6,4.400000000000006
Manidens condorensis,Manidens,Heterodontosauridae,,,Ornithischia,Herbivore,Toarcian,Toarcian,Lower Jurassic,Lower Jurassic,182.9,174.7,8.200000000000017
Pegomastax africanus,Pegomastax,Heterodontosauridae,,,Ornithischia,Herbivore,Hettangian,Sinemurian,Lower Jurassic,Lower Jurassic,201.4,192.9,8.5
Chilesaurus diegosuarezi,Chilesaurus,,Non-Avian,Theropoda,Saurischia,Herbivore,Tithonian,Tithonian,Upper Jurassic,Upper Jurassic,149.2,145.0,4.199999999999989
Ferganocephale adenticulatum,Ferganocephale,,,,Ornithischia,Herbivore,Callovian,Callovian,Middle Jurassic,Middle Jurassic,165.3,161.5,3.8000000000000114
Krzyzanowskisaurus hunti,Krzyzanowskisaurus,,,,,Herbivore,Carnian,Norian,Upper Triassic,Upper Triassic,237.0,208.5,28.5
Laquintasaura venezuelae,Laquintasaura,,,,Ornithischia,Herbivore,Hettangian,Hettangian,Lower Jurassic,Lower Jurassic,201.4,199.5,1.9000000000000057
Lesothosaurus diagnosticus,Lesothosaurus,,,,Ornithischia,Herbivore,Hettangian,Sinemurian,Lower Jurassic,Lower Jurassic,201.4,192.9,8.5
Pisanosaurus mertii,Pisanosaurus,,,,Ornithischia,Herbivore,Carnian,Carnian,Upper Triassic,Upper Triassic,233.4,227.0,6.400000000000006
Actiosaurus gaudryi,Actiosaurus,,,,,Herbivore,Rhaetian,Rhaetian,Upper Triassic,Upper Triassic,208.5,201.4,7.099999999999994
Gyposaurus sinensis,Gyposaurus,,,Sauropodomorpha,Saurischia,Herbivore,Hettangian,Toarcian,Lower Jurassic,Lower Jurassic,201.4,174.7,26.700000000000017
Gresslyosaurus ingens,Gresslyosaurus,Plateosauridae,,Sauropodomorpha,Saurischia,Herbivore,Norian,Norian,Upper Triassic,Upper Triassic,213.2,208.5,4.699999999999989
Gresslyosaurus plieningeri,Gresslyosaurus,Plateosauridae,,Sauropodomorpha,Saurischia,Herbivore,Norian,Norian,Upper Triassic,Upper Triassic,227.0,208.5,18.5
Yimenosaurus youngi,Yimenosaurus,Plateosauridae,,Sauropodomorpha,Saurischia,Herbivore,Hettangian,Hettangian,Lower Jurassic,Lower Jurassic,201.4,199.5,1.9000000000000057
Bagualosaurus agudoensis,Bagualosaurus,,,Sauropodomorpha,Saurischia,,Carnian,Norian,Upper Triassic,Upper Triassic,237.0,208.5,28.5
Eucnemesaurus entaxonis,Eucnemesaurus,,,Sauropodomorpha,Saurischia,,Norian,Rhaetian,Upper Triassic,Upper Triassic,227.0,201.4,25.599999999999994
Eucnemesaurus fortis,Eucnemesaurus,,,Sauropodomorpha,Saurischia,,Norian,Rhaetian,Upper Triassic,Upper Triassic,227.0,201.4,25.599999999999994
Riojasaurus incertus,Riojasaurus,,,Sauropodomorpha,Saurischia,,Norian,Norian,Upper Triassic,Upper Triassic,227.0,208.5,18.5
Aardonyx celestae,Aardonyx,,,Sauropodomorpha,Saurischia,,Hettangian,Sinemurian,Lower Jurassic,Lower Jurassic,201.4,192.9,8.5
Blikanasaurus cromptoni,Blikanasaurus,Blikanasauridae,Sauropoda,Sauropodomorpha,Saurischia,,Norian,Rhaetian,Upper Triassic,Upper Triassic,227.0,201.4,25.599999999999994
Camelotia borealis,Camelotia,Melanorosauridae,,Sauropodomorpha,Saurischia,,Rhaetian,Rhaetian,Upper Triassic,Upper Triassic,208.5,201.4,7.099999999999994
Gongxianosaurus shibeiensis,Gongxianosaurus,,Sauropoda,Sauropodomorpha,Saurischia,,Toarcian,Toarcian,Lower Jurassic,Lower Jurassic,184.2,174.7,9.5
Irisosaurus yimenensis,Irisosaurus,,,Sauropodomorpha,Saurischia,,Pliensbachian,Pliensbachian,Lower Jurassic,Lower Jurassic,192.9,184.2,8.700000000000017
Jingshanosaurus xinwaensis,Jingshanosaurus,,,Sauropodomorpha,Saurischia,,Hettangian,Hettangian,Lower Jurassic,Lower Jurassic,201.4,199.5,1.9000000000000057
Ledumahadi mafube,Ledumahadi,Lessemsauridae,Sauropoda,Sauropodomorpha,Saurischia,,Hettangian,Sinemurian,Lower Jurassic,Lower Jurassic,201.4,192.9,8.5
Leonerasaurus taquetrensis,Leonerasaurus,,,Sauropodomorpha,Saurischia,,Pliensbachian,Pliensbachian,Lower Jurassic,Lower Jurassic,192.9,184.2,8.700000000000017
Lishulong wangi,Lishulong,,,Sauropodomorpha,Saurischia,,Sinemurian,Toarcian,Lower Jurassic,Lower Jurassic,199.5,174.7,24.80000000000001
Melanorosaurus readi,Melanorosaurus,Melanorosauridae,,Sauropodomorpha,Saurischia,,Norian,Rhaetian,Upper Triassic,Upper Triassic,227.0,201.4,25.599999999999994
Meroktenos thabanensis,Meroktenos,,,Sauropodomorpha,Saurischia,,Norian,Rhaetian,Upper Triassic,Upper Triassic,227.0,201.4,25.599999999999994
Mussaurus patagonicus,Mussaurus,Mussauridae,,Sauropodomorpha,Saurischia,,Sinemurian,Sinemurian,Lower Jurassic,Lower Jurassic,199.5,192.9,6.599999999999994
Schleitheimia schutzi,Schleitheimia,,,Sauropodomorpha,Saurischia,,Norian,Norian,Upper Triassic,Upper Triassic,227.0,208.5,18.5
Sefapanosaurus zastronensis,Sefapanosaurus,,,Sauropodomorpha,Saurischia,,Norian,Hettangian,Upper Triassic,Lower Jurassic,227.0,199.5,27.5
Seitaad ruessi,Seitaad,,,Sauropodomorpha,Saurischia,,Pliensbachian,Toarcian,Lower Jurassic,Lower Jurassic,192.9,174.7,18.200000000000017
Xingxiulong chengi,Xingxiulong,,,Sauropodomorpha,Saurischia,,Hettangian,Hettangian,Lower Jurassic,Lower Jurassic,201.4,199.5,1.9000000000000057
Yizhousaurus sunae,Yizhousaurus,,,Sauropodomorpha,Saurischia,,Sinemurian,Sinemurian,Lower Jurassic,Lower Jurassic,199.5,192.9,6.599999999999994
Yunnanosaurus huangi,Yunnanosaurus,,,Sauropodomorpha,Saurischia,,Hettangian,Sinemurian,Lower Jurassic,Lower Jurassic,201.4,192.9,8.5
Yunnanosaurus robustus,Yunnanosaurus,,,Sauropodomorpha,Saurischia,,Sinemurian,Sinemurian,Lower Jurassic,Lower Jurassic,199.5,192.9,6.599999999999994
Yunnanosaurus youngi,Yunnanosaurus,,,Sauropodomorpha,Saurischia,,Pliensbachian,Pliensbachian,Lower Jurassic,Lower Jurassic,192.9,184.2,8.700000000000017
Adeopapposaurus mognai,Adeopapposaurus,Massospondylidae,,Sauropodomorpha,Saurischia,,Hettangian,Toarcian,Lower Jurassic,Lower Jurassic,201.4,174.7,26.700000000000017
Coloradisaurus brevis,Coloradisaurus,Massospondylidae,,Sauropodomorpha,Saurischia,,Norian,Norian,Upper Triassic,Upper Triassic,227.0,208.5,18.5
Glacialisaurus hammeri,Glacialisaurus,Massospondylidae,,Sauropodomorpha,Saurischia,,Sinemurian,Pliensbachian,Lower Jurassic,Lower Jurassic,199.5,184.2,15.300000000000011
Ignavusaurus rachelis,Ignavusaurus,,,Sauropodomorpha,Saurischia,,Hettangian,Sinemurian,Lower Jurassic,Lower Jurassic,201.4,192.9,8.5
Leyesaurus marayensis,Leyesaurus,Massospondylidae,,Sauropodomorpha,Saurischia,,Hettangian,Toarcian,Lower Jurassic,Lower Jurassic,201.4,174.7,26.700000000000017
Lufengosaurus changduensis,Lufengosaurus,Massospondylidae,,Sauropodomorpha,Saurischia,,Hettangian,Toarcian,Lower Jurassic,Lower Jurassic,201.4,174.7,26.700000000000017
Lufengosaurus huenei,Lufengosaurus,Massospondylidae,,Sauropodomorpha,Saurischia,,Hettangian,Sinemurian,Lower Jurassic,Lower Jurassic,201.4,192.9,8.5
Lufengosaurus magnus,Lufengosaurus,Massospondylidae,,Sauropodomorpha,Saurischia,,Hettangian,Bajocian,Lower Jurassic,Middle Jurassic,201.4,168.2,33.20000000000002
Massospondylus carinatus,Massospondylus,Massospondylidae,,Sauropodomorpha,Saurischia,,Hettangian,Toarcian,Lower Jurassic,Lower Jurassic,201.4,174.7,26.700000000000017
Massospondylus kaalae,Massospondylus,Massospondylidae,,Sauropodomorpha,Saurischia,,Hettangian,Sinemurian,Lower Jurassic,Lower Jurassic,201.4,192.9,8.5
Ngwevu intloko,Ngwevu,Massospondylidae,,Sauropodomorpha,Saurischia,,Hettangian,Sinemurian,Lower Jurassic,Lower Jurassic,201.4,192.9,8.5
Pradhania gracilis,Pradhania,Massospondylidae,,Sauropodomorpha,Saurischia,,Hettangian,Sinemurian,Lower Jurassic,Lower Jurassic,201.4,192.9,8.5
Sarahsaurus aurifontanalis,Sarahsaurus,,,Sauropodomorpha,Saurischia,,Sinemurian,Pliensbachian,Lower Jurassic,Lower Jurassic,199.5,184.2,15.300000000000011
Anchisaurus polyzelus,Anchisaurus,,,Sauropodomorpha,Saurischia,,Hettangian,Sinemurian,Lower Jurassic,Lower Jurassic,201.4,192.9,8.5
Musankwa sanyatiensis,Musankwa,,,Sauropodomorpha,Saurischia,,Carnian,Norian,Upper Triassic,Upper Triassic,237.0,208.5,28.5
Tuebingosaurus maierfritzorum,Tuebingosaurus,,,Sauropodomorpha,Saurischia,,Norian,Norian,Upper Triassic,Upper Triassic,227.0,208.5,18.5
Jaklapallisaurus asymmetrica,Jaklapallisaurus,,,Sauropodomorpha,Saurischia,,Norian,Rhaetian,Upper Triassic,Upper Triassic,227.0,201.4,25.599999999999994
Macrocollum itaquii,Macrocollum,,,Sauropodomorpha,Saurischia,,Norian,Norian,Upper Triassic,Upper Triassic,227.0,208.5,18.5
Agnosphitys cromhallensis,Agnosphitys,Silesauridae,,,Ornithischia,,Carnian,Carnian,Upper Triassic,Upper Triassic,237.0,227.0,10.0
Guaibasaurus candelariensis,Guaibasaurus,Guaibasauridae,,Sauropodomorpha,Saurischia,,Norian,Norian,Upper Triassic,Upper Triassic,227.0,208.5,18.5
Issi saaneq,Issi,Plateosauridae,,Sauropodomorpha,Saurischia,,Norian,Norian,Upper Triassic,Upper Triassic,227.0,208.5,18.5
Plateosauravus cullingworthi,Plateosauravus,,,Sauropodomorpha,Saurischia,,Norian,Rhaetian,Upper Triassic,Upper Triassic,227.0,201.4,25.599999999999994
Plateosaurus elizae,Plateosaurus,Plateosauridae,,Sauropodomorpha,Saurischia,Herbivore,Rhaetian,Rhaetian,Upper Triassic,Upper Triassic,208.5,201.4,7.099999999999994
Plateosaurus engelhardti,Plateosaurus,Plateosauridae,,Sauropodomorpha,Saurischia,Herbivore,Norian,Norian,Upper Triassic,Upper Triassic,227.0,208.5,18.5
Plateosaurus erlenbergiensis,Plateosaurus,Plateosauridae,,Sauropodomorpha,Saurischia,Herbivore,Rhaetian,Rhaetian,Upper Triassic,Upper Triassic,208.5,201.4,7.099999999999994
Plateosaurus gracilis,Plateosaurus,Plateosauridae,,Sauropodomorpha,Saurischia,Herbivore,Norian,Norian,Upper Triassic,Upper Triassic,227.0,208.5,18.5
Plateosaurus longiceps,Plateosaurus,Plateosauridae,,Sauropodomorpha,Saurischia,Herbivore,Norian,Rhaetian,Upper Triassic,Upper Triassic,227.0,201.4,25.599999999999994
Plateosaurus trossingensis,Plateosaurus,Plateosauridae,,Sauropodomorpha,Saurischia,Herbivore,Norian,Norian,Upper Triassic,Upper Triassic,227.0,208.5,18.5
Ruehleia bedheimensis,Ruehleia,,,Sauropodomorpha,Saurischia,,Norian,Norian,Upper Triassic,Upper Triassic,227.0,208.5,18.5
Unaysaurus tolentinoi,Unaysaurus,,,Sauropodomorpha,Saurischia,,Norian,Norian,Upper Triassic,Upper Triassic,227.0,208.5,18.5
Xixiposaurus suni,Xixiposaurus,,,Sauropodomorpha,Saurischia,,Hettangian,Sinemurian,Lower Jurassic,Lower Jurassic,201.4,192.9,8.5
Chromogisaurus novasi,Chromogisaurus,Saturnaliidae,,Sauropodomorpha,Saurischia,,Carnian,Carnian,Upper Triassic,Upper Triassic,237.0,227.0,10.0
Pampadromaeus barberenai,Pampadromaeus,Saturnaliidae,,Sauropodomorpha,Saurischia,,Carnian,Norian,Upper Triassic,Upper Triassic,237.0,208.5,28.5
Panphagia protos,Panphagia,Saturnaliidae,,Sauropodomorpha,Saurischia,,Carnian,Carnian,Upper Triassic,Upper Triassic,237.0,227.0,10.0
Saturnalia tupiniquim,Saturnalia,Saturnaliidae,,Sauropodomorpha,Saurischia,,Carnian,Norian,Upper Triassic,Upper Triassic,237.0,208.5,28.5
Arcusaurus pereirabdalorum,Arcusaurus,,,Sauropodomorpha,Saurischia,,Hettangian,Sinemurian,Lower Jurassic,Lower Jurassic,201.4,192.9,8.5
Asylosaurus yalensis,Asylosaurus,,,Sauropodomorpha,Saurischia,,Rhaetian,Rhaetian,Upper Triassic,Upper Triassic,208.5,201.4,7.099999999999994
Buriolestes schultzi,Buriolestes,,,Sauropodomorpha,Saurischia,,Carnian,Carnian,Upper Triassic,Upper Triassic,237.0,227.0,10.0
Efraasia minor,Efraasia,,,Sauropodomorpha,Saurischia,,Norian,Norian,Upper Triassic,Upper Triassic,227.0,208.5,18.5
Eoraptor lunensis,Eoraptor,,,Sauropodomorpha,Saurischia,,Carnian,Carnian,Upper Triassic,Upper Triassic,233.4,227.0,6.400000000000006
Kholumolumo ellenbergerorum,Kholumolumo,,,Sauropodomorpha,Saurischia,,Norian,Norian,Upper Triassic,Upper Triassic,227.0,208.5,18.5
Mbiresaurus raathi,Mbiresaurus,,,Sauropodomorpha,Saurischia,,Carnian,Carnian,Upper Triassic,Upper Triassic,237.0,227.0,10.0
Nambalia roychowdhurii,Nambalia,,,Sauropodomorpha,Saurischia,,Norian,Norian,Upper Triassic,Upper Triassic,227.0,208.5,18.5
Pantydraco caducus,Pantydraco,,,Sauropodomorpha,Saurischia,,Carnian,Carnian,Upper Triassic,Upper Triassic,237.0,227.0,10.0
Qianlong shouhu,Qianlong,,,Sauropodomorpha,Saurischia,,Sinemurian,Sinemurian,Lower Jurassic,Lower Jurassic,199.5,192.9,6.599999999999994
Thecodontosaurus antiquus,Thecodontosaurus,Thecodontosauridae,,Sauropodomorpha,Saurischia,,Carnian,Rhaetian,Upper Triassic,Upper Triassic,237.0,201.4,35.599999999999994
Thecodontosaurus minimus,Thecodontosaurus,Thecodontosauridae,,Sauropodomorpha,Saurischia,,Hettangian,Sinemurian,Lower Jurassic,Lower Jurassic,201.4,192.9,8.5
Abrosaurus dongpoensis,Abrosaurus,,Sauropoda,Sauropodomorpha,Saurischia,Herbivore,Bajocian,Oxfordian,Middle Jurassic,Upper Jurassic,170.9,154.8,16.099999999999994
Analong chuanjieensis,Analong,Mamenchisauridae,Sauropoda,Sauropodomorpha,Saurischia,Herbivore,Bajocian,Bajocian,Middle Jurassic,Middle Jurassic,170.9,168.2,2.700000000000017
Anhuilong diboensis,Anhuilong,Mamenchisauridae,Sauropoda,Sauropodomorpha,Saurischia,Herbivore,Aalenian,Callovian,Middle Jurassic,Middle Jurassic,174.7,161.5,13.199999999999989
Bellusaurus sui,Bellusaurus,,Sauropoda,Sauropodomorpha,Saurischia,Herbivore,Oxfordian,Oxfordian,Upper Jurassic,Upper Jurassic,161.5,154.8,6.699999999999989
Chuanjiesaurus anaensis,Chuanjiesaurus,Mamenchisauridae,Sauropoda,Sauropodomorpha,Saurischia,Herbivore,Bajocian,Bajocian,Middle Jurassic,Middle Jurassic,170.9,168.2,2.700000000000017
Daanosaurus zhangi,Daanosaurus,,Sauropoda,Sauropodomorpha,Saurischia,Herbivore,Kimmeridgian,Tithonian,Upper Jurassic,Upper Jurassic,154.8,145.0,9.800000000000011
Eomamenchisaurus yuanmouensis,Eomamenchisaurus,Mamenchisauridae,Sauropoda,Sauropodomorpha,Saurischia,Herbivore,Aalenian,Callovian,Middle Jurassic,Middle Jurassic,174.7,161.5,13.199999999999989
Huangshanlong anhuiensis,Huangshanlong,Mamenchisauridae,Sauropoda,Sauropodomorpha,Saurischia,Herbivore,Aalenian,Callovian,Middle Jurassic,Middle Jurassic,174.7,161.5,13.199999999999989
Hudiesaurus sinojapanorum,Hudiesaurus,Mamenchisauridae,Sauropoda,Sauropodomorpha,Saurischia,Herbivore,Kimmeridgian,Tithonian,Upper Jurassic,Upper Jurassic,152.2,145.0,7.199999999999989
Jingia dongxingensis,Jingia,,,,,Herbivore,Kimmeridgian,Kimmeridgian,Upper Jurassic,Upper Jurassic,154.8,149.2,5.600000000000023
Klamelisaurus gobiensis,Klamelisaurus,Mamenchisauridae,Sauropoda,Sauropodomorpha,Saurischia,Herbivore,Callovian,Callovian,Middle Jurassic,Middle Jurassic,165.3,161.5,3.8000000000000114
Mamenchisaurus anyuensis,Mamenchisaurus,Mamenchisauridae,Sauropoda,Sauropodomorpha,Saurischia,Herbivore,Oxfordian,Aptian,Upper Jurassic,Lower Cretaceous,161.5,113.0,48.5
Mamenchisaurus constructus,Mamenchisaurus,Mamenchisauridae,Sauropoda,Sauropodomorpha,Saurischia,Herbivore,Oxfordian,Tithonian,Upper Jurassic,Upper Jurassic,161.5,145.0,16.5
Mamenchisaurus hochuanensis,Mamenchisaurus,Mamenchisauridae,Sauropoda,Sauropodomorpha,Saurischia,Herbivore,Bathonian,Tithonian,Middle Jurassic,Upper Jurassic,168.2,145.0,23.19999999999999
Mamenchisaurus jingyanensis,Mamenchisaurus,Mamenchisauridae,Sauropoda,Sauropodomorpha,Saurischia,Herbivore,Bathonian,Callovian,Middle Jurassic,Middle Jurassic,168.2,161.5,6.699999999999989
Mamenchisaurus sinocanadorum,Mamenchisaurus,Mamenchisauridae,Sauropoda,Sauropodomorpha,Saurischia,Herbivore,Oxfordian,Oxfordian,Upper Jurassic,Upper Jurassic,161.5,154.8,6.699999999999989
Mamenchisaurus youngi,Mamenchisaurus,Mamenchisauridae,Sauropoda,Sauropodomorpha,Saurischia,Herbivore,Bathonian,Callovian,Middle Jurassic,Middle Jurassic,168.2,161.5,6.699999999999989
Omeisaurus changshouensis,Omeisaurus,Mamenchisauridae,Sauropoda,Sauropodomorpha,Saurischia,Herbivore,Bathonian,Callovian,Middle Jurassic,Middle Jurassic,168.2,161.5,6.699999999999989
Omeisaurus fuxiensis,Omeisaurus,Mamenchisauridae,Sauropoda,Sauropodomorpha,Saurischia,Herbivore,Bathonian,Callovian,Middle Jurassic,Middle Jurassic,168.2,161.5,6.699999999999989
Omeisaurus jiaoi,Omeisaurus,Mamenchisauridae,Sauropoda,Sauropodomorpha,Saurischia,Herbivore,Bajocian,Oxfordian,Middle Jurassic,Upper Jurassic,170.9,154.8,16.099999999999994
Omeisaurus junghsiensis,Omeisaurus,Mamenchisauridae,Sauropoda,Sauropodomorpha,Saurischia,Herbivore,Bajocian,Tithonian,Middle Jurassic,Upper Jurassic,170.9,145.0,25.900000000000006
Omeisaurus luoquanensis,Omeisaurus,Mamenchisauridae,Sauropoda,Sauropodomorpha,Saurischia,Herbivore,Oxfordian,Oxfordian,Upper Jurassic,Upper Jurassic,161.5,154.8,6.699999999999989
Omeisaurus maoianus,Omeisaurus,Mamenchisauridae,Sauropoda,Sauropodomorpha,Saurischia,Herbivore,Kimmeridgian,Tithonian,Upper Jurassic,Upper Jurassic,154.8,145.0,9.800000000000011
Omeisaurus puxiani,Omeisaurus,Mamenchisauridae,Sauropoda,Sauropodomorpha,Saurischia,Herbivore,Bathonian,Callovian,Middle Jurassic,Middle Jurassic,168.2,161.5,6.699999999999989
Omeisaurus tianfuensis,Omeisaurus,Mamenchisauridae,Sauropoda,Sauropodomorpha,Saurischia,Herbivore,Bajocian,Oxfordian,Middle Jurassic,Upper Jurassic,170.9,154.8,16.099999999999994
Qijianglong guokr,Qijianglong,Mamenchisauridae,Sauropoda,Sauropodomorpha,Saurischia,Herbivore,Oxfordian,Tithonian,Upper Jurassic,Upper Jurassic,161.5,145.0,16.5
Rhomaleopakhus turpanensis,Rhomaleopakhus,Mamenchisauridae,Sauropoda,Sauropodomorpha,Saurischia,Herbivore,Kimmeridgian,Tithonian,Upper Jurassic,Upper Jurassic,152.2,145.0,7.199999999999989
Tonganosaurus hei,Tonganosaurus,Mamenchisauridae,Sauropoda,Sauropodomorpha,Saurischia,Herbivore,Hettangian,Toarcian,Lower Jurassic,Lower Jurassic,201.4,174.7,26.700000000000017
Wamweracaudia keranjei,Wamweracaudia,Mamenchisauridae,Sauropoda,Sauropodomorpha,Saurischia,Herbivore,Tithonian,Tithonian,Upper Jurassic,Upper Jurassic,149.2,145.0,4.199999999999989
Xinjiangtitan shanshanesis,Xinjiangtitan,Mamenchisauridae,Sauropoda,Sauropodomorpha,Saurischia,Herbivore,Bathonian,Tithonian,Middle Jurassic,Upper Jurassic,168.2,145.0,23.19999999999999
Yuanmousaurus jiangyiensis,Yuanmousaurus,Mamenchisauridae,Sauropoda,Sauropodomorpha,Saurischia,Herbivore,Aalenian,Callovian,Middle Jurassic,Middle Jurassic,174.7,161.5,13.199999999999989
Amargasaurus cazaui,Amargasaurus,Dicraeosauridae,Sauropoda,Sauropodomorpha,Saurischia,Herbivore,Barremian,Barremian,Lower Cretaceous,Lower Cretaceous,125.77,121.4,4.36999999999999
Amargatitanis macni,Amargatitanis,Dicraeosauridae,Sauropoda,Sauropodomorpha,Saurischia,Herbivore,Barremian,Barremian,Lower Cretaceous,Lower Cretaceous,125.77,121.4,4.36999999999999
Bajadasaurus pronuspinax,Bajadasaurus,Dicraeosauridae,Sauropoda,Sauropodomorpha,Saurischia,Herbivore,Berriasian,Valanginian,Lower Cretaceous,Lower Cretaceous,140.6,132.6,8.0
Brachytrachelopan mesai,Brachytrachelopan,Dicraeosauridae,Sauropoda,Sauropodomorpha,Saurischia,Herbivore,Kimmeridgian,Tithonian,Upper Jurassic,Upper Jurassic,154.8,146.3,8.5
Dicraeosaurus hansemanni,Dicraeosaurus,Dicraeosauridae,Sauropoda,Sauropodomorpha,Saurischia,Herbivore,Oxfordian,Tithonian,Upper Jurassic,Upper Jurassic,161.5,145.0,16.5
Dicraeosaurus sattleri,Dicraeosaurus,Dicraeosauridae,Sauropoda,Sauropodomorpha,Saurischia,Herbivore,Kimmeridgian,Tithonian,Upper Jurassic,Upper Jurassic,152.2,145.0,7.199999999999989
Dyslocosaurus polyonychius,Dyslocosaurus,Dicraeosauridae,Sauropoda,Sauropodomorpha,Saurischia,Herbivore,Kimmeridgian,Tithonian,Upper Jurassic,Upper Jurassic,154.8,145.0,9.800000000000011
Kaatedocus siberi,Kaatedocus,,Sauropoda,Sauropodomorpha,Saurischia,Herbivore,Kimmeridgian,Kimmeridgian,Upper Jurassic,Upper Jurassic,154.8,149.2,5.600000000000023
Lingwulong shenqi,Lingwulong,Dicraeosauridae,Sauropoda,Sauropodomorpha,Saurischia,Herbivore,Aalenian,Callovian,Middle Jurassic,Middle Jurassic,174.7,161.5,13.199999999999989
Pilmatueia faundezi,Pilmatueia,Dicraeosauridae,Sauropoda,Sauropodomorpha,Saurischia,Herbivore,Valanginian,Valanginian,Lower Cretaceous,Lower Cretaceous,139.8,132.6,7.200000000000017
Smitanosaurus agilis,Smitanosaurus,Dicraeosauridae,Sauropoda,Sauropodomorpha,Saurischia,Herbivore,Kimmeridgian,Tithonian,Upper Jurassic,Upper Jurassic,152.2,146.3,5.899999999999977
Suuwassea emilieae,Suuwassea,Dicraeosauridae,Sauropoda,Sauropodomorpha,Saurischia,Herbivore,Kimmeridgian,Kimmeridgian,Upper Jurassic,Upper Jurassic,152.2,149.2,3.0
Tharosaurus indicus,Tharosaurus,Dicraeosauridae,Sauropoda,Sauropodomorpha,Saurischia,Herbivore,Bathonian,Bathonian,Middle Jurassic,Middle Jurassic,168.2,165.3,2.8999999999999773
Ardetosaurus viator,Ardetosaurus,Diplodocidae,Sauropoda,Sauropodomorpha,Saurischia,Herbivore,Kimmeridgian,Kimmeridgian,Upper Jurassic,Upper Jurassic,154.8,149.2,5.600000000000023
Barosaurus lentus,Barosaurus,Diplodocidae,Sauropoda,Sauropodomorpha,Saurischia,Herbivore,Kimmeridgian,Tithonian,Upper Jurassic,Upper Jurassic,154.8,145.0,9.800000000000011
Dinheirosaurus lourinhanensis,Dinheirosaurus,Diplodocidae,Sauropoda,Sauropodomorpha,Saurischia,Herbivore,Kimmeridgian,Kimmeridgian,Upper Jurassic,Upper Jurassic,152.2,149.2,3.0
Diplodocus carnegii,Diplodocus,Diplodocidae,Sauropoda,Sauropodomorpha,Saurischia,Herbivore,Kimmeridgian,Tithonian,Upper Jurassic,Upper Jurassic,154.8,145.0,9.800000000000011
Diplodocus hallorum,Diplodocus,Diplodocidae,Sauropoda,Sauropodomorpha,Saurischia,Herbivore,Kimmeridgian,Tithonian,Upper Jurassic,Upper Jurassic,154.8,145.0,9.800000000000011
Diplodocus longus,Diplodocus,Diplodocidae,Sauropoda,Sauropodomorpha,Saurischia,Herbivore,Kimmeridgian,Tithonian,Upper Jurassic,Upper Jurassic,154.8,145.0,9.800000000000011
Galeamopus hayi,Galeamopus,Diplodocidae,Sauropoda,Sauropodomorpha,Saurischia,Herbivore,Kimmeridgian,Tithonian,Upper Jurassic,Upper Jurassic,154.8,145.0,9.800000000000011
Galeamopus pabsti,Galeamopus,Diplodocidae,Sauropoda,Sauropodomorpha,Saurischia,Herbivore,Kimmeridgian,Tithonian,Upper Jurassic,Upper Jurassic,154.8,145.0,9.800000000000011
Leinkupal laticauda,Leinkupal,Diplodocidae,Sauropoda,Sauropodomorpha,Saurischia,Herbivore,Berriasian,Valanginian,Lower Cretaceous,Lower Cretaceous,140.6,132.6,8.0
Supersaurus vivianae,Supersaurus,Diplodocidae,Sauropoda,Sauropodomorpha,Saurischia,Herbivore,Kimmeridgian,Tithonian,Upper Jurassic,Upper Jurassic,154.8,145.0,9.800000000000011
Tornieria africana,Tornieria,Diplodocidae,Sauropoda,Sauropodomorpha,Saurischia,Herbivore,Kimmeridgian,Tithonian,Upper Jurassic,Upper Jurassic,152.2,145.0,7.199999999999989
Apatosaurus ajax,Apatosaurus,Diplodocidae,Sauropoda,Sauropodomorpha,Saurischia,Herbivore,Kimmeridgian,Tithonian,Upper Jurassic,Upper Jurassic,154.8,145.0,9.800000000000011
Apatosaurus louisae,Apatosaurus,Diplodocidae,Sauropoda,Sauropodomorpha,Saurischia,Herbivore,Kimmeridgian,Tithonian,Upper Jurassic,Upper Jurassic,154.8,145.0,9.800000000000011
Brontosaurus excelsus,Brontosaurus,Diplodocidae,Sauropoda,Sauropodomorpha,Saurischia,Herbivore,Kimmeridgian,Tithonian,Upper Jurassic,Upper Jurassic,154.8,145.0,9.800000000000011
Brontosaurus parvus,Brontosaurus,Diplodocidae,Sauropoda,Sauropodomorpha,Saurischia,Herbivore,Kimmeridgian,Tithonian,Upper Jurassic,Upper Jurassic,154.8,145.0,9.800000000000011
Brontosaurus yahnahpin,Brontosaurus,Diplodocidae,Sauropoda,Sauropodomorpha,Saurischia,Herbivore,Kimmeridgian,Tithonian,Upper Jurassic,Upper Jurassic,154.8,145.0,9.800000000000011
Demandasaurus darwini,Demandasaurus,Rebbachisauridae,Sauropoda,Sauropodomorpha,Saurischia,Herbivore,Barremian,Aptian,Lower Cretaceous,Lower Cretaceous,125.77,119.5,6.269999999999996
Nigersaurus taqueti,Nigersaurus,Rebbachisauridae,Sauropoda,Sauropodomorpha,Saurischia,Herbivore,Aptian,Albian,Lower Cretaceous,Lower Cretaceous,121.4,100.5,20.900000000000006
Tataouinea hannibalis,Tataouinea,Rebbachisauridae,Sauropoda,Sauropodomorpha,Saurischia,Herbivore,Albian,Albian,Lower Cretaceous,Lower Cretaceous,113.0,100.5,12.5
Cathartesaura anaerobica,Cathartesaura,Rebbachisauridae,Sauropoda,Sauropodomorpha,Saurischia,Herbivore,Cenomanian,Turonian,Upper Cretaceous,Upper Cretaceous,100.5,89.8,10.700000000000003
Katepensaurus goicoecheai,Katepensaurus,Rebbachisauridae,Sauropoda,Sauropodomorpha,Saurischia,Herbivore,Cenomanian,Turonian,Upper Cretaceous,Upper Cretaceous,100.5,89.8,10.700000000000003
Limaysaurus tessonei,Limaysaurus,Rebbachisauridae,Sauropoda,Sauropodomorpha,Saurischia,Herbivore,Cenomanian,Turonian,Upper Cretaceous,Upper Cretaceous,100.5,89.8,10.700000000000003
Nopcsaspondylus alarconensis,Nopcsaspondylus,Rebbachisauridae,Sauropoda,Sauropodomorpha,Saurischia,Herbivore,Cenomanian,Cenomanian,Upper Cretaceous,Upper Cretaceous,100.5,93.9,6.599999999999994
Rayososaurus agrioensis,Rayososaurus,Rebbachisauridae,Sauropoda,Sauropodomorpha,Saurischia,Herbivore,Cenomanian,Cenomanian,Upper Cretaceous,Upper Cretaceous,100.5,93.9,6.599999999999994
Rebbachisaurus garasbae,Rebbachisaurus,Rebbachisauridae,Sauropoda,Sauropodomorpha,Saurischia,Herbivore,Albian,Cenomanian,Lower Cretaceous,Upper Cretaceous,106.2,93.9,12.299999999999997
Agustinia ligabuei,Agustinia,Rebbachisauridae,Sauropoda,Sauropodomorpha,Saurischia,Herbivore,Albian,Albian,Lower Cretaceous,Lower Cretaceous,113.0,100.5,12.5
Amazonsaurus maranhensis,Amazonsaurus,Rebbachisauridae,Sauropoda,Sauropodomorpha,Saurischia,Herbivore,Aptian,Albian,Lower Cretaceous,Lower Cretaceous,119.5,106.2,13.299999999999997
Campananeyen fragilissimus,Campananeyen,Rebbachisauridae,Sauropoda,Sauropodomorpha,Saurischia,Herbivore,Cenomanian,Cenomanian,Upper Cretaceous,Upper Cretaceous,100.5,93.9,6.599999999999994
Comahuesaurus windhauseni,Comahuesaurus,Rebbachisauridae,Sauropoda,Sauropodomorpha,Saurischia,Herbivore,Aptian,Albian,Lower Cretaceous,Lower Cretaceous,119.5,109.9,9.599999999999994
Histriasaurus boscarollii,Histriasaurus,Rebbachisauridae,Sauropoda,Sauropodomorpha,Saurischia,Herbivore,Hauterivian,Barremian,Lower Cretaceous,Lower Cretaceous,132.6,121.4,11.199999999999989
Itapeuasaurus cajapioensis,Itapeuasaurus,Rebbachisauridae,Sauropoda,Sauropodomorpha,Saurischia,Herbivore,Cenomanian,Cenomanian,Upper Cretaceous,Upper Cretaceous,100.5,93.9,6.599999999999994
Lavocatisaurus agrioensis,Lavocatisaurus,Rebbachisauridae,Sauropoda,Sauropodomorpha,Saurischia,Herbivore,Aptian,Albian,Lower Cretaceous,Lower Cretaceous,121.4,109.9,11.5
Maraapunisaurus fragillimus,Maraapunisaurus,Rebbachisauridae,Sauropoda,Sauropodomorpha,Saurischia,Herbivore,Tithonian,Tithonian,Upper Jurassic,Upper Jurassic,149.2,145.0,4.199999999999989
Sidersaura marae,Sidersaura,Rebbachisauridae,Sauropoda,Sauropodomorpha,Saurischia,Herbivore,Cenomanian,Turonian,Upper Cretaceous,Upper Cretaceous,100.5,89.8,10.700000000000003
Xenoposeidon proneneukos,Xenoposeidon,Rebbachisauridae,Sauropoda,Sauropodomorpha,Saurischia,Herbivore,Berriasian,Valanginian,Lower Cretaceous,Lower Cretaceous,140.6,132.6,8.0
Zapalasaurus bonapartei,Zapalasaurus,Rebbachisauridae,Sauropoda,Sauropodomorpha,Saurischia,Herbivore,Barremian,Aptian,Lower Cretaceous,Lower Cretaceous,125.77,119.5,6.269999999999996
Amphicoelias altus,Amphicoelias,Diplodocidae,Sauropoda,Sauropodomorpha,Saurischia,Herbivore,Tithonian,Tithonian,Upper Jurassic,Upper Jurassic,149.2,146.3,2.8999999999999773
Amphicoelias brontodiplodocus,Amphicoelias,Diplodocidae,Sauropoda,Sauropodomorpha,Saurischia,Herbivore,Oxfordian,Kimmeridgian,Upper Jurassic,Upper Jurassic,157.9,152.2,5.700000000000017
Haplocanthosaurus delfsi,Haplocanthosaurus,Haplocanthosauridae,Sauropoda,Sauropodomorpha,Saurischia,Herbivore,Kimmeridgian,Tithonian,Upper Jurassic,Upper Jurassic,152.2,146.3,5.899999999999977
Haplocanthosaurus priscus,Haplocanthosaurus,Haplocanthosauridae,Sauropoda,Sauropodomorpha,Saurischia,Herbivore,Kimmeridgian,Tithonian,Upper Jurassic,Upper Jurassic,152.2,146.3,5.899999999999977
Camarasaurus grandis,Camarasaurus,Camarasauridae,Sauropoda,Sauropodomorpha,Saurischia,Herbivore,Kimmeridgian,Tithonian,Upper Jurassic,Upper Jurassic,154.8,145.0,9.800000000000011
Camarasaurus lentus,Camarasaurus,Camarasauridae,Sauropoda,Sauropodomorpha,Saurischia,Herbivore,Kimmeridgian,Tithonian,Upper Jurassic,Upper Jurassic,154.8,145.0,9.800000000000011
Camarasaurus lewisi,Camarasaurus,Camarasauridae,Sauropoda,Sauropodomorpha,Saurischia,Herbivore,Kimmeridgian,Kimmeridgian,Upper Jurassic,Upper Jurassic,154.8,149.2,5.600000000000023
Camarasaurus supremus,Camarasaurus,Camarasauridae,Sauropoda,Sauropodomorpha,Saurischia,Herbivore,Kimmeridgian,Tithonian,Upper Jurassic,Upper Jurassic,154.8,145.0,9.800000000000011
Morosaurus marchei,Camarasaurus,Camarasauridae,Sauropoda,Sauropodomorpha,Saurischia,Herbivore,Kimmeridgian,Kimmeridgian,Upper Jurassic,Upper Jurassic,152.2,149.2,3.0
Lourinhasaurus alenquerensis,Lourinhasaurus,Camarasauridae,Sauropoda,Sauropodomorpha,Saurischia,Herbivore,Kimmeridgian,Tithonian,Upper Jurassic,Upper Jurassic,152.2,146.3,5.899999999999977
Europasaurus holgeri,Europasaurus,,Sauropoda,Sauropodomorpha,Saurischia,Herbivore,Kimmeridgian,Kimmeridgian,Upper Jurassic,Upper Jurassic,152.2,149.2,3.0
Tehuelchesaurus benitezii,Tehuelchesaurus,Camarasauridae,Sauropoda,Sauropodomorpha,Saurischia,Herbivore,Oxfordian,Tithonian,Upper Jurassic,Upper Jurassic,157.9,145.0,12.900000000000006
Diamantinasaurus matildae,Diamantinasaurus,,Sauropoda,Sauropodomorpha,Saurischia,Herbivore,Cenomanian,Turonian,Upper Cretaceous,Upper Cretaceous,100.5,89.8,10.700000000000003
Mansourasaurus shahinae,Mansourasaurus,,Titanosauria,Sauropodomorpha,Saurischia,Herbivore,Campanian,Campanian,Upper Cretaceous,Upper Cretaceous,83.6,72.1,11.5
Sarmientosaurus musacchioi,Sarmientosaurus,,Sauropoda,Sauropodomorpha,Saurischia,Herbivore,Cenomanian,Turonian,Upper Cretaceous,Upper Cretaceous,100.5,89.8,10.700000000000003
Savannasaurus elliottorum,Savannasaurus,,Sauropoda,Sauropodomorpha,Saurischia,Herbivore,Cenomanian,Turonian,Upper Cretaceous,Upper Cretaceous,100.5,89.8,10.700000000000003
Wintonotitan wattsi,Wintonotitan,,Sauropoda,Sauropodomorpha,Saurischia,Herbivore,Cenomanian,Turonian,Upper Cretaceous,Upper Cretaceous,100.5,89.8,10.700000000000003
Daxiatitan binglingi,Daxiatitan,,Titanosauria,Sauropodomorpha,Saurischia,Herbivore,Barremian,Aptian,Lower Cretaceous,Lower Cretaceous,125.77,113.0,12.769999999999996
Erketu ellisoni,Erketu,,Sauropoda,Sauropodomorpha,Saurischia,Herbivore,Cenomanian,Santonian,Upper Cretaceous,Upper Cretaceous,100.5,83.6,16.900000000000006
Euhelopus zdanskyi,Euhelopus,Euhelopodidae,Sauropoda,Sauropodomorpha,Saurischia,Herbivore,Berriasian,Valanginian,Lower Cretaceous,Lower Cretaceous,145.0,132.6,12.400000000000006
Gobititan shenzhouensis,Gobititan,,Sauropoda,Sauropodomorpha,Saurischia,Herbivore,Albian,Albian,Lower Cretaceous,Lower Cretaceous,113.0,109.9,3.0999999999999943
Huabeisaurus allocotus,Huabeisaurus,Euhelopodidae,Sauropoda,Sauropodomorpha,Saurischia,Herbivore,Cenomanian,Campanian,Upper Cretaceous,Upper Cretaceous,100.5,72.1,28.400000000000006
Phuwiangosaurus sirindhornae,Phuwiangosaurus,Euhelopodidae,Sauropoda,Sauropodomorpha,Saurischia,Herbivore,Barremian,Barremian,Lower Cretaceous,Lower Cretaceous,125.77,121.4,4.36999999999999
Qiaowanlong kangxii,Qiaowanlong,Euhelopodidae,Sauropoda,Sauropodomorpha,Saurischia,Herbivore,Aptian,Aptian,Lower Cretaceous,Lower Cretaceous,121.4,113.0,8.400000000000006
Ruixinia zhangi,Ruixinia,,Sauropoda,Sauropodomorpha,Saurischia,Herbivore,Barremian,Aptian,Lower Cretaceous,Lower Cretaceous,125.77,119.5,6.269999999999996
Ruyangosaurus giganteus,Ruyangosaurus,,Titanosauria,Sauropodomorpha,Saurischia,Herbivore,Aptian,Albian,Lower Cretaceous,Lower Cretaceous,121.4,100.5,20.900000000000006
Silutitan sinensis,Silutitan,Euhelopodidae,Sauropoda,Sauropodomorpha,Saurischia,Herbivore,Valanginian,Valanginian,Lower Cretaceous,Lower Cretaceous,139.8,132.6,7.200000000000017
Tambatitanis amicitiae,Tambatitanis,,Titanosauria,Sauropodomorpha,Saurischia,Herbivore,Albian,Albian,Lower Cretaceous,Lower Cretaceous,113.0,109.9,3.0999999999999943
Tangvayosaurus hoffeti,Tangvayosaurus,Euhelopodidae,Sauropoda,Sauropodomorpha,Saurischia,Herbivore,Aptian,Albian,Lower Cretaceous,Lower Cretaceous,121.4,100.5,20.900000000000006
Xianshanosaurus shijiagouensis,Xianshanosaurus,,Sauropoda,Sauropodomorpha,Saurischia,Herbivore,Aptian,Albian,Lower Cretaceous,Lower Cretaceous,121.4,100.5,20.900000000000006
Yongjinglong datangi,Yongjinglong,Euhelopodidae,Sauropoda,Sauropodomorpha,Saurischia,Herbivore,Barremian,Aptian,Lower Cretaceous,Lower Cretaceous,125.77,113.0,12.769999999999996
Angolatitan adamastor,Angolatitan,,Sauropoda,Sauropodomorpha,Saurischia,Herbivore,Coniacian,Coniacian,Upper Cretaceous,Upper Cretaceous,89.8,86.3,3.5
Astrophocaudia slaughteri,Astrophocaudia,,Sauropoda,Sauropodomorpha,Saurischia,Herbivore,Albian,Albian,Lower Cretaceous,Lower Cretaceous,113.0,109.9,3.0999999999999943
Australodocus bohetii,Australodocus,,Sauropoda,Sauropodomorpha,Saurischia,Herbivore,Tithonian,Tithonian,Upper Jurassic,Upper Jurassic,149.2,145.0,4.199999999999989
Austrosaurus mckillopi,Austrosaurus,,Sauropoda,Sauropodomorpha,Saurischia,Herbivore,Albian,Albian,Lower Cretaceous,Lower Cretaceous,106.2,100.5,5.700000000000003
Brontomerus mcintoshi,Brontomerus,,Sauropoda,Sauropodomorpha,Saurischia,Herbivore,Aptian,Albian,Lower Cretaceous,Lower Cretaceous,121.4,100.5,20.900000000000006
Chubutisaurus insignis,Chubutisaurus,,Sauropoda,Sauropodomorpha,Saurischia,Herbivore,Aptian,Albian,Lower Cretaceous,Lower Cretaceous,119.5,109.9,9.599999999999994
Dongbeititan dongi,Dongbeititan,,Sauropoda,Sauropodomorpha,Saurischia,Herbivore,Barremian,Aptian,Lower Cretaceous,Lower Cretaceous,125.77,119.5,6.269999999999996
Europatitan eastwoodi,Europatitan,,Sauropoda,Sauropodomorpha,Saurischia,Herbivore,Barremian,Aptian,Lower Cretaceous,Lower Cretaceous,125.77,119.5,6.269999999999996
Gannansaurus sinensis,Gannansaurus,,Sauropoda,Sauropodomorpha,Saurischia,Herbivore,Maastrichtian,Maastrichtian,Upper Cretaceous,Upper Cretaceous,72.1,66.0,6.099999999999994
Garumbatitan morellensis,Garumbatitan,,Sauropoda,Sauropodomorpha,Saurischia,Herbivore,Barremian,Barremian,Lower Cretaceous,Lower Cretaceous,125.77,121.4,4.36999999999999
Huanghetitan liujiaxiaensis,Huanghetitan,,Sauropoda,Sauropodomorpha,Saurischia,Herbivore,Barremian,Aptian,Lower Cretaceous,Lower Cretaceous,125.77,113.0,12.769999999999996
Jiangshanosaurus lixianensis,Jiangshanosaurus,,Sauropoda,Sauropodomorpha,Saurischia,Herbivore,Cenomanian,Turonian,Upper Cretaceous,Upper Cretaceous,100.5,89.8,10.700000000000003
Jiangxititan ganzhouensis,Jiangxititan,,Sauropoda,Sauropodomorpha,Saurischia,Herbivore,Maastrichtian,Maastrichtian,Upper Cretaceous,Upper Cretaceous,72.1,66.0,6.099999999999994
Ligabuesaurus leanzai,Ligabuesaurus,,Sauropoda,Sauropodomorpha,Saurischia,Herbivore,Albian,Albian,Lower Cretaceous,Lower Cretaceous,113.0,109.9,3.0999999999999943
Liubangosaurus hei,Liubangosaurus,,Sauropoda,Sauropodomorpha,Saurischia,Herbivore,Aptian,Aptian,Lower Cretaceous,Lower Cretaceous,121.4,113.0,8.400000000000006
Padillasaurus leivaensis,Padillasaurus,,Sauropoda,Sauropodomorpha,Saurischia,Herbivore,Barremian,Barremian,Lower Cretaceous,Lower Cretaceous,125.77,121.4,4.36999999999999
Sauroposeidon proteles,Sauroposeidon,,Sauropoda,Sauropodomorpha,Saurischia,Herbivore,Aptian,Cenomanian,Lower Cretaceous,Upper Cretaceous,121.4,93.9,27.5
Sibirotitan astrosacralis,Sibirotitan,,Sauropoda,Sauropodomorpha,Saurischia,Herbivore,Aptian,Aptian,Lower Cretaceous,Lower Cretaceous,121.4,113.0,8.400000000000006
Sonidosaurus saihangaobiensis,Sonidosaurus,,Titanosauria,Sauropodomorpha,Saurischia,Herbivore,Campanian,Campanian,Upper Cretaceous,Upper Cretaceous,83.6,72.1,11.5
Tastavinsaurus sanzi,Tastavinsaurus,,Sauropoda,Sauropodomorpha,Saurischia,Herbivore,Aptian,Aptian,Lower Cretaceous,Lower Cretaceous,121.4,119.5,1.9000000000000057
Triunfosaurus leonardii,Triunfosaurus,,Sauropoda,Sauropodomorpha,Saurischia,Herbivore,Berriasian,Hauterivian,Lower Cretaceous,Lower Cretaceous,145.0,125.77,19.230000000000004
Yunmenglong ruyangensis,Yunmenglong,,Sauropoda,Sauropodomorpha,Saurischia,Herbivore,Aptian,Albian,Lower Cretaceous,Lower Cretaceous,121.4,100.5,20.900000000000006
Aeolosaurus colhuehuapensis,Aeolosaurus,,Titanosauria,Sauropodomorpha,Saurischia,Herbivore,Campanian,Maastrichtian,Upper Cretaceous,Upper Cretaceous,83.6,66.0,17.599999999999994
Aeolosaurus rionegrinus,Aeolosaurus,,Titanosauria,Sauropodomorpha,Saurischia,Herbivore,Campanian,Maastrichtian,Upper Cretaceous,Upper Cretaceous,83.6,66.0,17.599999999999994
Baurutitan britoi,Baurutitan,,Titanosauria,Sauropodomorpha,Saurischia,Herbivore,Maastrichtian,Maastrichtian,Upper Cretaceous,Upper Cretaceous,72.1,66.0,6.099999999999994
Caieiria allocaudata,Caieiria,,Titanosauria,Sauropodomorpha,Saurischia,Herbivore,Maastrichtian,Maastrichtian,Upper Cretaceous,Upper Cretaceous,72.1,66.0,6.099999999999994
Gondwanatitan faustoi,Gondwanatitan,,Titanosauria,Sauropodomorpha,Saurischia,Herbivore,Campanian,Maastrichtian,Upper Cretaceous,Upper Cretaceous,83.6,66.0,17.599999999999994
Panamericansaurus schroederi,Panamericansaurus,,Titanosauria,Sauropodomorpha,Saurischia,Herbivore,Campanian,Maastrichtian,Upper Cretaceous,Upper Cretaceous,83.6,66.0,17.599999999999994
Austroposeidon magnificus,Austroposeidon,,Titanosauria,Sauropodomorpha,Saurischia,Herbivore,Campanian,Maastrichtian,Upper Cretaceous,Upper Cretaceous,83.6,66.0,17.599999999999994
Drusilasaura deseadensis,Drusilasaura,,Titanosauria,Sauropodomorpha,Saurischia,Herbivore,Cenomanian,Turonian,Upper Cretaceous,Upper Cretaceous,100.5,89.8,10.700000000000003
Futalognkosaurus dukei,Futalognkosaurus,,Titanosauria,Sauropodomorpha,Saurischia,Herbivore,Turonian,Coniacian,Upper Cretaceous,Upper Cretaceous,93.9,86.3,7.6000000000000085
Mendozasaurus neguyelap,Mendozasaurus,,Titanosauria,Sauropodomorpha,Saurischia,Herbivore,Coniacian,Coniacian,Upper Cretaceous,Upper Cretaceous,89.8,86.3,3.5
Quetecsaurus rusconii,Quetecsaurus,,Titanosauria,Sauropodomorpha,Saurischia,Herbivore,Turonian,Turonian,Upper Cretaceous,Upper Cretaceous,93.9,89.8,4.1000000000000085
Traukutitan eocaudata,Traukutitan,,Titanosauria,Sauropodomorpha,Saurischia,Herbivore,Santonian,Santonian,Upper Cretaceous,Upper Cretaceous,86.3,83.6,2.700000000000003
Adamantisaurus mezzalirai,Adamantisaurus,,Titanosauria,Sauropodomorpha,Saurischia,Herbivore,Campanian,Maastrichtian,Upper Cretaceous,Upper Cretaceous,83.6,66.0,17.599999999999994
Arrudatitan maximus,Arrudatitan,,Titanosauria,Sauropodomorpha,Saurischia,Herbivore,Campanian,Maastrichtian,Upper Cretaceous,Upper Cretaceous,83.6,66.0,17.599999999999994
Brasilotitan nemophagus,Brasilotitan,,Titanosauria,Sauropodomorpha,Saurischia,Herbivore,Campanian,Maastrichtian,Upper Cretaceous,Upper Cretaceous,83.6,66.0,17.599999999999994
Bravasaurus arrierosorum,Bravasaurus,,Titanosauria,Sauropodomorpha,Saurischia,Herbivore,Campanian,Maastrichtian,Upper Cretaceous,Upper Cretaceous,83.6,66.0,17.599999999999994
Maxakalisaurus topai,Maxakalisaurus,,Titanosauria,Sauropodomorpha,Saurischia,Herbivore,Campanian,Maastrichtian,Upper Cretaceous,Upper Cretaceous,83.6,66.0,17.599999999999994
Muyelensaurus pecheni,Muyelensaurus,,Titanosauria,Sauropodomorpha,Saurischia,Herbivore,Coniacian,Santonian,Upper Cretaceous,Upper Cretaceous,89.8,83.6,6.200000000000003
Overosaurus paradasorum,Overosaurus,,Titanosauria,Sauropodomorpha,Saurischia,Herbivore,Santonian,Santonian,Upper Cretaceous,Upper Cretaceous,86.3,83.6,2.700000000000003
Pitekunsaurus macayai,Pitekunsaurus,,Titanosauria,Sauropodomorpha,Saurischia,Herbivore,Campanian,Campanian,Upper Cretaceous,Upper Cretaceous,83.6,72.1,11.5
Punatitan coughlini,Punatitan,,Titanosauria,Sauropodomorpha,Saurischia,Herbivore,Campanian,Maastrichtian,Upper Cretaceous,Upper Cretaceous,83.6,66.0,17.599999999999994
Rinconsaurus caudamirus,Rinconsaurus,,Titanosauria,Sauropodomorpha,Saurischia,Herbivore,Santonian,Santonian,Upper Cretaceous,Upper Cretaceous,86.3,83.6,2.700000000000003
Uberabatitan ribeiroi,Uberabatitan,,Titanosauria,Sauropodomorpha,Saurischia,Herbivore,Maastrichtian,Maastrichtian,Upper Cretaceous,Upper Cretaceous,72.1,66.0,6.099999999999994
Chucarosaurus diripienda,Chucarosaurus,,Titanosauria,Sauropodomorpha,Saurischia,Herbivore,Cenomanian,Turonian,Upper Cretaceous,Upper Cretaceous,100.5,89.8,10.700000000000003
Notocolossus gonzalezparejasi,Notocolossus,,Titanosauria,Sauropodomorpha,Saurischia,Herbivore,Coniacian,Santonian,Upper Cretaceous,Upper Cretaceous,89.8,83.6,6.200000000000003
Puertasaurus reuili,Puertasaurus,,Titanosauria,Sauropodomorpha,Saurischia,Herbivore,Campanian,Campanian,Upper Cretaceous,Upper Cretaceous,83.6,72.1,11.5
Argentinosaurus huinculensis,Argentinosaurus,,Titanosauria,Sauropodomorpha,Saurischia,Herbivore,Cenomanian,Turonian,Upper Cretaceous,Upper Cretaceous,100.5,89.8,10.700000000000003
Bonitasaura salgadoi,Bonitasaura,,Titanosauria,Sauropodomorpha,Saurischia,Herbivore,Santonian,Santonian,Upper Cretaceous,Upper Cretaceous,86.3,83.6,2.700000000000003
Dreadnoughtus schrani,Dreadnoughtus,,Titanosauria,Sauropodomorpha,Saurischia,Herbivore,Campanian,Campanian,Upper Cretaceous,Upper Cretaceous,83.6,72.1,11.5
Inawentu oslatus,Inawentu,,Titanosauria,Sauropodomorpha,Saurischia,Herbivore,Santonian,Santonian,Upper Cretaceous,Upper Cretaceous,86.3,83.6,2.700000000000003
Menucocelsior arriagadai,Menucocelsior,,Titanosauria,Sauropodomorpha,Saurischia,Herbivore,Campanian,Maastrichtian,Upper Cretaceous,Upper Cretaceous,83.6,66.0,17.599999999999994
Patagotitan mayorum,Patagotitan,,Titanosauria,Sauropodomorpha,Saurischia,Herbivore,Albian,Albian,Lower Cretaceous,Lower Cretaceous,113.0,100.5,12.5
Ampelosaurus atacis,Ampelosaurus,,Titanosauria,Sauropodomorpha,Saurischia,Herbivore,Campanian,Maastrichtian,Upper Cretaceous,Upper Cretaceous,83.6,66.0,17.599999999999994
Atsinganosaurus velauciensis,Atsinganosaurus,,Titanosauria,Sauropodomorpha,Saurischia,Herbivore,Campanian,Campanian,Upper Cretaceous,Upper Cretaceous,83.6,72.1,11.5
Garrigatitan meridionalis,Garrigatitan,,Titanosauria,Sauropodomorpha,Saurischia,Herbivore,Campanian,Campanian,Upper Cretaceous,Upper Cretaceous,83.6,72.1,11.5
Lirainosaurus astibiae,Lirainosaurus,,Titanosauria,Sauropodomorpha,Saurischia,Herbivore,Campanian,Maastrichtian,Upper Cretaceous,Upper Cretaceous,83.6,66.0,17.599999999999994
Lohuecotitan pandafilandi,Lohuecotitan,,Titanosauria,Sauropodomorpha,Saurischia,Herbivore,Campanian,Maastrichtian,Upper Cretaceous,Upper Cretaceous,83.6,66.0,17.599999999999994
Opisthocoelicaudia skarzynskii,Opisthocoelicaudia,Saltasauridae,Titanosauria,Sauropodomorpha,Saurischia,Herbivore,Maastrichtian,Maastrichtian,Upper Cretaceous,Upper Cretaceous,72.1,66.0,6.099999999999994
Neuquensaurus australis,Neuquensaurus,Saltasauridae,Titanosauria,Sauropodomorpha,Saurischia,Herbivore,Santonian,Maastrichtian,Upper Cretaceous,Upper Cretaceous,86.3,66.0,20.299999999999997
Saltasaurus loricatus,Saltasaurus,Saltasauridae,Titanosauria,Sauropodomorpha,Saurischia,Herbivore,Maastrichtian,Maastrichtian,Upper Cretaceous,Upper Cretaceous,72.1,66.0,6.099999999999994
Alamosaurus sanjuanensis,Alamosaurus,Saltasauridae,Titanosauria,Sauropodomorpha,Saurischia,Herbivore,Campanian,Maastrichtian,Upper Cretaceous,Upper Cretaceous,83.6,66.0,17.599999999999994
Bonatitan reigi,Bonatitan,Saltasauridae,Titanosauria,Sauropodomorpha,Saurischia,Herbivore,Campanian,Maastrichtian,Upper Cretaceous,Upper Cretaceous,83.6,66.0,17.599999999999994
Ibirania parva,Ibirania,Saltasauridae,Titanosauria,Sauropodomorpha,Saurischia,Herbivore,Santonian,Campanian,Upper Cretaceous,Upper Cretaceous,86.3,72.1,14.200000000000003
Rocasaurus muniozi,Rocasaurus,Saltasauridae,Titanosauria,Sauropodomorpha,Saurischia,Herbivore,Campanian,Maastrichtian,Upper Cretaceous,Upper Cretaceous,83.6,66.0,17.599999999999994
Yamanasaurus lojaensis,Yamanasaurus,Saltasauridae,Titanosauria,Sauropodomorpha,Saurischia,Herbivore,Maastrichtian,Maastrichtian,Upper Cretaceous,Upper Cretaceous,72.1,66.0,6.099999999999994
Abditosaurus kuehnei,Abditosaurus,Saltasauridae,Titanosauria,Sauropodomorpha,Saurischia,Herbivore,Maastrichtian,Maastrichtian,Upper Cretaceous,Upper Cretaceous,72.1,66.0,6.099999999999994
Igai semkhu,Igai,Saltasauridae,Titanosauria,Sauropodomorpha,Saurischia,Herbivore,Campanian,Campanian,Upper Cretaceous,Upper Cretaceous,83.6,72.1,11.5
Qingxiusaurus youjiangensis,Qingxiusaurus,Saltasauridae,Titanosauria,Sauropodomorpha,Saurischia,Herbivore,Cenomanian,Maastrichtian,Upper Cretaceous,Upper Cretaceous,100.5,66.0,34.5
Qunkasaura pintiquiniestra,Qunkasaura,Saltasauridae,Titanosauria,Sauropodomorpha,Saurischia,Herbivore,Campanian,Maastrichtian,Upper Cretaceous,Upper Cretaceous,83.6,66.0,17.599999999999994
Zhuchengtitan zangjiazhuangensis,Zhuchengtitan,Saltasauridae,Titanosauria,Sauropodomorpha,Saurischia,Herbivore,Campanian,Campanian,Upper Cretaceous,Upper Cretaceous,83.6,72.1,11.5
Isisaurus colberti,Isisaurus,,Titanosauria,Sauropodomorpha,Saurischia,Herbivore,Maastrichtian,Maastrichtian,Upper Cretaceous,Upper Cretaceous,72.1,66.0,6.099999999999994
Rapetosaurus krausei,Rapetosaurus,,Titanosauria,Sauropodomorpha,Saurischia,Herbivore,Maastrichtian,Maastrichtian,Upper Cretaceous,Upper Cretaceous,72.1,66.0,6.099999999999994
Tapuiasaurus macedoi,Tapuiasaurus,,Titanosauria,Sauropodomorpha,Saurischia,Herbivore,Aptian,Aptian,Lower Cretaceous,Lower Cretaceous,121.4,113.0,8.400000000000006
Titanomachya gimenezi,Titanomachya,,Titanosauria,Sauropodomorpha,Saurischia,Herbivore,Maastrichtian,Maastrichtian,Upper Cretaceous,Upper Cretaceous,72.1,66.0,6.099999999999994
Udelartitan celeste,Udelartitan,,Titanosauria,Sauropodomorpha,Saurischia,Herbivore,Cenomanian,Santonian,Upper Cretaceous,Upper Cretaceous,100.5,83.6,16.900000000000006
Nemegtosaurus mongoliensis,Nemegtosaurus,Nemegtosauridae,Titanosauria,Sauropodomorpha,Saurischia,Herbivore,Maastrichtian,Maastrichtian,Upper Cretaceous,Upper Cretaceous,72.1,66.0,6.099999999999994
Quaesitosaurus orientalis,Quaesitosaurus,Nemegtosauridae,Titanosauria,Sauropodomorpha,Saurischia,Herbivore,Campanian,Campanian,Upper Cretaceous,Upper Cretaceous,83.6,72.1,11.5
Antarctosaurus wichmannianus,Antarctosaurus,,Titanosauria,Sauropodomorpha,Saurischia,Herbivore,Campanian,Maastrichtian,Upper Cretaceous,Upper Cretaceous,83.6,66.0,17.599999999999994
Arackar licanantay,Arackar,,Titanosauria,Sauropodomorpha,Saurischia,Herbivore,Campanian,Maastrichtian,Upper Cretaceous,Upper Cretaceous,83.6,66.0,17.599999999999994
Atacamatitan chilensis,Atacamatitan,,Titanosauria,Sauropodomorpha,Saurischia,Herbivore,Cenomanian,Maastrichtian,Upper Cretaceous,Upper Cretaceous,100.5,66.0,34.5
Bustingorrytitan shiva,Bustingorrytitan,,Titanosauria,Sauropodomorpha,Saurischia,Herbivore,Cenomanian,Cenomanian,Upper Cretaceous,Upper Cretaceous,100.5,93.9,6.599999999999994
Elaltitan lilloi,Elaltitan,,Titanosauria,Sauropodomorpha,Saurischia,Herbivore,Coniacian,Coniacian,Upper Cretaceous,Upper Cretaceous,89.8,86.3,3.5
Epachthosaurus sciuttoi,Epachthosaurus,,Titanosauria,Sauropodomorpha,Saurischia,Herbivore,Cenomanian,Turonian,Upper Cretaceous,Upper Cretaceous,100.5,89.8,10.700000000000003
Jainosaurus septentrionalis,Jainosaurus,,Titanosauria,Sauropodomorpha,Saurischia,Herbivore,Maastrichtian,Maastrichtian,Upper Cretaceous,Upper Cretaceous,72.1,66.0,6.099999999999994
Kaijutitan maui,Kaijutitan,,Titanosauria,Sauropodomorpha,Saurischia,Herbivore,Coniacian,Coniacian,Upper Cretaceous,Upper Cretaceous,89.8,86.3,3.5
Magyarosaurus dacus,Magyarosaurus,,Titanosauria,Sauropodomorpha,Saurischia,Herbivore,Maastrichtian,Maastrichtian,Upper Cretaceous,Upper Cretaceous,72.1,66.0,6.099999999999994
Malawisaurus dixeyi,Malawisaurus,,Titanosauria,Sauropodomorpha,Saurischia,Herbivore,Aptian,Aptian,Lower Cretaceous,Lower Cretaceous,121.4,113.0,8.400000000000006
Normanniasaurus genceyi,Normanniasaurus,,Titanosauria,Sauropodomorpha,Saurischia,Herbivore,Albian,Albian,Lower Cretaceous,Lower Cretaceous,109.9,106.2,3.700000000000003
Nullotitan glaciaris,Nullotitan,,Titanosauria,Sauropodomorpha,Saurischia,Herbivore,Maastrichtian,Maastrichtian,Upper Cretaceous,Upper Cretaceous,72.1,66.0,6.099999999999994
Paludititan nalatzensis,Paludititan,,Titanosauria,Sauropodomorpha,Saurischia,Herbivore,Maastrichtian,Maastrichtian,Upper Cretaceous,Upper Cretaceous,72.1,66.0,6.099999999999994
Paralititan stromeri,Paralititan,,Titanosauria,Sauropodomorpha,Saurischia,Herbivore,Cenomanian,Cenomanian,Upper Cretaceous,Upper Cretaceous,100.5,93.9,6.599999999999994
Pellegrinisaurus powelli,Pellegrinisaurus,Saltasauridae,Titanosauria,Sauropodomorpha,Saurischia,Herbivore,Campanian,Campanian,Upper Cretaceous,Upper Cretaceous,83.6,72.1,11.5
Shingopana songwensis,Shingopana,,Titanosauria,Sauropodomorpha,Saurischia,Herbivore,Cenomanian,Campanian,Upper Cretaceous,Upper Cretaceous,100.5,72.1,28.400000000000006
Tengrisaurus starkovi,Tengrisaurus,,Titanosauria,Sauropodomorpha,Saurischia,Herbivore,Valanginian,Valanginian,Lower Cretaceous,Lower Cretaceous,139.8,132.6,7.200000000000017
Vahiny depereti,Vahiny,,Titanosauria,Sauropodomorpha,Saurischia,Herbivore,Maastrichtian,Maastrichtian,Upper Cretaceous,Upper Cretaceous,72.1,66.0,6.099999999999994
Volgatitan simbirskiensis,Volgatitan,,Titanosauria,Sauropodomorpha,Saurischia,Herbivore,Hauterivian,Hauterivian,Lower Cretaceous,Lower Cretaceous,132.6,125.77,6.829999999999998
Abdarainurus barsboldi,Abdarainurus,,Titanosauria,Sauropodomorpha,Saurischia,Herbivore,Santonian,Campanian,Upper Cretaceous,Upper Cretaceous,86.3,72.1,14.200000000000003
Aegyptosaurus baharijensis,Aegyptosaurus,,Titanosauria,Sauropodomorpha,Saurischia,Herbivore,Berriasian,Cenomanian,Lower Cretaceous,Upper Cretaceous,145.0,93.9,51.099999999999994
Andesaurus delgadoi,Andesaurus,,Titanosauria,Sauropodomorpha,Saurischia,Herbivore,Cenomanian,Cenomanian,Upper Cretaceous,Upper Cretaceous,100.5,93.9,6.599999999999994
Argyrosaurus superbus,Argyrosaurus,,Titanosauria,Sauropodomorpha,Saurischia,Herbivore,Campanian,Maastrichtian,Upper Cretaceous,Upper Cretaceous,83.6,66.0,17.599999999999994
Baalsaurus mansillai,Baalsaurus,,Titanosauria,Sauropodomorpha,Saurischia,Herbivore,Turonian,Coniacian,Upper Cretaceous,Upper Cretaceous,93.9,86.3,7.6000000000000085
Baotianmansaurus henanensis,Baotianmansaurus,,Titanosauria,Sauropodomorpha,Saurischia,Herbivore,Turonian,Campanian,Upper Cretaceous,Upper Cretaceous,93.9,72.1,21.80000000000001
Barrosasaurus casamiquelai,Barrosasaurus,,Titanosauria,Sauropodomorpha,Saurischia,Herbivore,Turonian,Campanian,Upper Cretaceous,Upper Cretaceous,93.9,72.1,21.80000000000001
Borealosaurus wimani,Borealosaurus,,Titanosauria,Sauropodomorpha,Saurischia,Herbivore,Albian,Albian,Lower Cretaceous,Lower Cretaceous,106.2,100.5,5.700000000000003
Choconsaurus baileywillisi,Choconsaurus,,Titanosauria,Sauropodomorpha,Saurischia,Herbivore,Cenomanian,Cenomanian,Upper Cretaceous,Upper Cretaceous,100.5,93.9,6.599999999999994
Dongyangosaurus sinensis,Dongyangosaurus,,Titanosauria,Sauropodomorpha,Saurischia,Herbivore,Cenomanian,Turonian,Upper Cretaceous,Upper Cretaceous,100.5,89.8,10.700000000000003
Dzharatitanis kingi,Dzharatitanis,,Sauropoda,Sauropodomorpha,Saurischia,Herbivore,Turonian,Turonian,Upper Cretaceous,Upper Cretaceous,93.9,89.8,4.1000000000000085
Gandititan cavocaudatus,Gandititan,,Titanosauria,Sauropodomorpha,Saurischia,Herbivore,Cenomanian,Turonian,Upper Cretaceous,Upper Cretaceous,100.5,89.8,10.700000000000003
Hamititan xinjiangensis,Hamititan,,Titanosauria,Sauropodomorpha,Saurischia,Herbivore,Valanginian,Valanginian,Lower Cretaceous,Lower Cretaceous,139.8,132.6,7.200000000000017
Karongasaurus gittelmani,Karongasaurus,,Titanosauria,Sauropodomorpha,Saurischia,Herbivore,Aptian,Aptian,Lower Cretaceous,Lower Cretaceous,121.4,113.0,8.400000000000006
Laplatasaurus araukanicus,Laplatasaurus,,Titanosauria,Sauropodomorpha,Saurischia,Herbivore,Campanian,Campanian,Upper Cretaceous,Upper Cretaceous,83.6,72.1,11.5
Malarguesaurus florenciae,Malarguesaurus,,Titanosauria,Sauropodomorpha,Saurischia,Herbivore,Coniacian,Coniacian,Upper Cretaceous,Upper Cretaceous,89.8,86.3,3.5
Mnyamawamtuka moyowamkia,Mnyamawamtuka,,Titanosauria,Sauropodomorpha,Saurischia,Herbivore,Aptian,Cenomanian,Lower Cretaceous,Upper Cretaceous,121.4,93.9,27.5
Mongolosaurus haplodon,Mongolosaurus,,Sauropoda,Sauropodomorpha,Saurischia,Herbivore,Aptian,Albian,Lower Cretaceous,Lower Cretaceous,121.4,100.5,20.900000000000006
Narambuenatitan palomoi,Narambuenatitan,,Titanosauria,Sauropodomorpha,Saurischia,Herbivore,Campanian,Campanian,Upper Cretaceous,Upper Cretaceous,83.6,72.1,11.5
Ninjatitan zapatai,Ninjatitan,,Titanosauria,Sauropodomorpha,Saurischia,Herbivore,Berriasian,Valanginian,Lower Cretaceous,Lower Cretaceous,140.6,132.6,8.0
Petrobrasaurus puestohernandezi,Petrobrasaurus,,Titanosauria,Sauropodomorpha,Saurischia,Herbivore,Coniacian,Santonian,Upper Cretaceous,Upper Cretaceous,89.8,83.6,6.200000000000003
Rukwatitan bisepultus,Rukwatitan,,Titanosauria,Sauropodomorpha,Saurischia,Herbivore,Cenomanian,Campanian,Upper Cretaceous,Upper Cretaceous,100.5,72.1,28.400000000000006
Tiamat valdecii,Tiamat,,Titanosauria,Sauropodomorpha,Saurischia,Herbivore,Albian,Cenomanian,Lower Cretaceous,Upper Cretaceous,113.0,93.9,19.099999999999994
Titanosaurus blanfordi,Titanosaurus,,Titanosauria,Sauropodomorpha,Saurischia,Herbivore,Maastrichtian,Maastrichtian,Upper Cretaceous,Upper Cretaceous,72.1,66.0,6.099999999999994
Abydosaurus mcintoshi,Abydosaurus,Brachiosauridae,Sauropoda,Sauropodomorpha,Saurischia,Herbivore,Cenomanian,Cenomanian,Upper Cretaceous,Upper Cretaceous,100.5,93.9,6.599999999999994
Brachiosaurus altithorax,Brachiosaurus,Brachiosauridae,Sauropoda,Sauropodomorpha,Saurischia,Herbivore,Kimmeridgian,Tithonian,Upper Jurassic,Upper Jurassic,154.8,145.0,9.800000000000011
Cedarosaurus weiskopfae,Cedarosaurus,Brachiosauridae,Sauropoda,Sauropodomorpha,Saurischia,Herbivore,Valanginian,Albian,Lower Cretaceous,Lower Cretaceous,139.8,109.9,29.900000000000006
Galvesaurus herreroi,Galvesaurus,Brachiosauridae,Sauropoda,Sauropodomorpha,Saurischia,Herbivore,Kimmeridgian,Tithonian,Upper Jurassic,Upper Jurassic,152.2,146.3,5.899999999999977
Giraffatitan brancai,Giraffatitan,Brachiosauridae,Sauropoda,Sauropodomorpha,Saurischia,Herbivore,Oxfordian,Tithonian,Upper Jurassic,Upper Jurassic,161.5,145.0,16.5
Lusotitan atalaiensis,Lusotitan,Brachiosauridae,Sauropoda,Sauropodomorpha,Saurischia,Herbivore,Kimmeridgian,Tithonian,Upper Jurassic,Upper Jurassic,152.2,146.3,5.899999999999977
Sonorasaurus thompsoni,Sonorasaurus,Brachiosauridae,Sauropoda,Sauropodomorpha,Saurischia,Herbivore,Albian,Cenomanian,Lower Cretaceous,Upper Cretaceous,106.2,93.9,12.299999999999997
Soriatitan golmayensis,Soriatitan,Brachiosauridae,Sauropoda,Sauropodomorpha,Saurischia,Herbivore,Hauterivian,Barremian,Lower Cretaceous,Lower Cretaceous,132.6,121.4,11.199999999999989
Venenosaurus dicrocei,Venenosaurus,Brachiosauridae,Sauropoda,Sauropodomorpha,Saurischia,Herbivore,Aptian,Aptian,Lower Cretaceous,Lower Cretaceous,121.4,113.0,8.400000000000006
Vouivria damparisensis,Vouivria,Brachiosauridae,Sauropoda,Sauropodomorpha,Saurischia,Herbivore,Oxfordian,Oxfordian,Upper Jurassic,Upper Jurassic,161.5,154.8,6.699999999999989
Duriatitan humerocristatus,Duriatitan,,Sauropoda,Sauropodomorpha,Saurischia,Herbivore,Kimmeridgian,Berriasian,Upper Jurassic,Lower Cretaceous,154.8,139.8,15.0
Fukuititan nipponensis,Fukuititan,,Sauropoda,Sauropodomorpha,Saurischia,Herbivore,Aptian,Aptian,Lower Cretaceous,Lower Cretaceous,121.4,113.0,8.400000000000006
Fushanosaurus qitaiensis,Fushanosaurus,,Sauropoda,Sauropodomorpha,Saurischia,Herbivore,Oxfordian,Oxfordian,Upper Jurassic,Upper Jurassic,161.5,154.8,6.699999999999989
Fusuisaurus zhaoi,Fusuisaurus,,Sauropoda,Sauropodomorpha,Saurischia,Herbivore,Aptian,Aptian,Lower Cretaceous,Lower Cretaceous,121.4,113.0,8.400000000000006
Liaoningotitan sinensis,Liaoningotitan,,Sauropoda,Sauropodomorpha,Saurischia,Herbivore,Barremian,Aptian,Lower Cretaceous,Lower Cretaceous,125.77,119.5,6.269999999999996
Oceanotitan dantasi,Oceanotitan,,Sauropoda,Sauropodomorpha,Saurischia,Herbivore,Kimmeridgian,Kimmeridgian,Upper Jurassic,Upper Jurassic,152.2,149.2,3.0
Ornithopsis hulkei,Ornithopsis,,Sauropoda,Sauropodomorpha,Saurischia,Herbivore,Hauterivian,Aptian,Lower Cretaceous,Lower Cretaceous,132.6,119.5,13.099999999999994
Pelorosaurus conybeari,Pelorosaurus,Brachiosauridae,Sauropoda,Sauropodomorpha,Saurischia,Herbivore,Valanginian,Hauterivian,Lower Cretaceous,Lower Cretaceous,139.8,125.77,14.030000000000015
Aragosaurus ischiaticus,Aragosaurus,,Sauropoda,Sauropodomorpha,Saurischia,Herbivore,Kimmeridgian,Tithonian,Upper Jurassic,Upper Jurassic,154.8,145.0,9.800000000000011
Atlasaurus imelakei,Atlasaurus,,Sauropoda,Sauropodomorpha,Saurischia,Herbivore,Bathonian,Bathonian,Middle Jurassic,Middle Jurassic,168.2,165.3,2.8999999999999773
Dashanpusaurus dongi,Dashanpusaurus,,Sauropoda,Sauropodomorpha,Saurischia,Herbivore,Bajocian,Oxfordian,Middle Jurassic,Upper Jurassic,170.9,154.8,16.099999999999994
Yuzhoulong qurenensis,Yuzhoulong,,Sauropoda,Sauropodomorpha,Saurischia,Herbivore,Bathonian,Callovian,Middle Jurassic,Middle Jurassic,168.2,161.5,6.699999999999989
Losillasaurus giganteus,Losillasaurus,,Sauropoda,Sauropodomorpha,Saurischia,Herbivore,Kimmeridgian,Tithonian,Upper Jurassic,Upper Jurassic,154.8,145.0,9.800000000000011
Mierasaurus bobyoungi,Mierasaurus,,Sauropoda,Sauropodomorpha,Saurischia,Herbivore,Berriasian,Valanginian,Lower Cretaceous,Lower Cretaceous,140.6,132.6,8.0
Moabosaurus utahensis,Moabosaurus,,Sauropoda,Sauropodomorpha,Saurischia,Herbivore,Valanginian,Valanginian,Lower Cretaceous,Lower Cretaceous,139.8,132.6,7.200000000000017
Narindasaurus thevenini,Narindasaurus,,Sauropoda,Sauropodomorpha,Saurischia,Herbivore,Bathonian,Bathonian,Middle Jurassic,Middle Jurassic,168.2,165.3,2.8999999999999773
Tendaguria tanzaniensis,Tendaguria,,Sauropoda,Sauropodomorpha,Saurischia,Herbivore,Tithonian,Tithonian,Upper Jurassic,Upper Jurassic,149.2,145.0,4.199999999999989
Turiasaurus riodevensis,Turiasaurus,,Sauropoda,Sauropodomorpha,Saurischia,Herbivore,Kimmeridgian,Tithonian,Upper Jurassic,Upper Jurassic,154.8,145.0,9.800000000000011
Zby atlanticus,Zby,,Sauropoda,Sauropodomorpha,Saurischia,Herbivore,Kimmeridgian,Kimmeridgian,Upper Jurassic,Upper Jurassic,152.2,149.2,3.0
Chebsaurus algeriensis,Chebsaurus,Cetiosauridae,Sauropoda,Sauropodomorpha,Saurischia,Herbivore,Callovian,Callovian,Middle Jurassic,Middle Jurassic,165.3,161.5,3.8000000000000114
Patagosaurus fariasi,Patagosaurus,Cetiosauridae,Sauropoda,Sauropodomorpha,Saurischia,Herbivore,Toarcian,Toarcian,Lower Jurassic,Lower Jurassic,182.9,180.4,2.5
Protognathosaurus oxyodon,Protognathosaurus,,Sauropoda,Sauropodomorpha,Saurischia,Herbivore,Bajocian,Oxfordian,Middle Jurassic,Upper Jurassic,170.9,154.8,16.099999999999994
Amanzia greppini,Amanzia,,Sauropoda,Sauropodomorpha,Saurischia,Herbivore,Kimmeridgian,Kimmeridgian,Upper Jurassic,Upper Jurassic,154.8,152.2,2.6000000000000227
Bagualia alba,Bagualia,,Sauropoda,Sauropodomorpha,Saurischia,Herbivore,Toarcian,Toarcian,Lower Jurassic,Lower Jurassic,182.9,180.4,2.5
Cardiodon rugulosus,Cardiodon,,Sauropoda,Sauropodomorpha,Saurischia,Herbivore,Bathonian,Bathonian,Middle Jurassic,Middle Jurassic,168.2,165.3,2.8999999999999773
Cetiosauriscus stewarti,Cetiosauriscus,,Sauropoda,Sauropodomorpha,Saurischia,Herbivore,Callovian,Callovian,Middle Jurassic,Middle Jurassic,165.3,161.5,3.8000000000000114
Datousaurus bashanensis,Datousaurus,Mamenchisauridae,Sauropoda,Sauropodomorpha,Saurischia,Herbivore,Bajocian,Oxfordian,Middle Jurassic,Upper Jurassic,170.9,154.8,16.099999999999994
Dystrophaeus viaemalae,Dystrophaeus,,Sauropoda,Sauropodomorpha,Saurischia,Herbivore,Oxfordian,Oxfordian,Upper Jurassic,Upper Jurassic,157.9,154.8,3.0999999999999943
Ferganasaurus verzilini,Ferganasaurus,,Sauropoda,Sauropodomorpha,Saurischia,Herbivore,Callovian,Callovian,Middle Jurassic,Middle Jurassic,165.3,161.5,3.8000000000000114
Haestasaurus becklesii,Haestasaurus,,Sauropoda,Sauropodomorpha,Saurischia,Herbivore,Berriasian,Valanginian,Lower Cretaceous,Lower Cretaceous,140.6,132.6,8.0
Janenschia robusta,Janenschia,,Sauropoda,Sauropodomorpha,Saurischia,Herbivore,Tithonian,Tithonian,Upper Jurassic,Upper Jurassic,149.2,145.0,4.199999999999989
Jobaria tiguidensis,Jobaria,,Sauropoda,Sauropodomorpha,Saurischia,Herbivore,Oxfordian,Tithonian,Upper Jurassic,Upper Jurassic,161.5,145.0,16.5
Lapparentosaurus madagascariensis,Lapparentosaurus,,Sauropoda,Sauropodomorpha,Saurischia,Herbivore,Bathonian,Bathonian,Middle Jurassic,Middle Jurassic,168.2,165.3,2.8999999999999773
Nebulasaurus taito,Nebulasaurus,,Sauropoda,Sauropodomorpha,Saurischia,Herbivore,Aalenian,Bajocian,Middle Jurassic,Middle Jurassic,174.7,168.2,6.5
Perijasaurus lapaz,Perijasaurus,,Sauropoda,Sauropodomorpha,Saurischia,Herbivore,Toarcian,Aalenian,Lower Jurassic,Middle Jurassic,180.4,170.9,9.5
Rhoetosaurus brownei,Rhoetosaurus,,Sauropoda,Sauropodomorpha,Saurischia,Herbivore,Oxfordian,Oxfordian,Upper Jurassic,Upper Jurassic,161.5,154.8,6.699999999999989
Shunosaurus lii,Shunosaurus,,Sauropoda,Sauropodomorpha,Saurischia,Herbivore,Aalenian,Oxfordian,Middle Jurassic,Upper Jurassic,174.7,154.8,19.899999999999977
Amygdalodon patagonicus,Amygdalodon,,Sauropoda,Sauropodomorpha,Saurischia,Herbivore,Pliensbachian,Toarcian,Lower Jurassic,Lower Jurassic,192.9,182.9,10.0
Barapasaurus tagorei,Barapasaurus,,Sauropoda,Sauropodomorpha,Saurischia,Herbivore,Sinemurian,Pliensbachian,Lower Jurassic,Lower Jurassic,199.5,184.2,15.300000000000011
Cetiosaurus oxoniensis,Cetiosaurus,Cetiosauridae,Sauropoda,Sauropodomorpha,Saurischia,Herbivore,Bajocian,Bathonian,Middle Jurassic,Middle Jurassic,168.6,165.3,3.299999999999983
Spinophorosaurus nigerensis,Spinophorosaurus,,Sauropoda,Sauropodomorpha,Saurischia,Herbivore,Bajocian,Bathonian,Middle Jurassic,Middle Jurassic,170.9,165.3,5.599999999999994
Tazoudasaurus naimi,Tazoudasaurus,Vulcanodontidae,Sauropoda,Sauropodomorpha,Saurischia,Herbivore,Pliensbachian,Toarcian,Lower Jurassic,Lower Jurassic,192.9,174.7,18.200000000000017
Volkheimeria chubutensis,Volkheimeria,,Sauropoda,Sauropodomorpha,Saurischia,Herbivore,Toarcian,Toarcian,Lower Jurassic,Lower Jurassic,182.9,180.4,2.5
Antetonitrus ingenipes,Antetonitrus,Lessemsauridae,Sauropoda,Sauropodomorpha,Saurischia,Herbivore,Hettangian,Sinemurian,Lower Jurassic,Lower Jurassic,201.4,192.9,8.5
Ingentia prima,Ingentia,Lessemsauridae,Sauropoda,Sauropodomorpha,Saurischia,Herbivore,Norian,Norian,Upper Triassic,Upper Triassic,227.0,208.5,18.5
Lessemsaurus sauropoides,Lessemsaurus,Lessemsauridae,Sauropoda,Sauropodomorpha,Saurischia,Herbivore,Norian,Norian,Upper Triassic,Upper Triassic,227.0,208.5,18.5
Archaeodontosaurus descouensi,Archaeodontosaurus,,Sauropoda,Sauropodomorpha,Saurischia,Herbivore,Bathonian,Bathonian,Middle Jurassic,Middle Jurassic,168.2,165.3,2.8999999999999773
Chinshakiangosaurus chunghoensis,Chinshakiangosaurus,,Sauropoda,Sauropodomorpha,Saurischia,Herbivore,Hettangian,Hettangian,Lower Jurassic,Lower Jurassic,201.4,199.5,1.9000000000000057
Isanosaurus attavipachi,Isanosaurus,,Sauropoda,Sauropodomorpha,Saurischia,Herbivore,Pliensbachian,Toarcian,Lower Jurassic,Lower Jurassic,192.9,174.7,18.200000000000017
Kotasaurus yamanpalliensis,Kotasaurus,,Sauropoda,Sauropodomorpha,Saurischia,Herbivore,Sinemurian,Pliensbachian,Lower Jurassic,Lower Jurassic,199.5,184.2,15.300000000000011
Lamplughsaura dharmaramensis,Lamplughsaura,,,Sauropodomorpha,Saurischia,Herbivore,Hettangian,Sinemurian,Lower Jurassic,Lower Jurassic,201.4,192.9,8.5
Ohmdenosaurus liasicus,Ohmdenosaurus,,Sauropoda,Sauropodomorpha,Saurischia,Herbivore,Toarcian,Toarcian,Lower Jurassic,Lower Jurassic,182.9,180.4,2.5
Oplosaurus armatus,Oplosaurus,,Sauropoda,Sauropodomorpha,Saurischia,Herbivore,Valanginian,Barremian,Lower Cretaceous,Lower Cretaceous,139.8,121.4,18.400000000000006
Pulanesaura eocollum,Pulanesaura,,Sauropoda,Sauropodomorpha,Saurischia,Herbivore,Hettangian,Sinemurian,Lower Jurassic,Lower Jurassic,201.4,192.9,8.5
Sanpasaurus yaoi,Sanpasaurus,,Sauropoda,Sauropodomorpha,Saurischia,Herbivore,Toarcian,Toarcian,Lower Jurassic,Lower Jurassic,184.2,174.7,9.5
Vulcanodon karibaensis,Vulcanodon,Vulcanodontidae,Sauropoda,Sauropodomorpha,Saurischia,Herbivore,Sinemurian,Pliensbachian,Lower Jurassic,Lower Jurassic,199.5,184.2,15.300000000000011
Alwalkeria maleriensis,Alwalkeria,,,,Saurischia,,Carnian,Carnian,Upper Triassic,Upper Triassic,237.0,227.0,10.0
Nhandumirim waldsangae,Nhandumirim,Saturnaliidae,,Sauropodomorpha,Saurischia,,Norian,Norian,Upper Triassic,Upper Triassic,227.0,208.5,18.5
Albinykus baatar,Albinykus,Alvarezsauridae,Non-Avian,Theropoda,Saurischia,Carnivore,Santonian,Campanian,Upper Cretaceous,Upper Cretaceous,86.3,72.1,14.200000000000003
Ceratonykus oculatus,Ceratonykus,Alvarezsauridae,Non-Avian,Theropoda,Saurischia,Carnivore,Campanian,Campanian,Upper Cretaceous,Upper Cretaceous,83.6,72.1,11.5
Dzharaonyx eski,Dzharaonyx,Alvarezsauridae,Non-Avian,Theropoda,Saurischia,Carnivore,Turonian,Turonian,Upper Cretaceous,Upper Cretaceous,93.9,89.8,4.1000000000000085
Jaculinykus yaruui,Jaculinykus,Alvarezsauridae,Non-Avian,Theropoda,Saurischia,Carnivore,Campanian,Campanian,Upper Cretaceous,Upper Cretaceous,83.6,72.1,11.5
Khulsanurus magnificus,Khulsanurus,Alvarezsauridae,Non-Avian,Theropoda,Saurischia,Carnivore,Campanian,Campanian,Upper Cretaceous,Upper Cretaceous,83.6,72.1,11.5
Linhenykus monodactylus,Linhenykus,Alvarezsauridae,Non-Avian,Theropoda,Saurischia,Carnivore,Campanian,Campanian,Upper Cretaceous,Upper Cretaceous,83.6,72.1,11.5
Mononykus olecranus,Mononykus,Alvarezsauridae,Non-Avian,Theropoda,Saurischia,Carnivore,Maastrichtian,Maastrichtian,Upper Cretaceous,Upper Cretaceous,72.1,66.0,6.099999999999994
Ondogurvel alifanovi,Ondogurvel,Alvarezsauridae,Non-Avian,Theropoda,Saurischia,Carnivore,Campanian,Campanian,Upper Cretaceous,Upper Cretaceous,83.6,72.1,11.5
Parvicursor remotus,Parvicursor,Alvarezsauridae,Non-Avian,Theropoda,Saurischia,Carnivore,Campanian,Campanian,Upper Cretaceous,Upper Cretaceous,83.6,72.1,11.5
Shuvuuia deserti,Shuvuuia,Alvarezsauridae,Non-Avian,Theropoda,Saurischia,Carnivore,Campanian,Campanian,Upper Cretaceous,Upper Cretaceous,83.6,72.1,11.5
Xixianykus zhangi,Xixianykus,Alvarezsauridae,Non-Avian,Theropoda,Saurischia,Carnivore,Coniacian,Santonian,Upper Cretaceous,Upper Cretaceous,89.8,83.6,6.200000000000003
Achillesaurus manazzonei,Achillesaurus,,Non-Avian,Theropoda,Saurischia,Carnivore,Santonian,Santonian,Upper Cretaceous,Upper Cretaceous,86.3,83.6,2.700000000000003
Albertonykus borealis,Albertonykus,Alvarezsauridae,Non-Avian,Theropoda,Saurischia,Carnivore,Maastrichtian,Maastrichtian,Upper Cretaceous,Upper Cretaceous,72.1,66.0,6.099999999999994
Alnashetri cerropoliciensis,Alnashetri,,Non-Avian,Theropoda,Saurischia,Carnivore,Cenomanian,Cenomanian,Upper Cretaceous,Upper Cretaceous,100.5,93.9,6.599999999999994
Alvarezsaurus calvoi,Alvarezsaurus,Alvarezsauridae,Non-Avian,Theropoda,Saurischia,Carnivore,Santonian,Santonian,Upper Cretaceous,Upper Cretaceous,86.3,83.6,2.700000000000003
Elopteryx nopcsai,Elopteryx,,Non-Avian,Theropoda,Saurischia,Carnivore,Maastrichtian,Maastrichtian,Upper Cretaceous,Upper Cretaceous,72.1,66.0,6.099999999999994
Trierarchuncus prairiensis,Trierarchuncus,Alvarezsauridae,Non-Avian,Theropoda,Saurischia,Carnivore,Maastrichtian,Maastrichtian,Upper Cretaceous,Upper Cretaceous,72.1,66.0,6.099999999999994
Bannykus wulatensis,Bannykus,,Non-Avian,Theropoda,Saurischia,Carnivore,Aptian,Aptian,Lower Cretaceous,Lower Cretaceous,121.4,113.0,8.400000000000006
Bonapartenykus ultimus,Bonapartenykus,,Non-Avian,Theropoda,Saurischia,Carnivore,Campanian,Maastrichtian,Upper Cretaceous,Upper Cretaceous,83.6,66.0,17.599999999999994
Haplocheirus sollers,Haplocheirus,,Non-Avian,Theropoda,Saurischia,Carnivore,Oxfordian,Oxfordian,Upper Jurassic,Upper Jurassic,161.5,154.8,6.699999999999989
Nemegtonykus citus,Nemegtonykus,Alvarezsauridae,Non-Avian,Theropoda,Saurischia,Carnivore,Maastrichtian,Maastrichtian,Upper Cretaceous,Upper Cretaceous,72.1,66.0,6.099999999999994
Patagonykus puertai,Patagonykus,,Non-Avian,Theropoda,Saurischia,Carnivore,Turonian,Coniacian,Upper Cretaceous,Upper Cretaceous,93.9,86.3,7.6000000000000085
Qiupanykus zhangi,Qiupanykus,Alvarezsauridae,Non-Avian,Theropoda,Saurischia,Carnivore,Maastrichtian,Maastrichtian,Upper Cretaceous,Upper Cretaceous,72.1,66.0,6.099999999999994
Tugulusaurus faciles,Tugulusaurus,,Non-Avian,Theropoda,Saurischia,Carnivore,Valanginian,Albian,Lower Cretaceous,Lower Cretaceous,139.8,100.5,39.30000000000001
Xiyunykus pengi,Xiyunykus,,Non-Avian,Theropoda,Saurischia,Carnivore,Valanginian,Valanginian,Lower Cretaceous,Lower Cretaceous,139.8,132.6,7.200000000000017
Aorun zhaoi,Aorun,,Non-Avian,Theropoda,Saurischia,Carnivore,Callovian,Callovian,Middle Jurassic,Middle Jurassic,165.3,161.5,3.8000000000000114
Shishugounykus inexpectus,Shishugounykus,,Non-Avian,Theropoda,Saurischia,Carnivore,Oxfordian,Oxfordian,Upper Jurassic,Upper Jurassic,161.5,154.8,6.699999999999989
Anzu wyliei,Anzu,Caenagnathidae,Non-Avian,Theropoda,Saurischia,Omnivore,Maastrichtian,Maastrichtian,Upper Cretaceous,Upper Cretaceous,72.1,66.0,6.099999999999994
Apatoraptor pennatus,Apatoraptor,Caenagnathidae,Non-Avian,Theropoda,Saurischia,Omnivore,Maastrichtian,Maastrichtian,Upper Cretaceous,Upper Cretaceous,72.1,66.0,6.099999999999994
Caenagnathasia martinsoni,Caenagnathasia,Caenagnathidae,Non-Avian,Theropoda,Saurischia,Omnivore,Turonian,Turonian,Upper Cretaceous,Upper Cretaceous,93.9,89.8,4.1000000000000085
Caenagnathus collinsi,Caenagnathus,Caenagnathidae,Non-Avian,Theropoda,Saurischia,Omnivore,Campanian,Campanian,Upper Cretaceous,Upper Cretaceous,83.6,72.1,11.5
Citipes elegans,Citipes,Caenagnathidae,Non-Avian,Theropoda,Saurischia,Omnivore,Campanian,Maastrichtian,Upper Cretaceous,Upper Cretaceous,83.6,66.0,17.599999999999994
Elmisaurus rarus,Elmisaurus,Caenagnathidae,Non-Avian,Theropoda,Saurischia,Omnivore,Maastrichtian,Maastrichtian,Upper Cretaceous,Upper Cretaceous,72.1,66.0,6.099999999999994
Epichirostenotes curriei,Epichirostenotes,Caenagnathidae,Non-Avian,Theropoda,Saurischia,Omnivore,Campanian,Campanian,Upper Cretaceous,Upper Cretaceous,83.6,72.1,11.5
Hagryphus giganteus,Hagryphus,Caenagnathidae,Non-Avian,Theropoda,Saurischia,Omnivore,Campanian,Campanian,Upper Cretaceous,Upper Cretaceous,83.6,72.1,11.5
Anomalipes zhaoi,Anomalipes,Caenagnathidae,Non-Avian,Theropoda,Saurischia,Omnivore,Campanian,Campanian,Upper Cretaceous,Upper Cretaceous,83.6,72.1,11.5
Beibeilong sinensis,Beibeilong,Caenagnathidae,Non-Avian,Theropoda,Saurischia,Omnivore,Cenomanian,Turonian,Upper Cretaceous,Upper Cretaceous,100.5,89.8,10.700000000000003
Chirostenotes pergracilis,Chirostenotes,Caenagnathidae,Non-Avian,Theropoda,Saurischia,Omnivore,Campanian,Campanian,Upper Cretaceous,Upper Cretaceous,83.6,72.1,11.5
Eoneophron infernalis,Eoneophron,Caenagnathidae,Non-Avian,Theropoda,Saurischia,Omnivore,Maastrichtian,Maastrichtian,Upper Cretaceous,Upper Cretaceous,72.1,66.0,6.099999999999994
Gigantoraptor erlianensis,Gigantoraptor,Caenagnathidae,Non-Avian,Theropoda,Saurischia,Omnivore,Campanian,Campanian,Upper Cretaceous,Upper Cretaceous,83.6,72.1,11.5
Leptorhynchos elegans,Leptorhynchos,Caenagnathidae,Non-Avian,Theropoda,Saurischia,Omnivore,Campanian,Campanian,Upper Cretaceous,Upper Cretaceous,83.6,72.1,11.5
Leptorhynchos gaddisi,Leptorhynchos,Caenagnathidae,Non-Avian,Theropoda,Saurischia,Omnivore,Campanian,Campanian,Upper Cretaceous,Upper Cretaceous,83.6,72.1,11.5
Microvenator celer,Microvenator,Caenagnathidae,Non-Avian,Theropoda,Saurischia,Omnivore,Aptian,Cenomanian,Lower Cretaceous,Upper Cretaceous,121.4,93.9,27.5
Similicaudipteryx yixianensis,Similicaudipteryx,Caudipteridae,Non-Avian,Theropoda,Saurischia,Omnivore,Aptian,Aptian,Lower Cretaceous,Lower Cretaceous,121.4,113.0,8.400000000000006
Xingtianosaurus ganqi,Xingtianosaurus,Caudipteridae,Non-Avian,Theropoda,Saurischia,Omnivore,Barremian,Aptian,Lower Cretaceous,Lower Cretaceous,125.77,119.5,6.269999999999996
Citipati osmolskae,Citipati,Oviraptoridae,Non-Avian,Theropoda,Saurischia,Omnivore,Campanian,Campanian,Upper Cretaceous,Upper Cretaceous,83.6,72.1,11.5
Corythoraptor jacobsi,Corythoraptor,Oviraptoridae,Non-Avian,Theropoda,Saurischia,Omnivore,Maastrichtian,Maastrichtian,Upper Cretaceous,Upper Cretaceous,72.1,66.0,6.099999999999994
Huanansaurus ganzhouensis,Huanansaurus,Oviraptoridae,Non-Avian,Theropoda,Saurischia,Omnivore,Maastrichtian,Maastrichtian,Upper Cretaceous,Upper Cretaceous,72.1,66.0,6.099999999999994
Rinchenia mongoliensis,Rinchenia,Oviraptoridae,Non-Avian,Theropoda,Saurischia,Omnivore,Maastrichtian,Maastrichtian,Upper Cretaceous,Upper Cretaceous,72.1,66.0,6.099999999999994
Tongtianlong limosus,Tongtianlong,Oviraptoridae,Non-Avian,Theropoda,Saurischia,Omnivore,Maastrichtian,Maastrichtian,Upper Cretaceous,Upper Cretaceous,72.1,66.0,6.099999999999994
Wulatelong gobiensis,Wulatelong,Oviraptoridae,Non-Avian,Theropoda,Saurischia,Omnivore,Campanian,Campanian,Upper Cretaceous,Upper Cretaceous,83.6,72.1,11.5
Banji long,Banji,Oviraptoridae,Non-Avian,Theropoda,Saurischia,Omnivore,Maastrichtian,Maastrichtian,Upper Cretaceous,Upper Cretaceous,72.1,66.0,6.099999999999994
Conchoraptor gracilis,Conchoraptor,Oviraptoridae,Non-Avian,Theropoda,Saurischia,Omnivore,Campanian,Campanian,Upper Cretaceous,Upper Cretaceous,83.6,72.1,11.5
Ganzhousaurus nankangensis,Ganzhousaurus,Oviraptoridae,Non-Avian,Theropoda,Saurischia,Omnivore,Maastrichtian,Maastrichtian,Upper Cretaceous,Upper Cretaceous,72.1,66.0,6.099999999999994
Heyuannia huangi,Heyuannia,Oviraptoridae,Non-Avian,Theropoda,Saurischia,Omnivore,Maastrichtian,Maastrichtian,Upper Cretaceous,Upper Cretaceous,72.1,66.0,6.099999999999994
Heyuannia yanshini,Heyuannia,Oviraptoridae,Non-Avian,Theropoda,Saurischia,Omnivore,Campanian,Campanian,Upper Cretaceous,Upper Cretaceous,83.6,72.1,11.5
Jiangxisaurus ganzhouensis,Jiangxisaurus,Oviraptoridae,Non-Avian,Theropoda,Saurischia,Omnivore,Maastrichtian,Maastrichtian,Upper Cretaceous,Upper Cretaceous,72.1,66.0,6.099999999999994
Khaan mckennai,Khaan,Oviraptoridae,Non-Avian,Theropoda,Saurischia,Omnivore,Campanian,Campanian,Upper Cretaceous,Upper Cretaceous,83.6,72.1,11.5
Machairasaurus leptonychus,Machairasaurus,Oviraptoridae,Non-Avian,Theropoda,Saurischia,Omnivore,Campanian,Campanian,Upper Cretaceous,Upper Cretaceous,83.6,72.1,11.5
Nemegtomaia barsboldi,Nemegtomaia,Oviraptoridae,Non-Avian,Theropoda,Saurischia,Omnivore,Campanian,Maastrichtian,Upper Cretaceous,Upper Cretaceous,83.6,66.0,17.599999999999994
Oksoko avarsan,Oksoko,Oviraptoridae,Non-Avian,Theropoda,Saurischia,Omnivore,Maastrichtian,Maastrichtian,Upper Cretaceous,Upper Cretaceous,72.1,66.0,6.099999999999994
Shixinggia oblita,Shixinggia,Oviraptoridae,Non-Avian,Theropoda,Saurischia,Omnivore,Maastrichtian,Maastrichtian,Upper Cretaceous,Upper Cretaceous,72.1,66.0,6.099999999999994
Gobiraptor minutus,Gobiraptor,Oviraptoridae,Non-Avian,Theropoda,Saurischia,Omnivore,Maastrichtian,Maastrichtian,Upper Cretaceous,Upper Cretaceous,72.1,66.0,6.099999999999994
Luoyanggia liudianensis,Luoyanggia,Oviraptoridae,Non-Avian,Theropoda,Saurischia,Omnivore,Aptian,Albian,Lower Cretaceous,Lower Cretaceous,121.4,100.5,20.900000000000006
Nankangia jiangxiensis,Nankangia,,Non-Avian,Theropoda,Saurischia,Omnivore,Maastrichtian,Maastrichtian,Upper Cretaceous,Upper Cretaceous,72.1,66.0,6.099999999999994
Oviraptor philoceratops,Oviraptor,Oviraptoridae,Non-Avian,Theropoda,Saurischia,Herbivore,Campanian,Campanian,Upper Cretaceous,Upper Cretaceous,83.6,72.1,11.5
Yulong mini,Yulong,Oviraptoridae,Non-Avian,Theropoda,Saurischia,Omnivore,Maastrichtian,Maastrichtian,Upper Cretaceous,Upper Cretaceous,72.1,66.0,6.099999999999994
Avimimus nemegtensis,Avimimus,Avimimidae,Non-Avian,Theropoda,Saurischia,Omnivore,Maastrichtian,Maastrichtian,Upper Cretaceous,Upper Cretaceous,72.1,66.0,6.099999999999994
Avimimus portentosus,Avimimus,Avimimidae,Non-Avian,Theropoda,Saurischia,Omnivore,Campanian,Maastrichtian,Upper Cretaceous,Upper Cretaceous,83.6,66.0,17.599999999999994
Caudipteryx dongi,Caudipteryx,Caudipteridae,Non-Avian,Theropoda,Saurischia,Omnivore,Barremian,Aptian,Lower Cretaceous,Lower Cretaceous,125.77,119.5,6.269999999999996
Caudipteryx zoui,Caudipteryx,Caudipteridae,Non-Avian,Theropoda,Saurischia,Omnivore,Barremian,Aptian,Lower Cretaceous,Lower Cretaceous,125.77,119.5,6.269999999999996
Incisivosaurus gauthieri,Incisivosaurus,,Non-Avian,Theropoda,Saurischia,Omnivore,Barremian,Aptian,Lower Cretaceous,Lower Cretaceous,125.77,119.5,6.269999999999996
Ningyuansaurus wangi,Ningyuansaurus,,Non-Avian,Theropoda,Saurischia,Omnivore,Barremian,Aptian,Lower Cretaceous,Lower Cretaceous,125.77,119.5,6.269999999999996
Protarchaeopteryx robusta,Protarchaeopteryx,,Non-Avian,Theropoda,Saurischia,Omnivore,Barremian,Aptian,Lower Cretaceous,Lower Cretaceous,125.77,119.5,6.269999999999996
Saurexallopus zerbsti,Saurexallopus,,Non-Avian,Theropoda,Saurischia,Omnivore,Maastrichtian,Maastrichtian,Upper Cretaceous,Upper Cretaceous,72.1,66.0,6.099999999999994
Yuanyanglong bainian,Yuanyanglong,,Non-Avian,Theropoda,Saurischia,Omnivore,Aptian,Albian,Lower Cretaceous,Lower Cretaceous,121.4,100.5,20.900000000000006
Crateropteryx colei,Crateropteryx,,,,,Carnivore,Bathonian,Bathonian,Middle Jurassic,Middle Jurassic,168.2,165.3,2.8999999999999773
Ichthyornis dispar,Ichthyornis,,Avialae,Theropoda,Saurischia,Piscivore,Coniacian,Campanian,Upper Cretaceous,Upper Cretaceous,89.8,72.1,17.700000000000003
Ichthyornis minusculus,Ichthyornis,,Avialae,Theropoda,Saurischia,Piscivore,Turonian,Turonian,Upper Cretaceous,Upper Cretaceous,93.9,89.8,4.1000000000000085
Janavis finalidens,Janavis,,Avialae,Theropoda,Saurischia,Carnivore,Maastrichtian,Maastrichtian,Upper Cretaceous,Upper Cretaceous,72.1,66.0,6.099999999999994
Asiahesperornis bazhanovi,Asiahesperornis,Hesperornithidae,Avialae,Theropoda,Saurischia,Carnivore,Maastrichtian,Maastrichtian,Upper Cretaceous,Upper Cretaceous,72.1,66.0,6.099999999999994
Canadaga arctica,Canadaga,Hesperornithidae,Avialae,Theropoda,Saurischia,Carnivore,Campanian,Maastrichtian,Upper Cretaceous,Upper Cretaceous,83.6,66.0,17.599999999999994
Hesperornis chowi,Hesperornis,Hesperornithidae,Avialae,Theropoda,Saurischia,Piscivore,Campanian,Campanian,Upper Cretaceous,Upper Cretaceous,83.6,72.1,11.5
Hesperornis crassipes,Hesperornis,Hesperornithidae,Avialae,Theropoda,Saurischia,Piscivore,Cenomanian,Maastrichtian,Upper Cretaceous,Upper Cretaceous,100.5,66.0,34.5
Hesperornis gracilis,Hesperornis,Hesperornithidae,Avialae,Theropoda,Saurischia,Piscivore,Cenomanian,Maastrichtian,Upper Cretaceous,Upper Cretaceous,100.5,66.0,34.5
Hesperornis lumgairi,Hesperornis,Hesperornithidae,Avialae,Theropoda,Saurischia,Piscivore,Campanian,Campanian,Upper Cretaceous,Upper Cretaceous,83.6,72.1,11.5
Hesperornis macdonaldi,Hesperornis,Hesperornithidae,Avialae,Theropoda,Saurischia,Piscivore,Campanian,Campanian,Upper Cretaceous,Upper Cretaceous,83.6,72.1,11.5
Hesperornis mengeli,Hesperornis,Hesperornithidae,Avialae,Theropoda,Saurischia,Piscivore,Campanian,Campanian,Upper Cretaceous,Upper Cretaceous,83.6,72.1,11.5
Hesperornis montanus,Hesperornis,Hesperornithidae,Avialae,Theropoda,Saurischia,Piscivore,Campanian,Campanian,Upper Cretaceous,Upper Cretaceous,83.6,72.1,11.5
Hesperornis regalis,Hesperornis,Hesperornithidae,Avialae,Theropoda,Saurischia,Piscivore,Santonian,Campanian,Upper Cretaceous,Upper Cretaceous,86.3,72.1,14.200000000000003
Hesperornis rossicus,Hesperornis,Hesperornithidae,Avialae,Theropoda,Saurischia,Piscivore,Campanian,Campanian,Upper Cretaceous,Upper Cretaceous,83.6,72.1,11.5
Parahesperornis alexi,Parahesperornis,Hesperornithidae,Avialae,Theropoda,Saurischia,Carnivore,Coniacian,Santonian,Upper Cretaceous,Upper Cretaceous,89.8,83.6,6.200000000000003
Baptornis advenus,Baptornis,Baptornithidae,Avialae,Theropoda,Saurischia,Carnivore,Coniacian,Santonian,Upper Cretaceous,Upper Cretaceous,89.8,83.6,6.200000000000003
Judinornis nogontsavensis,Judinornis,,Avialae,Theropoda,Saurischia,Carnivore,Maastrichtian,Maastrichtian,Upper Cretaceous,Upper Cretaceous,72.1,66.0,6.099999999999994
Brodavis americanus,Brodavis,Brodavidae,Avialae,Theropoda,Saurischia,Carnivore,Maastrichtian,Maastrichtian,Upper Cretaceous,Upper Cretaceous,72.1,66.0,6.099999999999994
Brodavis baileyi,Brodavis,Brodavidae,Avialae,Theropoda,Saurischia,Carnivore,Maastrichtian,Maastrichtian,Upper Cretaceous,Upper Cretaceous,72.1,66.0,6.099999999999994
Brodavis mongoliensis,Brodavis,Brodavidae,Avialae,Theropoda,Saurischia,Carnivore,Maastrichtian,Maastrichtian,Upper Cretaceous,Upper Cretaceous,72.1,66.0,6.099999999999994
Brodavis varneri,Brodavis,Brodavidae,Avialae,Theropoda,Saurischia,Carnivore,Campanian,Campanian,Upper Cretaceous,Upper Cretaceous,83.6,72.1,11.5
Chupkaornis keraorum,Chupkaornis,,Avialae,Theropoda,Saurischia,Carnivore,Coniacian,Santonian,Upper Cretaceous,Upper Cretaceous,89.8,83.6,6.200000000000003
Enaliornis barretti,Enaliornis,Enaliornithidae,Avialae,Theropoda,Saurischia,Carnivore,Albian,Albian,Lower Cretaceous,Lower Cretaceous,106.2,100.5,5.700000000000003
Enaliornis sedgwicki,Enaliornis,Enaliornithidae,Avialae,Theropoda,Saurischia,Carnivore,Albian,Albian,Lower Cretaceous,Lower Cretaceous,106.2,100.5,5.700000000000003
Fumicollis hoffmani,Fumicollis,Hesperornithidae,Avialae,Theropoda,Saurischia,Carnivore,Coniacian,Santonian,Upper Cretaceous,Upper Cretaceous,89.8,83.6,6.200000000000003
Pasquiaornis hardiei,Pasquiaornis,,Avialae,Theropoda,Saurischia,Carnivore,Cenomanian,Cenomanian,Upper Cretaceous,Upper Cretaceous,100.5,93.9,6.599999999999994
Pasquiaornis tankei,Pasquiaornis,,Avialae,Theropoda,Saurischia,Carnivore,Cenomanian,Cenomanian,Upper Cretaceous,Upper Cretaceous,100.5,93.9,6.599999999999994
Potamornis skutchi,Potamornis,,Avialae,Theropoda,Saurischia,Carnivore,Maastrichtian,Maastrichtian,Upper Cretaceous,Upper Cretaceous,72.1,66.0,6.099999999999994
Abitusavis lii,Abitusavis,Yanornithidae,Avialae,Theropoda,Saurischia,Carnivore,Barremian,Aptian,Lower Cretaceous,Lower Cretaceous,125.77,119.5,6.269999999999996
Similiyanornis brevipectus,Similiyanornis,Yanornithidae,Avialae,Theropoda,Saurischia,Carnivore,Aptian,Aptian,Lower Cretaceous,Lower Cretaceous,121.4,113.0,8.400000000000006
Aberratiodontus wui,Yanornis,Songlingornithidae,Avialae,Theropoda,Saurischia,Carnivore,Aptian,Aptian,Lower Cretaceous,Lower Cretaceous,121.4,113.0,8.400000000000006
Yanornis guozhangi,Yanornis,Songlingornithidae,Avialae,Theropoda,Saurischia,Carnivore,Barremian,Aptian,Lower Cretaceous,Lower Cretaceous,125.77,119.5,6.269999999999996
Yanornis martini,Yanornis,Songlingornithidae,Avialae,Theropoda,Saurischia,Carnivore,Aptian,Aptian,Lower Cretaceous,Lower Cretaceous,121.4,113.0,8.400000000000006
Gargantuavis philoinos,Gargantuavis,Gargantuaviidae,Avialae,Theropoda,Saurischia,Carnivore,Campanian,Maastrichtian,Upper Cretaceous,Upper Cretaceous,83.6,66.0,17.599999999999994
Apatornis celer,Apatornis,,Avialae,Theropoda,Saurischia,Carnivore,Coniacian,Santonian,Upper Cretaceous,Upper Cretaceous,89.8,83.6,6.200000000000003
Archaeovolans repatriatus,Archaeovolans,Songlingornithidae,Avialae,Theropoda,Saurischia,Carnivore,Aptian,Aptian,Lower Cretaceous,Lower Cretaceous,121.4,113.0,8.400000000000006
Cerebavis cenomanica,Cerebavis,,Avialae,Theropoda,Saurischia,Carnivore,Cenomanian,Cenomanian,Upper Cretaceous,Upper Cretaceous,100.5,93.9,6.599999999999994
Changzuiornis ahgmi,Changzuiornis,Gansuidae,Avialae,Theropoda,Saurischia,Carnivore,Aptian,Aptian,Lower Cretaceous,Lower Cretaceous,121.4,113.0,8.400000000000006
Iaceornis marshi,Iaceornis,,Avialae,Theropoda,Saurischia,Carnivore,Santonian,Santonian,Upper Cretaceous,Upper Cretaceous,86.3,83.6,2.700000000000003
Kookne yeutensis,Kookne,,Avialae,Theropoda,Saurischia,Carnivore,Maastrichtian,Maastrichtian,Upper Cretaceous,Upper Cretaceous,72.1,66.0,6.099999999999994
Kuszholia mengi,Kuszholia,Kuszholiidae,Avialae,Theropoda,Saurischia,Carnivore,Turonian,Turonian,Upper Cretaceous,Upper Cretaceous,93.9,89.8,4.1000000000000085
Limenavis patagonica,Limenavis,,Avialae,Theropoda,Saurischia,Carnivore,Campanian,Maastrichtian,Upper Cretaceous,Upper Cretaceous,83.6,66.0,17.599999999999994
Tingmiatornis arctica,Tingmiatornis,,Avialae,Theropoda,Saurischia,Carnivore,Cenomanian,Cenomanian,Upper Cretaceous,Upper Cretaceous,100.5,93.9,6.599999999999994
Archaeornithura meemannae,Archaeornithura,Hongshanornithidae,Avialae,Theropoda,Saurischia,Carnivore,Hauterivian,Hauterivian,Lower Cretaceous,Lower Cretaceous,132.6,125.77,6.829999999999998
Hongshanornis longicresta,Hongshanornis,Hongshanornithidae,Avialae,Theropoda,Saurischia,Carnivore,Barremian,Aptian,Lower Cretaceous,Lower Cretaceous,125.77,119.5,6.269999999999996
Longicrusavis houi,Longicrusavis,Hongshanornithidae,Avialae,Theropoda,Saurischia,Carnivore,Barremian,Aptian,Lower Cretaceous,Lower Cretaceous,125.77,119.5,6.269999999999996
Parahongshanornis chaoyangensis,Parahongshanornis,Hongshanornithidae,Avialae,Theropoda,Saurischia,Carnivore,Aptian,Aptian,Lower Cretaceous,Lower Cretaceous,121.4,113.0,8.400000000000006
Songlingornis linghensis,Songlingornis,Songlingornithidae,Avialae,Theropoda,Saurischia,Carnivore,Aptian,Aptian,Lower Cretaceous,Lower Cretaceous,121.4,113.0,8.400000000000006
Tianyuornis cheni,Tianyuornis,Hongshanornithidae,Avialae,Theropoda,Saurischia,Carnivore,Barremian,Barremian,Lower Cretaceous,Lower Cretaceous,125.77,121.4,4.36999999999999
Yixianornis grabaui,Yixianornis,Songlingornithidae,Avialae,Theropoda,Saurischia,Carnivore,Aptian,Aptian,Lower Cretaceous,Lower Cretaceous,121.4,113.0,8.400000000000006
Mengciusornis dentatus,Mengciusornis,Schizoouridae,Avialae,Theropoda,Saurischia,Carnivore,Aptian,Aptian,Lower Cretaceous,Lower Cretaceous,121.4,113.0,8.400000000000006
Ambiortus dementjevi,Ambiortus,Ambiortidae,Avialae,Theropoda,Saurischia,Carnivore,Hauterivian,Barremian,Lower Cretaceous,Lower Cretaceous,132.6,121.4,11.199999999999989
Antarcticavis capelambensis,Antarcticavis,,Avialae,Theropoda,Saurischia,Carnivore,Maastrichtian,Maastrichtian,Upper Cretaceous,Upper Cretaceous,72.1,66.0,6.099999999999994
Apsaravis ukhaana,Apsaravis,,Avialae,Theropoda,Saurischia,Carnivore,Campanian,Campanian,Upper Cretaceous,Upper Cretaceous,83.6,72.1,11.5
Archaeorhynchus spathula,Archaeorhynchus,,Avialae,Theropoda,Saurischia,Carnivore,Barremian,Aptian,Lower Cretaceous,Lower Cretaceous,125.77,113.0,12.769999999999996
Bellulia rectusunguis,Bellulia,,,,,Carnivore,Aptian,Aptian,Lower Cretaceous,Lower Cretaceous,121.4,113.0,8.400000000000006
Changmaornis houi,Changmaornis,,Avialae,Theropoda,Saurischia,Carnivore,Aptian,Aptian,Lower Cretaceous,Lower Cretaceous,121.4,113.0,8.400000000000006
Chaoyangia beishanensis,Chaoyangia,,Avialae,Theropoda,Saurischia,Carnivore,Aptian,Aptian,Lower Cretaceous,Lower Cretaceous,121.4,113.0,8.400000000000006
Dingavis longimaxilla,Dingavis,,Avialae,Theropoda,Saurischia,Carnivore,Aptian,Aptian,Lower Cretaceous,Lower Cretaceous,121.4,113.0,8.400000000000006
Eogranivora edentulata,Eogranivora,,Avialae,Theropoda,Saurischia,Carnivore,Barremian,Aptian,Lower Cretaceous,Lower Cretaceous,125.77,119.5,6.269999999999996
Gansus yumenensis,Gansus,Gansuidae,Avialae,Theropoda,Saurischia,Carnivore,Aptian,Aptian,Lower Cretaceous,Lower Cretaceous,121.4,113.0,8.400000000000006
Gansus zheni,Gansus,Gansuidae,Avialae,Theropoda,Saurischia,Carnivore,Aptian,Aptian,Lower Cretaceous,Lower Cretaceous,121.4,113.0,8.400000000000006
Hollanda luceria,Hollanda,,Avialae,Theropoda,Saurischia,Carnivore,Campanian,Campanian,Upper Cretaceous,Upper Cretaceous,83.6,72.1,11.5
Jianchangornis microdonta,Jianchangornis,,Avialae,Theropoda,Saurischia,Carnivore,Aptian,Aptian,Lower Cretaceous,Lower Cretaceous,121.4,113.0,8.400000000000006
Jiuquanornis niui,Jiuquanornis,,Avialae,Theropoda,Saurischia,Carnivore,Aptian,Aptian,Lower Cretaceous,Lower Cretaceous,121.4,113.0,8.400000000000006
Juehuaornis zhangi,Juehuaornis,,Avialae,Theropoda,Saurischia,Carnivore,Aptian,Aptian,Lower Cretaceous,Lower Cretaceous,121.4,113.0,8.400000000000006
Kaririavis mater,Kaririavis,,Avialae,Theropoda,Saurischia,Carnivore,Aptian,Aptian,Lower Cretaceous,Lower Cretaceous,119.5,113.0,6.5
Khinganornis hulunbuirensis,Khinganornis,Gansuidae,Avialae,Theropoda,Saurischia,Carnivore,Aptian,Aptian,Lower Cretaceous,Lower Cretaceous,121.4,119.5,1.9000000000000057
Liaoningornis longidigitris,Liaoningornis,Liaoningornithidae,Avialae,Theropoda,Saurischia,Carnivore,Barremian,Aptian,Lower Cretaceous,Lower Cretaceous,125.77,119.5,6.269999999999996
Patagopteryx deferrariisi,Patagopteryx,Patagopterygidae,Avialae,Theropoda,Saurischia,Carnivore,Santonian,Santonian,Upper Cretaceous,Upper Cretaceous,86.3,83.6,2.700000000000003
Piscivoravis lii,Piscivoravis,Songlingornithidae,Avialae,Theropoda,Saurischia,Carnivore,Aptian,Aptian,Lower Cretaceous,Lower Cretaceous,121.4,113.0,8.400000000000006
Schizooura lii,Schizooura,Schizoouridae,Avialae,Theropoda,Saurischia,Carnivore,Aptian,Aptian,Lower Cretaceous,Lower Cretaceous,121.4,113.0,8.400000000000006
Vorona berivotrensis,Vorona,,Avialae,Theropoda,Saurischia,Carnivore,Maastrichtian,Maastrichtian,Upper Cretaceous,Upper Cretaceous,72.1,66.0,6.099999999999994
Yumenornis huangi,Yumenornis,,Avialae,Theropoda,Saurischia,Carnivore,Aptian,Aptian,Lower Cretaceous,Lower Cretaceous,121.4,113.0,8.400000000000006
Zhongjianornis yangi,Zhongjianornis,Patagopterygidae,Avialae,Theropoda,Saurischia,Carnivore,Aptian,Aptian,Lower Cretaceous,Lower Cretaceous,121.4,113.0,8.400000000000006
Cratoavis cearensis,Cratoavis,,Avialae,Theropoda,Saurischia,Carnivore,Aptian,Aptian,Lower Cretaceous,Lower Cretaceous,119.5,113.0,6.5
Dalingheornis liweii,Dalingheornis,,Avialae,Theropoda,Saurischia,Carnivore,Barremian,Aptian,Lower Cretaceous,Lower Cretaceous,125.77,119.5,6.269999999999996
Elbretornis bonapartei,Elbretornis,,Avialae,Theropoda,Saurischia,Carnivore,Maastrichtian,Maastrichtian,Upper Cretaceous,Upper Cretaceous,72.1,66.0,6.099999999999994
Enantiornis leali,Enantiornis,Enantiornithidae,Avialae,Theropoda,Saurischia,Carnivore,Maastrichtian,Maastrichtian,Upper Cretaceous,Upper Cretaceous,72.1,66.0,6.099999999999994
Enantiornis martini,Enantiornis,Enantiornithidae,Avialae,Theropoda,Saurischia,Carnivore,Turonian,Turonian,Upper Cretaceous,Upper Cretaceous,93.9,89.8,4.1000000000000085
Enantiornis walkeri,Enantiornis,Enantiornithidae,Avialae,Theropoda,Saurischia,Carnivore,Turonian,Turonian,Upper Cretaceous,Upper Cretaceous,93.9,89.8,4.1000000000000085
Grabauornis lingyuanensis,Grabauornis,,Avialae,Theropoda,Saurischia,Carnivore,Barremian,Aptian,Lower Cretaceous,Lower Cretaceous,125.77,119.5,6.269999999999996
Martinavis cruzyensis,Martinavis,,Avialae,Theropoda,Saurischia,Carnivore,Campanian,Maastrichtian,Upper Cretaceous,Upper Cretaceous,83.6,66.0,17.599999999999994
Martinavis minor,Martinavis,,Avialae,Theropoda,Saurischia,Carnivore,Maastrichtian,Maastrichtian,Upper Cretaceous,Upper Cretaceous,72.1,66.0,6.099999999999994
Martinavis saltariensis,Martinavis,,Avialae,Theropoda,Saurischia,Carnivore,Maastrichtian,Maastrichtian,Upper Cretaceous,Upper Cretaceous,72.1,66.0,6.099999999999994
Martinavis vincei,Martinavis,,Avialae,Theropoda,Saurischia,Carnivore,Maastrichtian,Maastrichtian,Upper Cretaceous,Upper Cretaceous,72.1,66.0,6.099999999999994
Martinavis whetstonei,Martinavis,,Avialae,Theropoda,Saurischia,Carnivore,Maastrichtian,Maastrichtian,Upper Cretaceous,Upper Cretaceous,72.1,66.0,6.099999999999994
Abavornis bonaparti,Abavornis,,Avialae,Theropoda,Saurischia,Carnivore,Turonian,Turonian,Upper Cretaceous,Upper Cretaceous,93.9,89.8,4.1000000000000085
Alexornis antecedens,Alexornis,Alexornithidae,Avialae,Theropoda,Saurischia,Carnivore,Santonian,Santonian,Upper Cretaceous,Upper Cretaceous,86.3,83.6,2.700000000000003
Explorornis nessovi,Explorornis,,Avialae,Theropoda,Saurischia,Carnivore,Turonian,Turonian,Upper Cretaceous,Upper Cretaceous,93.9,89.8,4.1000000000000085
Incolornis silvae,Incolornis,,Avialae,Theropoda,Saurischia,Carnivore,Turonian,Turonian,Upper Cretaceous,Upper Cretaceous,93.9,89.8,4.1000000000000085
Kizylkumavis cretacea,Kizylkumavis,,Avialae,Theropoda,Saurischia,Carnivore,Turonian,Turonian,Upper Cretaceous,Upper Cretaceous,93.9,89.8,4.1000000000000085
Lenesornis maltshevskyi,Lenesornis,,Avialae,Theropoda,Saurischia,Carnivore,Turonian,Turonian,Upper Cretaceous,Upper Cretaceous,93.9,89.8,4.1000000000000085
Nanantius eos,Nanantius,,Avialae,Theropoda,Saurischia,Carnivore,Albian,Albian,Lower Cretaceous,Lower Cretaceous,106.2,100.5,5.700000000000003
Sazavis prisca,Sazavis,,Avialae,Theropoda,Saurischia,Carnivore,Turonian,Turonian,Upper Cretaceous,Upper Cretaceous,93.9,89.8,4.1000000000000085
Zhyraornis kashkarovi,Zhyraornis,Zhyraornithidae,Avialae,Theropoda,Saurischia,Carnivore,Cenomanian,Turonian,Upper Cretaceous,Upper Cretaceous,100.5,89.8,10.700000000000003
Zhyraornis logunovi,Zhyraornis,Zhyraornithidae,Avialae,Theropoda,Saurischia,Carnivore,Turonian,Turonian,Upper Cretaceous,Upper Cretaceous,93.9,89.8,4.1000000000000085
Gurilynia nessovi,Gurilynia,,Avialae,Theropoda,Saurischia,Carnivore,Maastrichtian,Maastrichtian,Upper Cretaceous,Upper Cretaceous,72.1,66.0,6.099999999999994
Alethoalaornis agitornis,Alethoalaornis,,,,,Carnivore,Aptian,Aptian,Lower Cretaceous,Lower Cretaceous,121.4,113.0,8.400000000000006
Gracilornis jiufotangensis,Gracilornis,,Avialae,Theropoda,Saurischia,Carnivore,Aptian,Aptian,Lower Cretaceous,Lower Cretaceous,121.4,113.0,8.400000000000006
Longchengornis sanyanensis,Longchengornis,,Avialae,Theropoda,Saurischia,Carnivore,Aptian,Aptian,Lower Cretaceous,Lower Cretaceous,121.4,113.0,8.400000000000006
Dapingfangornis sentisorhinus,Dapingfangornis,,Avialae,Theropoda,Saurischia,Carnivore,Aptian,Aptian,Lower Cretaceous,Lower Cretaceous,121.4,113.0,8.400000000000006
Avisaurus archibaldi,Avisaurus,Avisauridae,Avialae,Theropoda,Saurischia,Carnivore,Maastrichtian,Maastrichtian,Upper Cretaceous,Upper Cretaceous,72.1,66.0,6.099999999999994
Bauxitornis mindszentyae,Bauxitornis,Avisauridae,Avialae,Theropoda,Saurischia,Carnivore,Santonian,Santonian,Upper Cretaceous,Upper Cretaceous,86.3,83.6,2.700000000000003
Enantiophoenix electrophyla,Enantiophoenix,Avisauridae,Avialae,Theropoda,Saurischia,Carnivore,Cenomanian,Cenomanian,Upper Cretaceous,Upper Cretaceous,100.5,93.9,6.599999999999994
Gettyia gloriae,Gettyia,Avisauridae,Avialae,Theropoda,Saurischia,Carnivore,Campanian,Campanian,Upper Cretaceous,Upper Cretaceous,83.6,72.1,11.5
Halimornis thompsoni,Halimornis,Avisauridae,Avialae,Theropoda,Saurischia,Carnivore,Campanian,Campanian,Upper Cretaceous,Upper Cretaceous,83.6,72.1,11.5
Intiornis inexpectatus,Intiornis,Avisauridae,Avialae,Theropoda,Saurischia,Carnivore,Campanian,Campanian,Upper Cretaceous,Upper Cretaceous,83.6,72.1,11.5
Mirarce eatoni,Mirarce,Avisauridae,Avialae,Theropoda,Saurischia,Carnivore,Campanian,Campanian,Upper Cretaceous,Upper Cretaceous,83.6,72.1,11.5
Neuquenornis volans,Neuquenornis,Avisauridae,Avialae,Theropoda,Saurischia,Carnivore,Santonian,Santonian,Upper Cretaceous,Upper Cretaceous,86.3,83.6,2.700000000000003
Soroavisaurus australis,Soroavisaurus,Avisauridae,Avialae,Theropoda,Saurischia,Carnivore,Maastrichtian,Maastrichtian,Upper Cretaceous,Upper Cretaceous,72.1,66.0,6.099999999999994
Bohaiornis guoi,Bohaiornis,Bohaiornithidae,Avialae,Theropoda,Saurischia,Carnivore,Aptian,Aptian,Lower Cretaceous,Lower Cretaceous,121.4,113.0,8.400000000000006
Longusunguis kurochkini,Longusunguis,Bohaiornithidae,Avialae,Theropoda,Saurischia,Carnivore,Aptian,Aptian,Lower Cretaceous,Lower Cretaceous,121.4,113.0,8.400000000000006
Parabohaiornis martini,Parabohaiornis,Bohaiornithidae,Avialae,Theropoda,Saurischia,Carnivore,Aptian,Aptian,Lower Cretaceous,Lower Cretaceous,121.4,113.0,8.400000000000006
Shenqiornis mengi,Shenqiornis,Bohaiornithidae,Avialae,Theropoda,Saurischia,Carnivore,Oxfordian,Barremian,Upper Jurassic,Lower Cretaceous,161.5,121.4,40.099999999999994
Sulcavis geeorum,Sulcavis,Bohaiornithidae,Avialae,Theropoda,Saurischia,Carnivore,Aptian,Aptian,Lower Cretaceous,Lower Cretaceous,121.4,113.0,8.400000000000006
Zhouornis hani,Zhouornis,Bohaiornithidae,Avialae,Theropoda,Saurischia,Carnivore,Aptian,Aptian,Lower Cretaceous,Lower Cretaceous,121.4,113.0,8.400000000000006
Boluochia zhengi,Boluochia,Longipterygidae,Avialae,Theropoda,Saurischia,Carnivore,Aptian,Aptian,Lower Cretaceous,Lower Cretaceous,121.4,113.0,8.400000000000006
Camptodontornis yangi,Camptodontornis,Longipterygidae,Avialae,Theropoda,Saurischia,Carnivore,Aptian,Aptian,Lower Cretaceous,Lower Cretaceous,121.4,113.0,8.400000000000006
Longipteryx chaoyangensis,Longipteryx,Longipterygidae,Avialae,Theropoda,Saurischia,Carnivore,Aptian,Aptian,Lower Cretaceous,Lower Cretaceous,121.4,113.0,8.400000000000006
Longirostravis hani,Longirostravis,Longipterygidae,Avialae,Theropoda,Saurischia,Carnivore,Barremian,Aptian,Lower Cretaceous,Lower Cretaceous,125.77,119.5,6.269999999999996
Rapaxavis pani,Rapaxavis,Longipterygidae,Avialae,Theropoda,Saurischia,Carnivore,Aptian,Aptian,Lower Cretaceous,Lower Cretaceous,121.4,113.0,8.400000000000006
Shanweiniao cooperorum,Shanweiniao,Longipterygidae,Avialae,Theropoda,Saurischia,Carnivore,Barremian,Aptian,Lower Cretaceous,Lower Cretaceous,125.77,119.5,6.269999999999996
Shengjingornis yangi,Shengjingornis,Longipterygidae,Avialae,Theropoda,Saurischia,Carnivore,Aptian,Aptian,Lower Cretaceous,Lower Cretaceous,121.4,113.0,8.400000000000006
Chiappeavis magnapremaxillo,Chiappeavis,Pengornithidae,Avialae,Theropoda,Saurischia,Carnivore,Aptian,Aptian,Lower Cretaceous,Lower Cretaceous,121.4,113.0,8.400000000000006
Eopengornis martini,Eopengornis,,,,,Carnivore,Hauterivian,Hauterivian,Lower Cretaceous,Lower Cretaceous,132.6,125.77,6.829999999999998
Parapengornis eurycaudatus,Parapengornis,Pengornithidae,Avialae,Theropoda,Saurischia,Carnivore,Barremian,Aptian,Lower Cretaceous,Lower Cretaceous,125.77,113.0,12.769999999999996
Pengornis houi,Pengornis,Pengornithidae,Avialae,Theropoda,Saurischia,Carnivore,Aptian,Aptian,Lower Cretaceous,Lower Cretaceous,121.4,113.0,8.400000000000006
Yuanchuavis kompsosoura,Yuanchuavis,Pengornithidae,Avialae,Theropoda,Saurischia,Carnivore,Berriasian,Albian,Lower Cretaceous,Lower Cretaceous,145.0,100.5,44.5
Avimaia schweitzerae,Avimaia,,Avialae,Theropoda,Saurischia,Carnivore,Aptian,Aptian,Lower Cretaceous,Lower Cretaceous,121.4,113.0,8.400000000000006
Brevirostruavis macrohyoideus,Brevirostruavis,,Avialae,Theropoda,Saurischia,Carnivore,Aptian,Aptian,Lower Cretaceous,Lower Cretaceous,121.4,113.0,8.400000000000006
Castignovolucris sebei,Castignovolucris,,Avialae,Theropoda,Saurischia,Carnivore,Campanian,Maastrichtian,Upper Cretaceous,Upper Cretaceous,83.6,66.0,17.599999999999994
Cathayornis yandica,Cathayornis,,Avialae,Theropoda,Saurischia,Carnivore,Aptian,Aptian,Lower Cretaceous,Lower Cretaceous,121.4,113.0,8.400000000000006
Concornis lacustris,Concornis,Avisauridae,Avialae,Theropoda,Saurischia,Carnivore,Barremian,Barremian,Lower Cretaceous,Lower Cretaceous,125.77,121.4,4.36999999999999
Cruralispennia multidonta,Cruralispennia,,Avialae,Theropoda,Saurischia,Carnivore,Hauterivian,Hauterivian,Lower Cretaceous,Lower Cretaceous,132.6,125.77,6.829999999999998
Dunhuangia cuii,Dunhuangia,,Avialae,Theropoda,Saurischia,Carnivore,Aptian,Aptian,Lower Cretaceous,Lower Cretaceous,121.4,113.0,8.400000000000006
Elektorornis chenguangi,Elektorornis,,Avialae,Theropoda,Saurischia,Carnivore,Cenomanian,Cenomanian,Upper Cretaceous,Upper Cretaceous,100.5,93.9,6.599999999999994
Elsornis keni,Elsornis,,Avialae,Theropoda,Saurischia,Carnivore,Campanian,Campanian,Upper Cretaceous,Upper Cretaceous,83.6,72.1,11.5
Eoalulavis hoyasi,Eoalulavis,,Avialae,Theropoda,Saurischia,Carnivore,Barremian,Barremian,Lower Cretaceous,Lower Cretaceous,125.77,121.4,4.36999999999999
Eocathayornis walkeri,Eocathayornis,,Avialae,Theropoda,Saurischia,Carnivore,Aptian,Aptian,Lower Cretaceous,Lower Cretaceous,121.4,113.0,8.400000000000006
Eoenantiornis buhleri,Eoenantiornis,Eoenantiornithidae,Avialae,Theropoda,Saurischia,Carnivore,Barremian,Aptian,Lower Cretaceous,Lower Cretaceous,125.77,119.5,6.269999999999996
Evgenavis nobilis,Evgenavis,,Avialae,Theropoda,Saurischia,Carnivore,Barremian,Aptian,Lower Cretaceous,Lower Cretaceous,125.77,113.0,12.769999999999996
Falcatakely forsterae,Falcatakely,,Avialae,Theropoda,Saurischia,Carnivore,Maastrichtian,Maastrichtian,Upper Cretaceous,Upper Cretaceous,72.1,66.0,6.099999999999994
Feitianius paradisi,Feitianius,,Avialae,Theropoda,Saurischia,Carnivore,Aptian,Aptian,Lower Cretaceous,Lower Cretaceous,121.4,113.0,8.400000000000006
Flexomornis howei,Flexomornis,,Avialae,Theropoda,Saurischia,Carnivore,Cenomanian,Cenomanian,Upper Cretaceous,Upper Cretaceous,100.5,93.9,6.599999999999994
Fortipesavis prehendens,Fortipesavis,,Avialae,Theropoda,Saurischia,Carnivore,Cenomanian,Cenomanian,Upper Cretaceous,Upper Cretaceous,100.5,93.9,6.599999999999994
Fortunguavis xiaotaizicus,Fortunguavis,,,,,Carnivore,Aptian,Aptian,Lower Cretaceous,Lower Cretaceous,121.4,113.0,8.400000000000006
Gobipipus reshetovi,Gobipipus,,Avialae,Theropoda,Saurischia,Carnivore,Campanian,Campanian,Upper Cretaceous,Upper Cretaceous,83.6,72.1,11.5
Gobipteryx minuta,Gobipteryx,Gobipterygidae,Avialae,Theropoda,Saurischia,Carnivore,Campanian,Campanian,Upper Cretaceous,Upper Cretaceous,83.6,72.1,11.5
Gretcheniao sinensis,Gretcheniao,,,,,Carnivore,Barremian,Aptian,Lower Cretaceous,Lower Cretaceous,125.77,119.5,6.269999999999996
Holbotia ponomarenkoi,Holbotia,,,,,Carnivore,Hauterivian,Barremian,Lower Cretaceous,Lower Cretaceous,132.6,121.4,11.199999999999989
Houornis caudatus,Houornis,,Avialae,Theropoda,Saurischia,Carnivore,Aptian,Aptian,Lower Cretaceous,Lower Cretaceous,121.4,113.0,8.400000000000006
Huoshanornis huji,Huoshanornis,,Avialae,Theropoda,Saurischia,Carnivore,Aptian,Aptian,Lower Cretaceous,Lower Cretaceous,121.4,113.0,8.400000000000006
Iberomesornis romerali,Iberomesornis,Iberomesornithidae,Avialae,Theropoda,Saurischia,Carnivore,Barremian,Barremian,Lower Cretaceous,Lower Cretaceous,125.77,121.4,4.36999999999999
Junornis houi,Junornis,,Avialae,Theropoda,Saurischia,Carnivore,Barremian,Aptian,Lower Cretaceous,Lower Cretaceous,125.77,119.5,6.269999999999996
Lectavis bretincola,Lectavis,,Avialae,Theropoda,Saurischia,Carnivore,Maastrichtian,Maastrichtian,Upper Cretaceous,Upper Cretaceous,72.1,66.0,6.099999999999994
Linyiornis amoena,Linyiornis,,,,,Carnivore,Aptian,Aptian,Lower Cretaceous,Lower Cretaceous,121.4,113.0,8.400000000000006
Microenantiornis vulgaris,Microenantiornis,,,,,Carnivore,Aptian,Aptian,Lower Cretaceous,Lower Cretaceous,121.4,113.0,8.400000000000006
Monoenantiornis sihedangia,Monoenantiornis,,,,,Carnivore,Aptian,Aptian,Lower Cretaceous,Lower Cretaceous,121.4,113.0,8.400000000000006
Musivavis amabilis,Musivavis,,Avialae,Theropoda,Saurischia,Carnivore,Aptian,Aptian,Lower Cretaceous,Lower Cretaceous,121.4,113.0,8.400000000000006
Navaornis hestiae,Navaornis,,Avialae,Theropoda,Saurischia,Carnivore,Campanian,Maastrichtian,Upper Cretaceous,Upper Cretaceous,83.6,66.0,17.599999999999994
Noguerornis gonzalezi,Noguerornis,,Avialae,Theropoda,Saurischia,Carnivore,Barremian,Barremian,Lower Cretaceous,Lower Cretaceous,125.77,121.4,4.36999999999999
Orienantius ritteri,Orienantius,,Avialae,Theropoda,Saurischia,Carnivore,Hauterivian,Hauterivian,Lower Cretaceous,Lower Cretaceous,132.6,125.77,6.829999999999998
Otogornis genghisi,Otogornis,,,,,Carnivore,Barremian,Barremian,Lower Cretaceous,Lower Cretaceous,125.77,121.4,4.36999999999999
Paraprotopteryx gracilis,Paraprotopteryx,,Avialae,Theropoda,Saurischia,Carnivore,Hauterivian,Hauterivian,Lower Cretaceous,Lower Cretaceous,132.6,125.77,6.829999999999998
Parvavis chuxiongensis,Parvavis,,Avialae,Theropoda,Saurischia,Carnivore,Turonian,Santonian,Upper Cretaceous,Upper Cretaceous,93.9,83.6,10.300000000000011
Piscivorenantiornis inusitatus,Piscivorenantiornis,,Avialae,Theropoda,Saurischia,Carnivore,Aptian,Aptian,Lower Cretaceous,Lower Cretaceous,121.4,113.0,8.400000000000006
Protopteryx fengningensis,Protopteryx,Protopterygidae,Avialae,Theropoda,Saurischia,Carnivore,Hauterivian,Barremian,Lower Cretaceous,Lower Cretaceous,132.6,121.4,11.199999999999989
Pterygornis dapingfangensis,Pterygornis,,,,,Carnivore,Aptian,Aptian,Lower Cretaceous,Lower Cretaceous,121.4,113.0,8.400000000000006
Qiliania graffini,Qiliania,,Avialae,Theropoda,Saurischia,Carnivore,Aptian,Aptian,Lower Cretaceous,Lower Cretaceous,121.4,113.0,8.400000000000006
Shangyang graciles,Shangyang,,,,,Carnivore,Aptian,Aptian,Lower Cretaceous,Lower Cretaceous,121.4,113.0,8.400000000000006
Sinornis santensis,Sinornis,,Avialae,Theropoda,Saurischia,Carnivore,Aptian,Aptian,Lower Cretaceous,Lower Cretaceous,121.4,113.0,8.400000000000006
Vescornis hebeiensis,Vescornis,Gobipterygidae,Avialae,Theropoda,Saurischia,Carnivore,Barremian,Aptian,Lower Cretaceous,Lower Cretaceous,125.77,119.5,6.269999999999996
Xiangornis shenmi,Xiangornis,,Avialae,Theropoda,Saurischia,Carnivore,Aptian,Aptian,Lower Cretaceous,Lower Cretaceous,121.4,113.0,8.400000000000006
Yatenavis ieujensis,Yatenavis,,Avialae,Theropoda,Saurischia,Carnivore,Maastrichtian,Maastrichtian,Upper Cretaceous,Upper Cretaceous,72.1,66.0,6.099999999999994
Yuanjiawaornis viriosus,Yuanjiawaornis,,Avialae,Theropoda,Saurischia,Carnivore,Aptian,Aptian,Lower Cretaceous,Lower Cretaceous,121.4,113.0,8.400000000000006
Yungavolucris brevipedalis,Yungavolucris,,Avialae,Theropoda,Saurischia,Carnivore,Maastrichtian,Maastrichtian,Upper Cretaceous,Upper Cretaceous,72.1,66.0,6.099999999999994
Yuornis junchangi,Yuornis,,Avialae,Theropoda,Saurischia,Carnivore,Maastrichtian,Maastrichtian,Upper Cretaceous,Upper Cretaceous,72.1,66.0,6.099999999999994
Alamitornis minutus,Alamitornis,,Avialae,Theropoda,Saurischia,Carnivore,Campanian,Maastrichtian,Upper Cretaceous,Upper Cretaceous,83.6,66.0,17.599999999999994
Xinghaiornis lini,Xinghaiornis,,Avialae,Theropoda,Saurischia,Carnivore,Barremian,Aptian,Lower Cretaceous,Lower Cretaceous,125.77,119.5,6.269999999999996
Kompsornis longicaudus,Kompsornis,,Avialae,Theropoda,Saurischia,Carnivore,Aptian,Aptian,Lower Cretaceous,Lower Cretaceous,121.4,113.0,8.400000000000006
Neimengornis rectusmim,Neimengornis,,Avialae,Theropoda,Saurischia,Carnivore,Aptian,Aptian,Lower Cretaceous,Lower Cretaceous,121.4,113.0,8.400000000000006
Alcmonavis poeschli,Alcmonavis,,Avialae,Theropoda,Saurischia,Carnivore,Tithonian,Tithonian,Upper Jurassic,Upper Jurassic,149.2,146.3,2.8999999999999773
Archaeopteryx albersdoerferi,Archaeopteryx,Archaeopterygidae,Non-Avian,Theropoda,Saurischia,"Piscivore, insectivore",Tithonian,Tithonian,Upper Jurassic,Upper Jurassic,149.2,146.3,2.8999999999999773
Archaeopteryx lithographica,Archaeopteryx,Archaeopterygidae,Non-Avian,Theropoda,Saurischia,"Piscivore, insectivore",Tithonian,Tithonian,Upper Jurassic,Upper Jurassic,149.2,146.3,2.8999999999999773
Jurapteryx recurva,Archaeopteryx,Archaeopterygidae,Non-Avian,Theropoda,Saurischia,"Piscivore, insectivore",Tithonian,Tithonian,Upper Jurassic,Upper Jurassic,149.2,146.3,2.8999999999999773
Aurornis xui,Aurornis,Anchiornithidae,Non-Avian,Theropoda,Saurischia,Carnivore,Bathonian,Kimmeridgian,Middle Jurassic,Upper Jurassic,168.2,152.2,16.0
Baminornis zhenghensis,Baminornis,,Avialae,Theropoda,Saurischia,Carnivore,Kimmeridgian,Tithonian,Upper Jurassic,Upper Jurassic,152.2,146.3,5.899999999999977
Dalianraptor cuhe,Dalianraptor,,Avialae,Theropoda,Saurischia,Carnivore,Aptian,Aptian,Lower Cretaceous,Lower Cretaceous,121.4,113.0,8.400000000000006
Fujianvenator prodigiosus,Fujianvenator,Anchiornithidae,Non-Avian,Theropoda,Saurischia,Carnivore,Kimmeridgian,Tithonian,Upper Jurassic,Upper Jurassic,152.2,146.3,5.899999999999977
Fukuipteryx prima,Fukuipteryx,,Avialae,Theropoda,Saurischia,Carnivore,Aptian,Aptian,Lower Cretaceous,Lower Cretaceous,121.4,113.0,8.400000000000006
Boreonykus certekorum,Boreonykus,Dromaeosauridae,Non-Avian,Theropoda,Saurischia,Carnivore,Campanian,Campanian,Upper Cretaceous,Upper Cretaceous,83.6,72.1,11.5
Dakotaraptor steini,Dakotaraptor,,Non-Avian,Theropoda,Saurischia,Carnivore,Maastrichtian,Maastrichtian,Upper Cretaceous,Upper Cretaceous,72.1,66.0,6.099999999999994
Dromaeosaurus albertensis,Dromaeosaurus,Dromaeosauridae,Non-Avian,Theropoda,Saurischia,Carnivore,Albian,Maastrichtian,Lower Cretaceous,Upper Cretaceous,109.9,66.0,43.900000000000006
Itemirus medullaris,Itemirus,Dromaeosauridae,Non-Avian,Theropoda,Saurischia,Carnivore,Turonian,Turonian,Upper Cretaceous,Upper Cretaceous,93.9,89.8,4.1000000000000085
Yurgovuchia doellingi,Yurgovuchia,Dromaeosauridae,Non-Avian,Theropoda,Saurischia,Carnivore,Berriasian,Valanginian,Lower Cretaceous,Lower Cretaceous,140.6,132.6,8.0
Atrociraptor marshalli,Atrociraptor,Dromaeosauridae,Non-Avian,Theropoda,Saurischia,Carnivore,Campanian,Maastrichtian,Upper Cretaceous,Upper Cretaceous,83.6,66.0,17.599999999999994
Saurornitholestes langstoni,Saurornitholestes,Dromaeosauridae,Non-Avian,Theropoda,Saurischia,Carnivore,Campanian,Maastrichtian,Upper Cretaceous,Upper Cretaceous,83.6,66.0,17.599999999999994
Saurornitholestes sullivani,Saurornitholestes,Dromaeosauridae,Non-Avian,Theropoda,Saurischia,Carnivore,Campanian,Campanian,Upper Cretaceous,Upper Cretaceous,83.6,72.1,11.5
Acheroraptor temertyorum,Acheroraptor,Dromaeosauridae,Non-Avian,Theropoda,Saurischia,Carnivore,Maastrichtian,Maastrichtian,Upper Cretaceous,Upper Cretaceous,72.1,66.0,6.099999999999994
Dineobellator notohesperus,Dineobellator,Dromaeosauridae,Non-Avian,Theropoda,Saurischia,Carnivore,Maastrichtian,Maastrichtian,Upper Cretaceous,Upper Cretaceous,72.1,66.0,6.099999999999994
Kansaignathus sogdianus,Kansaignathus,Dromaeosauridae,Non-Avian,Theropoda,Saurischia,Carnivore,Santonian,Santonian,Upper Cretaceous,Upper Cretaceous,86.3,83.6,2.700000000000003
Linheraptor exquisitus,Linheraptor,Dromaeosauridae,Non-Avian,Theropoda,Saurischia,Carnivore,Campanian,Campanian,Upper Cretaceous,Upper Cretaceous,83.6,72.1,11.5
Tsaagan mangas,Tsaagan,Dromaeosauridae,Non-Avian,Theropoda,Saurischia,Carnivore,Campanian,Campanian,Upper Cretaceous,Upper Cretaceous,83.6,72.1,11.5
Velociraptor mongoliensis,Velociraptor,Dromaeosauridae,Non-Avian,Theropoda,Saurischia,Carnivore,Coniacian,Maastrichtian,Upper Cretaceous,Upper Cretaceous,89.8,66.0,23.799999999999997
Velociraptor osmolskae,Velociraptor,Dromaeosauridae,Non-Avian,Theropoda,Saurischia,Carnivore,Campanian,Campanian,Upper Cretaceous,Upper Cretaceous,83.6,72.1,11.5
Achillobator giganticus,Achillobator,Dromaeosauridae,Non-Avian,Theropoda,Saurischia,Carnivore,Cenomanian,Santonian,Upper Cretaceous,Upper Cretaceous,100.5,83.6,16.900000000000006
Adasaurus mongoliensis,Adasaurus,Dromaeosauridae,Non-Avian,Theropoda,Saurischia,Carnivore,Maastrichtian,Maastrichtian,Upper Cretaceous,Upper Cretaceous,72.1,66.0,6.099999999999994
Deinonychus antirrhopus,Deinonychus,Dromaeosauridae,Non-Avian,Theropoda,Saurischia,Carnivore,Aptian,Cenomanian,Lower Cretaceous,Upper Cretaceous,121.4,93.9,27.5
Utahraptor ostrommaysi,Utahraptor,Dromaeosauridae,Non-Avian,Theropoda,Saurischia,Carnivore,Valanginian,Valanginian,Lower Cretaceous,Lower Cretaceous,139.8,132.6,7.200000000000017
Vectiraptor greeni,Vectiraptor,Dromaeosauridae,Non-Avian,Theropoda,Saurischia,Carnivore,Barremian,Barremian,Lower Cretaceous,Lower Cretaceous,125.77,121.4,4.36999999999999
Halszkaraptor escuilliei,Halszkaraptor,Dromaeosauridae,Non-Avian,Theropoda,Saurischia,Carnivore,Campanian,Campanian,Upper Cretaceous,Upper Cretaceous,83.6,72.1,11.5
Hulsanpes perlei,Hulsanpes,Dromaeosauridae,Non-Avian,Theropoda,Saurischia,Carnivore,Campanian,Campanian,Upper Cretaceous,Upper Cretaceous,83.6,72.1,11.5
Mahakala omnogovae,Mahakala,Dromaeosauridae,Non-Avian,Theropoda,Saurischia,Carnivore,Campanian,Campanian,Upper Cretaceous,Upper Cretaceous,83.6,72.1,11.5
Natovenator polydontus,Natovenator,Dromaeosauridae,Non-Avian,Theropoda,Saurischia,Carnivore,Campanian,Campanian,Upper Cretaceous,Upper Cretaceous,83.6,72.1,11.5
Changyuraptor yangi,Changyuraptor,Dromaeosauridae,Non-Avian,Theropoda,Saurischia,Carnivore,Barremian,Aptian,Lower Cretaceous,Lower Cretaceous,125.77,119.5,6.269999999999996
Graciliraptor lujiatunensis,Graciliraptor,Dromaeosauridae,Non-Avian,Theropoda,Saurischia,Carnivore,Barremian,Aptian,Lower Cretaceous,Lower Cretaceous,125.77,119.5,6.269999999999996
Hesperonychus elizabethae,Hesperonychus,,Non-Avian,Theropoda,Saurischia,Carnivore,Campanian,Campanian,Upper Cretaceous,Upper Cretaceous,83.6,72.1,11.5
Microraptor gui,Microraptor,Dromaeosauridae,Non-Avian,Theropoda,Saurischia,Carnivore,Aptian,Aptian,Lower Cretaceous,Lower Cretaceous,121.4,113.0,8.400000000000006
Microraptor hanqingi,Microraptor,Dromaeosauridae,Non-Avian,Theropoda,Saurischia,Carnivore,Aptian,Aptian,Lower Cretaceous,Lower Cretaceous,121.4,113.0,8.400000000000006
Microraptor zhaoianus,Microraptor,Dromaeosauridae,Non-Avian,Theropoda,Saurischia,Carnivore,Aptian,Aptian,Lower Cretaceous,Lower Cretaceous,121.4,113.0,8.400000000000006
Shanag ashile,Shanag,Dromaeosauridae,Non-Avian,Theropoda,Saurischia,Carnivore,Berriasian,Albian,Lower Cretaceous,Lower Cretaceous,145.0,100.5,44.5
Sinornithosaurus millenii,Sinornithosaurus,Dromaeosauridae,Non-Avian,Theropoda,Saurischia,Carnivore,Barremian,Aptian,Lower Cretaceous,Lower Cretaceous,125.77,119.5,6.269999999999996
Zhongjianosaurus yangi,Zhongjianosaurus,Dromaeosauridae,Non-Avian,Theropoda,Saurischia,Carnivore,Aptian,Aptian,Lower Cretaceous,Lower Cretaceous,121.4,113.0,8.400000000000006
Austroraptor cabazai,Austroraptor,Dromaeosauridae,Non-Avian,Theropoda,Saurischia,Carnivore,Campanian,Maastrichtian,Upper Cretaceous,Upper Cretaceous,83.6,66.0,17.599999999999994
Buitreraptor gonzalezorum,Buitreraptor,Dromaeosauridae,Non-Avian,Theropoda,Saurischia,Carnivore,Cenomanian,Cenomanian,Upper Cretaceous,Upper Cretaceous,100.5,93.9,6.599999999999994
Diuqin lechiguanae,Diuqin,Dromaeosauridae,Non-Avian,Theropoda,Saurischia,Carnivore,Santonian,Santonian,Upper Cretaceous,Upper Cretaceous,86.3,83.6,2.700000000000003
Neuquenraptor argentinus,Neuquenraptor,Dromaeosauridae,Non-Avian,Theropoda,Saurischia,Carnivore,Turonian,Coniacian,Upper Cretaceous,Upper Cretaceous,93.9,86.3,7.6000000000000085
Rahonavis ostromi,Rahonavis,,Non-Avian,Theropoda,Saurischia,Carnivore,Maastrichtian,Maastrichtian,Upper Cretaceous,Upper Cretaceous,72.1,66.0,6.099999999999994
Unenlagia comahuensis,Unenlagia,Dromaeosauridae,Non-Avian,Theropoda,Saurischia,Carnivore,Turonian,Coniacian,Upper Cretaceous,Upper Cretaceous,93.9,86.3,7.6000000000000085
Unenlagia paynemili,Unenlagia,Dromaeosauridae,Non-Avian,Theropoda,Saurischia,Carnivore,Turonian,Coniacian,Upper Cretaceous,Upper Cretaceous,93.9,86.3,7.6000000000000085
Ypupiara lopai,Ypupiara,Dromaeosauridae,Non-Avian,Theropoda,Saurischia,Carnivore,Maastrichtian,Maastrichtian,Upper Cretaceous,Upper Cretaceous,72.1,66.0,6.099999999999994
Balaur bondoc,Balaur,,Non-Avian,Theropoda,Saurischia,Carnivore,Maastrichtian,Maastrichtian,Upper Cretaceous,Upper Cretaceous,72.1,66.0,6.099999999999994
Bambiraptor feinbergi,Bambiraptor,Dromaeosauridae,Non-Avian,Theropoda,Saurischia,Carnivore,Campanian,Campanian,Upper Cretaceous,Upper Cretaceous,83.6,72.1,11.5
Daurlong wangi,Daurlong,Dromaeosauridae,Non-Avian,Theropoda,Saurischia,Carnivore,Aptian,Aptian,Lower Cretaceous,Lower Cretaceous,121.4,119.5,1.9000000000000057
Dromaeosauroides bornholmensis,Dromaeosauroides,Dromaeosauridae,Non-Avian,Theropoda,Saurischia,Carnivore,Berriasian,Berriasian,Lower Cretaceous,Lower Cretaceous,140.6,139.8,0.799999999999983
Imperobator antarcticus,Imperobator,Dromaeosauridae,Non-Avian,Theropoda,Saurischia,Carnivore,Maastrichtian,Maastrichtian,Upper Cretaceous,Upper Cretaceous,72.1,66.0,6.099999999999994
Kuru kulla,Kuru,Dromaeosauridae,Non-Avian,Theropoda,Saurischia,Carnivore,Campanian,Campanian,Upper Cretaceous,Upper Cretaceous,83.6,72.1,11.5
Luanchuanraptor henanensis,Luanchuanraptor,Dromaeosauridae,Non-Avian,Theropoda,Saurischia,Carnivore,Maastrichtian,Maastrichtian,Upper Cretaceous,Upper Cretaceous,72.1,66.0,6.099999999999994
Nuthetes destructor,Nuthetes,,Non-Avian,Theropoda,Saurischia,Carnivore,Berriasian,Berriasian,Lower Cretaceous,Lower Cretaceous,145.0,140.6,4.400000000000006
Pyroraptor olympius,Pyroraptor,Dromaeosauridae,Non-Avian,Theropoda,Saurischia,Carnivore,Campanian,Maastrichtian,Upper Cretaceous,Upper Cretaceous,83.6,66.0,17.599999999999994
Asiamericana asiatica,Richardoestesia,,Non-Avian,Theropoda,Saurischia,Carnivore,Turonian,Turonian,Upper Cretaceous,Upper Cretaceous,93.9,89.8,4.1000000000000085
Richardoestesia asiatica,Richardoestesia,,Non-Avian,Theropoda,Saurischia,Carnivore,Cenomanian,Turonian,Upper Cretaceous,Upper Cretaceous,100.5,89.8,10.700000000000003
Richardoestesia gilmorei,Richardoestesia,,Non-Avian,Theropoda,Saurischia,Carnivore,Kimmeridgian,Maastrichtian,Upper Jurassic,Upper Cretaceous,152.2,66.0,86.19999999999999
Richardoestesia isosceles,Richardoestesia,,Non-Avian,Theropoda,Saurischia,Carnivore,Cenomanian,Maastrichtian,Upper Cretaceous,Upper Cretaceous,100.5,66.0,34.5
Shri devi,Shri,Dromaeosauridae,Non-Avian,Theropoda,Saurischia,Carnivore,Campanian,Campanian,Upper Cretaceous,Upper Cretaceous,83.6,72.1,11.5
Tianyuraptor ostromi,Tianyuraptor,Dromaeosauridae,Non-Avian,Theropoda,Saurischia,Carnivore,Barremian,Aptian,Lower Cretaceous,Lower Cretaceous,125.77,119.5,6.269999999999996
Variraptor mechinorum,Variraptor,Dromaeosauridae,Non-Avian,Theropoda,Saurischia,Carnivore,Campanian,Maastrichtian,Upper Cretaceous,Upper Cretaceous,83.6,66.0,17.599999999999994
Wulong bohaiensis,Wulong,Dromaeosauridae,Non-Avian,Theropoda,Saurischia,Carnivore,Aptian,Aptian,Lower Cretaceous,Lower Cretaceous,121.4,113.0,8.400000000000006
Zhenyuanlong suni,Zhenyuanlong,Dromaeosauridae,Non-Avian,Theropoda,Saurischia,Carnivore,Barremian,Aptian,Lower Cretaceous,Lower Cretaceous,125.77,119.5,6.269999999999996
Jinfengopteryx elegans,Jinfengopteryx,Troodontidae,Non-Avian,Theropoda,Saurischia,"Carnivore, omnivore",Barremian,Barremian,Lower Cretaceous,Lower Cretaceous,125.77,121.4,4.36999999999999
Liaoningvenator curriei,Liaoningvenator,Troodontidae,Non-Avian,Theropoda,Saurischia,"Carnivore, omnivore",Barremian,Aptian,Lower Cretaceous,Lower Cretaceous,125.77,119.5,6.269999999999996
Philovenator curriei,Philovenator,Troodontidae,Non-Avian,Theropoda,Saurischia,"Carnivore, omnivore",Campanian,Campanian,Upper Cretaceous,Upper Cretaceous,83.6,72.1,11.5
Tamarro insperatus,Tamarro,Troodontidae,Non-Avian,Theropoda,Saurischia,"Carnivore, omnivore",Maastrichtian,Maastrichtian,Upper Cretaceous,Upper Cretaceous,72.1,66.0,6.099999999999994
Jianianhualong tengi,Jianianhualong,Troodontidae,Non-Avian,Theropoda,Saurischia,"Carnivore, omnivore",Barremian,Aptian,Lower Cretaceous,Lower Cretaceous,125.77,119.5,6.269999999999996
Mei long,Mei,Troodontidae,Non-Avian,Theropoda,Saurischia,"Carnivore, omnivore",Barremian,Aptian,Lower Cretaceous,Lower Cretaceous,125.77,119.5,6.269999999999996
Sinovenator changii,Sinovenator,Troodontidae,Non-Avian,Theropoda,Saurischia,"Carnivore, omnivore",Barremian,Aptian,Lower Cretaceous,Lower Cretaceous,125.77,119.5,6.269999999999996
Xiaotingia zhengi,Xiaotingia,Anchiornithidae,Non-Avian,Theropoda,Saurischia,"Carnivore, omnivore",Bathonian,Kimmeridgian,Middle Jurassic,Upper Jurassic,168.2,152.2,16.0
Borogovia gracilicrus,Borogovia,Troodontidae,Non-Avian,Theropoda,Saurischia,"Carnivore, omnivore",Maastrichtian,Maastrichtian,Upper Cretaceous,Upper Cretaceous,72.1,66.0,6.099999999999994
Byronosaurus jaffei,Byronosaurus,Troodontidae,Non-Avian,Theropoda,Saurischia,"Carnivore, omnivore",Campanian,Campanian,Upper Cretaceous,Upper Cretaceous,83.6,72.1,11.5
Hypnovenator matsubaraetoheorum,Hypnovenator,Troodontidae,Non-Avian,Theropoda,Saurischia,"Carnivore, omnivore",Albian,Albian,Lower Cretaceous,Lower Cretaceous,113.0,106.2,6.799999999999997
Latenivenatrix mcmasterae,Latenivenatrix,Troodontidae,Non-Avian,Theropoda,Saurischia,"Carnivore, omnivore",Campanian,Campanian,Upper Cretaceous,Upper Cretaceous,83.6,72.1,11.5
Linhevenator tani,Linhevenator,Troodontidae,Non-Avian,Theropoda,Saurischia,"Carnivore, omnivore",Campanian,Campanian,Upper Cretaceous,Upper Cretaceous,83.6,72.1,11.5
Saurornithoides mongoliensis,Saurornithoides,Troodontidae,Non-Avian,Theropoda,Saurischia,"Carnivore, omnivore",Campanian,Maastrichtian,Upper Cretaceous,Upper Cretaceous,83.6,66.0,17.599999999999994
Sinornithoides youngi,Sinornithoides,Troodontidae,Non-Avian,Theropoda,Saurischia,"Carnivore, omnivore",Valanginian,Albian,Lower Cretaceous,Lower Cretaceous,139.8,100.5,39.30000000000001
Stenonychosaurus inequalis,Stenonychosaurus,Troodontidae,Non-Avian,Theropoda,Saurischia,"Carnivore, omnivore",Campanian,Maastrichtian,Upper Cretaceous,Upper Cretaceous,83.6,66.0,17.599999999999994
Talos sampsoni,Talos,Troodontidae,Non-Avian,Theropoda,Saurischia,"Carnivore, omnivore",Campanian,Campanian,Upper Cretaceous,Upper Cretaceous,83.6,72.1,11.5
Troodon formosus,Troodon,Troodontidae,Non-Avian,Theropoda,Saurischia,"Carnivore, omnivore",Campanian,Maastrichtian,Upper Cretaceous,Upper Cretaceous,83.6,66.0,17.599999999999994
Urbacodon itemirensis,Urbacodon,Troodontidae,Non-Avian,Theropoda,Saurischia,"Carnivore, omnivore",Cenomanian,Cenomanian,Upper Cretaceous,Upper Cretaceous,100.5,93.9,6.599999999999994
Urbacodon norelli,Urbacodon,Troodontidae,Non-Avian,Theropoda,Saurischia,"Carnivore, omnivore",Campanian,Campanian,Upper Cretaceous,Upper Cretaceous,83.6,72.1,11.5
Zanabazar junior,Zanabazar,Troodontidae,Non-Avian,Theropoda,Saurischia,"Carnivore, omnivore",Maastrichtian,Maastrichtian,Upper Cretaceous,Upper Cretaceous,72.1,66.0,6.099999999999994
Albertavenator curriei,Albertavenator,Troodontidae,Non-Avian,Theropoda,Saurischia,"Carnivore, omnivore",Campanian,Maastrichtian,Upper Cretaceous,Upper Cretaceous,83.6,66.0,17.599999999999994
Almas ukhaa,Almas,Troodontidae,Non-Avian,Theropoda,Saurischia,"Carnivore, omnivore",Campanian,Campanian,Upper Cretaceous,Upper Cretaceous,83.6,72.1,11.5
Anchiornis huxleyi,Anchiornis,Anchiornithidae,Non-Avian,Theropoda,Saurischia,"Carnivore, omnivore",Bathonian,Kimmeridgian,Middle Jurassic,Upper Jurassic,168.2,152.2,16.0
Archaeornithoides deinosauriscus,Archaeornithoides,Troodontidae,Non-Avian,Theropoda,Saurischia,"Carnivore, omnivore",Campanian,Campanian,Upper Cretaceous,Upper Cretaceous,83.6,72.1,11.5
Daliansaurus liaoningensis,Daliansaurus,Troodontidae,Non-Avian,Theropoda,Saurischia,"Carnivore, omnivore",Barremian,Aptian,Lower Cretaceous,Lower Cretaceous,125.77,119.5,6.269999999999996
Geminiraptor suarezarum,Geminiraptor,Troodontidae,Non-Avian,Theropoda,Saurischia,"Carnivore, omnivore",Valanginian,Valanginian,Lower Cretaceous,Lower Cretaceous,139.8,132.6,7.200000000000017
Gobivenator mongoliensis,Gobivenator,Troodontidae,Non-Avian,Theropoda,Saurischia,"Carnivore, omnivore",Campanian,Campanian,Upper Cretaceous,Upper Cretaceous,83.6,72.1,11.5
Harenadraco prima,Harenadraco,Troodontidae,Non-Avian,Theropoda,Saurischia,"Carnivore, omnivore",Campanian,Campanian,Upper Cretaceous,Upper Cretaceous,83.6,72.1,11.5
Hesperornithoides miessleri,Hesperornithoides,Troodontidae,Non-Avian,Theropoda,Saurischia,"Carnivore, omnivore",Kimmeridgian,Tithonian,Upper Jurassic,Upper Jurassic,154.8,145.0,9.800000000000011
Papiliovenator neimengguensis,Papiliovenator,Troodontidae,Non-Avian,Theropoda,Saurischia,"Carnivore, omnivore",Campanian,Campanian,Upper Cretaceous,Upper Cretaceous,83.6,72.1,11.5
Pectinodon bakkeri,Pectinodon,Troodontidae,Non-Avian,Theropoda,Saurischia,"Carnivore, omnivore",Maastrichtian,Maastrichtian,Upper Cretaceous,Upper Cretaceous,72.1,66.0,6.099999999999994
Sinusonasus magnodens,Sinusonasus,Troodontidae,Non-Avian,Theropoda,Saurischia,"Carnivore, omnivore",Barremian,Aptian,Lower Cretaceous,Lower Cretaceous,125.77,119.5,6.269999999999996
Tochisaurus nemegtensis,Tochisaurus,Troodontidae,Non-Avian,Theropoda,Saurischia,"Carnivore, omnivore",Maastrichtian,Maastrichtian,Upper Cretaceous,Upper Cretaceous,72.1,66.0,6.099999999999994
Xixiasaurus henanensis,Xixiasaurus,Troodontidae,Non-Avian,Theropoda,Saurischia,"Carnivore, omnivore",Coniacian,Campanian,Upper Cretaceous,Upper Cretaceous,89.8,72.1,17.700000000000003
Pamparaptor micros,Pamparaptor,Dromaeosauridae,Non-Avian,Theropoda,Saurischia,Carnivore,Turonian,Coniacian,Upper Cretaceous,Upper Cretaceous,93.9,86.3,7.6000000000000085
Ilerdopteryx viai,Ilerdopteryx,,Avialae,Theropoda,Saurischia,Carnivore,Barremian,Barremian,Lower Cretaceous,Lower Cretaceous,125.77,121.4,4.36999999999999
Changchengornis hengdaoziensis,Changchengornis,Confuciusornithidae,Avialae,Theropoda,Saurischia,Carnivore,Barremian,Aptian,Lower Cretaceous,Lower Cretaceous,125.77,119.5,6.269999999999996
Confuciusornis dui,Confuciusornis,Confuciusornithidae,Avialae,Theropoda,Saurischia,Carnivore,Barremian,Aptian,Lower Cretaceous,Lower Cretaceous,125.77,119.5,6.269999999999996
Confuciusornis sanctus,Confuciusornis,Confuciusornithidae,Avialae,Theropoda,Saurischia,Carnivore,Barremian,Aptian,Lower Cretaceous,Lower Cretaceous,125.77,113.0,12.769999999999996
Eoconfuciusornis zhengi,Eoconfuciusornis,,Avialae,Theropoda,Saurischia,Carnivore,Hauterivian,Barremian,Lower Cretaceous,Lower Cretaceous,132.6,121.4,11.199999999999989
Jibeinia luanhera,Jibeinia,,Avialae,Theropoda,Saurischia,Carnivore,Barremian,Aptian,Lower Cretaceous,Lower Cretaceous,125.77,119.5,6.269999999999996
Yangavis confucii,Yangavis,Confuciusornithidae,Avialae,Theropoda,Saurischia,Carnivore,Aptian,Aptian,Lower Cretaceous,Lower Cretaceous,121.4,113.0,8.400000000000006
Chongmingia zhengi,Chongmingia,Jinguofortisidae,Avialae,Theropoda,Saurischia,Carnivore,Aptian,Aptian,Lower Cretaceous,Lower Cretaceous,121.4,113.0,8.400000000000006
Cratonavis zhui,Cratonavis,Jinguofortisidae,Avialae,Theropoda,Saurischia,Carnivore,Aptian,Aptian,Lower Cretaceous,Lower Cretaceous,121.4,113.0,8.400000000000006
Jinguofortis perplexus,Jinguofortis,Jinguofortisidae,Avialae,Theropoda,Saurischia,Carnivore,Barremian,Barremian,Lower Cretaceous,Lower Cretaceous,125.77,121.4,4.36999999999999
Sapeornis chaoyangensis,Sapeornis,Omnivoropterygidae,Avialae,Theropoda,Saurischia,Carnivore,Barremian,Aptian,Lower Cretaceous,Lower Cretaceous,125.77,113.0,12.769999999999996
Gallornis straeleni,Gallornis,Zhyraornithidae,Avialae,Theropoda,Saurischia,Carnivore,Hauterivian,Hauterivian,Lower Cretaceous,Lower Cretaceous,132.6,125.77,6.829999999999998
Torotix clemensi,Torotix,Torotigidae,Avialae,Theropoda,Saurischia,Carnivore,Maastrichtian,Maastrichtian,Upper Cretaceous,Upper Cretaceous,72.1,66.0,6.099999999999994
Tytthostonyx glauconiticus,Tytthostonyx,Tytthostonychidae,Avialae,Theropoda,Saurischia,Carnivore,Maastrichtian,Maastrichtian,Upper Cretaceous,Upper Cretaceous,72.1,61.6,10.499999999999993
Lonchodytes estesi,Lonchodytes,Tytthostonychidae,Avialae,Theropoda,Saurischia,Carnivore,Maastrichtian,Maastrichtian,Upper Cretaceous,Upper Cretaceous,72.1,66.0,6.099999999999994
Horezmavis eocretacea,Horezmavis,,,,,Carnivore,Cenomanian,Cenomanian,Upper Cretaceous,Upper Cretaceous,100.5,93.9,6.599999999999994
Maaqwi cascadensis,Maaqwi,Vegaviidae,Avialae,Theropoda,Saurischia,Herbivore,Campanian,Campanian,Upper Cretaceous,Upper Cretaceous,83.6,72.1,11.5
Neogaeornis wetzeli,Neogaeornis,Vegaviidae,Avialae,Theropoda,Saurischia,Herbivore,Maastrichtian,Maastrichtian,Upper Cretaceous,Upper Cretaceous,72.1,66.0,6.099999999999994
Polarornis gregorii,Polarornis,Vegaviidae,Avialae,Theropoda,Saurischia,Herbivore,Maastrichtian,Maastrichtian,Upper Cretaceous,Upper Cretaceous,72.1,66.0,6.099999999999994
Teviornis gobiensis,Teviornis,Presbyornithidae,Avialae,Theropoda,Saurischia,Herbivore,Maastrichtian,Maastrichtian,Upper Cretaceous,Upper Cretaceous,72.1,66.0,6.099999999999994
Anatalavis rex,Anatalavis,Presbyornithidae,Avialae,Theropoda,Saurischia,Herbivore,Maastrichtian,Maastrichtian,Upper Cretaceous,Upper Cretaceous,72.1,66.0,6.099999999999994
Vegavis iaai,Vegavis,Vegaviidae,Avialae,Theropoda,Saurischia,Herbivore,Maastrichtian,Maastrichtian,Upper Cretaceous,Upper Cretaceous,72.1,66.0,6.099999999999994
Asteriornis maastrichtensis,Asteriornis,Vegaviidae,Avialae,Theropoda,Saurischia,Carnivore,Maastrichtian,Maastrichtian,Upper Cretaceous,Upper Cretaceous,72.1,66.0,6.099999999999994
Praeornis sharovi,Praeornis,Praeornithidae,Avialae,Theropoda,Saurischia,Carnivore,Oxfordian,Oxfordian,Upper Jurassic,Upper Jurassic,161.5,154.8,6.699999999999989
Ceramornis major,Ceramornis,Cimolopterygidae,Avialae,Theropoda,Saurischia,Carnivore,Maastrichtian,Maastrichtian,Upper Cretaceous,Upper Cretaceous,72.1,66.0,6.099999999999994
Cimolopteryx maxima,Cimolopteryx,Cimolopterygidae,Avialae,Theropoda,Saurischia,Carnivore,Maastrichtian,Maastrichtian,Upper Cretaceous,Upper Cretaceous,72.1,66.0,6.099999999999994
Cimolopteryx rara,Cimolopteryx,Cimolopterygidae,Avialae,Theropoda,Saurischia,Carnivore,Maastrichtian,Maastrichtian,Upper Cretaceous,Upper Cretaceous,72.1,66.0,6.099999999999994
Lamarqueavis australis,Lamarqueavis,Cimolopterygidae,Avialae,Theropoda,Saurischia,Carnivore,Campanian,Maastrichtian,Upper Cretaceous,Upper Cretaceous,83.6,66.0,17.599999999999994
Lamarqueavis minima,Lamarqueavis,Cimolopterygidae,Avialae,Theropoda,Saurischia,Carnivore,Maastrichtian,Maastrichtian,Upper Cretaceous,Upper Cretaceous,72.1,66.0,6.099999999999994
Lamarqueavis petra,Lamarqueavis,Cimolopterygidae,Avialae,Theropoda,Saurischia,Carnivore,Maastrichtian,Maastrichtian,Upper Cretaceous,Upper Cretaceous,72.1,66.0,6.099999999999994
Laornis edvardsianus,Laornis,Laornithidae,Avialae,Theropoda,Saurischia,Carnivore,Maastrichtian,Maastrichtian,Upper Cretaceous,Upper Cretaceous,72.1,66.0,6.099999999999994
Palaeotringa littoralis,Palaeotringa,Laornithidae,Avialae,Theropoda,Saurischia,Carnivore,Maastrichtian,Maastrichtian,Upper Cretaceous,Upper Cretaceous,72.1,61.6,10.499999999999993
Palaeotringa vagans,Palaeotringa,Laornithidae,Avialae,Theropoda,Saurischia,Carnivore,Maastrichtian,Maastrichtian,Upper Cretaceous,Upper Cretaceous,72.1,66.0,6.099999999999994
Graculavus augustus,Graculavus,Laornithidae,Avialae,Theropoda,Saurischia,Carnivore,Maastrichtian,Maastrichtian,Upper Cretaceous,Upper Cretaceous,72.1,66.0,6.099999999999994
Graculavus velox,Graculavus,Laornithidae,Avialae,Theropoda,Saurischia,Carnivore,Maastrichtian,Maastrichtian,Upper Cretaceous,Upper Cretaceous,72.1,61.6,10.499999999999993
Telmatornis priscus,Telmatornis,Laornithidae,Avialae,Theropoda,Saurischia,Carnivore,Maastrichtian,Maastrichtian,Upper Cretaceous,Upper Cretaceous,72.1,61.6,10.499999999999993
Volgavis marina,Volgavis,,,,,Carnivore,Maastrichtian,Maastrichtian,Upper Cretaceous,Upper Cretaceous,72.1,66.0,6.099999999999994
Mystiornis cyrili,Mystiornis,Avisauridae,Avialae,Theropoda,Saurischia,Carnivore,Aptian,Aptian,Lower Cretaceous,Lower Cretaceous,121.4,113.0,8.400000000000006
Omnivoropteryx sinousaorum,Omnivoropteryx,Omnivoropterygidae,Avialae,Theropoda,Saurischia,Carnivore,Aptian,Aptian,Lower Cretaceous,Lower Cretaceous,121.4,113.0,8.400000000000006
Yandangornis longicaudus,Yandangornis,Yandangithidae,Avialae,Theropoda,Saurischia,Carnivore,Campanian,Campanian,Upper Cretaceous,Upper Cretaceous,83.6,72.1,11.5
Ignotornis yangi,Ignotornis,Laornithidae,Avialae,Theropoda,Saurischia,Carnivore,Aptian,Albian,Lower Cretaceous,Lower Cretaceous,121.4,100.5,20.900000000000006
Jeholornis curvipes,Jeholornis,Jeholornithidae,Avialae,Theropoda,Saurischia,Carnivore,Barremian,Aptian,Lower Cretaceous,Lower Cretaceous,125.77,119.5,6.269999999999996
Jeholornis palmapenis,Jeholornis,Jeholornithidae,Avialae,Theropoda,Saurischia,Carnivore,Aptian,Aptian,Lower Cretaceous,Lower Cretaceous,121.4,113.0,8.400000000000006
Jeholornis prima,Jeholornis,Jeholornithidae,Avialae,Theropoda,Saurischia,Carnivore,Aptian,Aptian,Lower Cretaceous,Lower Cretaceous,121.4,113.0,8.400000000000006
Jixiangornis orientalis,Jixiangornis,,Avialae,Theropoda,Saurischia,Carnivore,Barremian,Aptian,Lower Cretaceous,Lower Cretaceous,125.77,119.5,6.269999999999996
Platanavis nana,Platanavis,,,,,Carnivore,Turonian,Turonian,Upper Cretaceous,Upper Cretaceous,93.9,89.8,4.1000000000000085
Proornis coreae,Proornis,Proornithidae,Avialae,Theropoda,Saurischia,Carnivore,Berriasian,Albian,Lower Cretaceous,Lower Cretaceous,145.0,100.5,44.5
Shenzhouraptor sinensis,Shenzhouraptor,Jeholornithidae,Avialae,Theropoda,Saurischia,Carnivore,Barremian,Aptian,Lower Cretaceous,Lower Cretaceous,125.77,119.5,6.269999999999996
Yacoraitichnus avis,Yacoraitichnus,,,,,Carnivore,Maastrichtian,Maastrichtian,Upper Cretaceous,Upper Cretaceous,72.1,66.0,6.099999999999994
Caihong juji,Caihong,Anchiornithidae,Non-Avian,Theropoda,Saurischia,Carnivore,Oxfordian,Oxfordian,Upper Jurassic,Upper Jurassic,161.5,154.8,6.699999999999989
Eosinopteryx brevipenna,Eosinopteryx,Anchiornithidae,Non-Avian,Theropoda,Saurischia,Carnivore,Bathonian,Kimmeridgian,Middle Jurassic,Upper Jurassic,168.2,152.2,16.0
Epidendrosaurus ningchengensis,Epidendrosaurus,Scansoriopterygidae,Non-Avian,Theropoda,Saurischia,Carnivore,Callovian,Callovian,Middle Jurassic,Middle Jurassic,165.3,161.5,3.8000000000000114
Epidexipteryx hui,Epidexipteryx,Scansoriopterygidae,Non-Avian,Theropoda,Saurischia,Carnivore,Callovian,Callovian,Middle Jurassic,Middle Jurassic,165.3,161.5,3.8000000000000114
Overoraptor chimentoi,Overoraptor,,Non-Avian,Theropoda,Saurischia,Carnivore,Cenomanian,Turonian,Upper Cretaceous,Upper Cretaceous,100.5,89.8,10.700000000000003
Paronychodon asiaticus,Paronychodon,Troodontidae,Non-Avian,Theropoda,Saurischia,Carnivore,Cenomanian,Turonian,Upper Cretaceous,Upper Cretaceous,100.5,89.8,10.700000000000003
Pedopenna daohugouensis,Pedopenna,Anchiornithidae,Non-Avian,Theropoda,Saurischia,Carnivore,Callovian,Callovian,Middle Jurassic,Middle Jurassic,165.3,161.5,3.8000000000000114
Pneumatoraptor fodori,Pneumatoraptor,,Non-Avian,Theropoda,Saurischia,Carnivore,Santonian,Santonian,Upper Cretaceous,Upper Cretaceous,86.3,83.6,2.700000000000003
Serikornis sungei,Serikornis,Anchiornithidae,Non-Avian,Theropoda,Saurischia,Carnivore,Oxfordian,Oxfordian,Upper Jurassic,Upper Jurassic,161.5,154.8,6.699999999999989
Zhongornis haoae,Zhongornis,,Avialae,Theropoda,Saurischia,Carnivore,Barremian,Aptian,Lower Cretaceous,Lower Cretaceous,125.77,119.5,6.269999999999996
Ambopteryx longibrachium,Ambopteryx,Scansoriopterygidae,Non-Avian,Theropoda,Saurischia,Carnivore,Oxfordian,Tithonian,Upper Jurassic,Upper Jurassic,161.5,145.0,16.5
Scansoriopteryx heilmanni,Scansoriopteryx,Scansoriopterygidae,Non-Avian,Theropoda,Saurischia,Carnivore,Barremian,Aptian,Lower Cretaceous,Lower Cretaceous,125.77,119.5,6.269999999999996
Yi qi,Yi,Scansoriopterygidae,Non-Avian,Theropoda,Saurischia,Carnivore,Callovian,Oxfordian,Middle Jurassic,Upper Jurassic,165.3,154.8,10.5
Migmanychion laiyang,Migmanychion,,Non-Avian,Theropoda,Saurischia,Carnivore,Aptian,Aptian,Lower Cretaceous,Lower Cretaceous,121.4,119.5,1.9000000000000057
Yixianosaurus longimanus,Yixianosaurus,,Non-Avian,Theropoda,Saurischia,Carnivore,Barremian,Aptian,Lower Cretaceous,Lower Cretaceous,125.77,119.5,6.269999999999996
Deinocheirus mirificus,Deinocheirus,Deinocheiridae,Non-Avian,Theropoda,Saurischia,"Herbivore, omnivore",Maastrichtian,Maastrichtian,Upper Cretaceous,Upper Cretaceous,72.1,66.0,6.099999999999994
Garudimimus brevipes,Garudimimus,,Non-Avian,Theropoda,Saurischia,"Herbivore, omnivore",Cenomanian,Santonian,Upper Cretaceous,Upper Cretaceous,100.5,83.6,16.900000000000006
Harpymimus okladnikovi,Harpymimus,Harpymimidae,Non-Avian,Theropoda,Saurischia,"Herbivore, omnivore",Albian,Albian,Lower Cretaceous,Lower Cretaceous,109.9,100.5,9.400000000000006
Paraxenisaurus normalensis,Paraxenisaurus,Deinocheiridae,Non-Avian,Theropoda,Saurischia,"Herbivore, omnivore",Campanian,Campanian,Upper Cretaceous,Upper Cretaceous,83.6,72.1,11.5
Tyrannomimus fukuiensis,Tyrannomimus,Deinocheiridae,Non-Avian,Theropoda,Saurischia,"Herbivore, omnivore",Aptian,Aptian,Lower Cretaceous,Lower Cretaceous,121.4,113.0,8.400000000000006
Lepidocheirosaurus natatilis,Lepidocheirosaurus,,,Neornithischia,Ornithischia,"Herbivore, omnivore",Bathonian,Tithonian,Middle Jurassic,Upper Jurassic,168.2,145.0,23.19999999999999
Aepyornithomimus tugrikinensis,Aepyornithomimus,Ornithomimidae,Non-Avian,Theropoda,Saurischia,"Herbivore, omnivore",Campanian,Campanian,Upper Cretaceous,Upper Cretaceous,83.6,72.1,11.5
Anserimimus planinychus,Anserimimus,Ornithomimidae,Non-Avian,Theropoda,Saurischia,"Herbivore, omnivore",Maastrichtian,Maastrichtian,Upper Cretaceous,Upper Cretaceous,72.1,66.0,6.099999999999994
Archaeornithomimus asiaticus,Archaeornithomimus,Ornithomimidae,Non-Avian,Theropoda,Saurischia,"Herbivore, omnivore",Coniacian,Campanian,Upper Cretaceous,Upper Cretaceous,89.8,72.1,17.700000000000003
Dromiceiomimus brevitertius,Dromiceiomimus,Ornithomimidae,Non-Avian,Theropoda,Saurischia,"Herbivore, omnivore",Maastrichtian,Maastrichtian,Upper Cretaceous,Upper Cretaceous,72.1,66.0,6.099999999999994
Gallimimus bullatus,Gallimimus,Ornithomimidae,Non-Avian,Theropoda,Saurischia,"Herbivore, omnivore",Maastrichtian,Maastrichtian,Upper Cretaceous,Upper Cretaceous,72.1,66.0,6.099999999999994
Ornithomimus edmontonicus,Ornithomimus,Ornithomimidae,Non-Avian,Theropoda,Saurischia,"Herbivore, omnivore",Campanian,Maastrichtian,Upper Cretaceous,Upper Cretaceous,83.6,66.0,17.599999999999994
Ornithomimus minutus,Ornithomimus,Ornithomimidae,Non-Avian,Theropoda,Saurischia,"Herbivore, omnivore",Maastrichtian,Maastrichtian,Upper Cretaceous,Upper Cretaceous,72.1,66.0,6.099999999999994
Ornithomimus tenuis,Ornithomimus,Ornithomimidae,Non-Avian,Theropoda,Saurischia,"Herbivore, omnivore",Campanian,Campanian,Upper Cretaceous,Upper Cretaceous,83.6,72.1,11.5
Ornithomimus velox,Ornithomimus,Ornithomimidae,Non-Avian,Theropoda,Saurischia,"Herbivore, omnivore",Maastrichtian,Maastrichtian,Upper Cretaceous,Upper Cretaceous,72.1,66.0,6.099999999999994
Qiupalong henanensis,Qiupalong,Ornithomimidae,Non-Avian,Theropoda,Saurischia,"Herbivore, omnivore",Maastrichtian,Maastrichtian,Upper Cretaceous,Upper Cretaceous,72.1,66.0,6.099999999999994
Rativates evadens,Rativates,Ornithomimidae,Non-Avian,Theropoda,Saurischia,"Herbivore, omnivore",Campanian,Campanian,Upper Cretaceous,Upper Cretaceous,83.6,72.1,11.5
Sinornithomimus dongi,Sinornithomimus,Ornithomimidae,Non-Avian,Theropoda,Saurischia,"Herbivore, omnivore",Turonian,Turonian,Upper Cretaceous,Upper Cretaceous,93.9,89.8,4.1000000000000085
Struthiomimus altus,Struthiomimus,Ornithomimidae,Non-Avian,Theropoda,Saurischia,"Herbivore, omnivore",Campanian,Campanian,Upper Cretaceous,Upper Cretaceous,83.6,72.1,11.5
Tototlmimus packardensis,Tototlmimus,Ornithomimidae,Non-Avian,Theropoda,Saurischia,"Herbivore, omnivore",Campanian,Campanian,Upper Cretaceous,Upper Cretaceous,83.6,72.1,11.5
Afromimus tenerensis,Afromimus,Noasauridae,Non-Avian,Theropoda,Saurischia,"Herbivore, omnivore",Albian,Albian,Lower Cretaceous,Lower Cretaceous,113.0,100.5,12.5
Arkansaurus fridayi,Arkansaurus,,Non-Avian,Theropoda,Saurischia,"Herbivore, omnivore",Albian,Albian,Lower Cretaceous,Lower Cretaceous,113.0,100.5,12.5
Aviatyrannis jurassica,Aviatyrannis,,Non-Avian,Theropoda,Saurischia,"Herbivore, omnivore",Kimmeridgian,Kimmeridgian,Upper Jurassic,Upper Jurassic,154.8,149.2,5.600000000000023
Beishanlong grandis,Beishanlong,Deinocheiridae,Non-Avian,Theropoda,Saurischia,"Herbivore, omnivore",Aptian,Aptian,Lower Cretaceous,Lower Cretaceous,121.4,113.0,8.400000000000006
Hexing qingyi,Hexing,,Non-Avian,Theropoda,Saurischia,"Herbivore, omnivore",Barremian,Aptian,Lower Cretaceous,Lower Cretaceous,125.77,119.5,6.269999999999996
Kinnareemimus khonkaenensis,Kinnareemimus,,Non-Avian,Theropoda,Saurischia,"Herbivore, omnivore",Barremian,Barremian,Lower Cretaceous,Lower Cretaceous,125.77,121.4,4.36999999999999
Nqwebasaurus thwazi,Nqwebasaurus,,Non-Avian,Theropoda,Saurischia,"Herbivore, omnivore",Berriasian,Valanginian,Lower Cretaceous,Lower Cretaceous,145.0,132.6,12.400000000000006
Pelecanimimus polyodon,Pelecanimimus,,Non-Avian,Theropoda,Saurischia,"Herbivore, omnivore",Barremian,Barremian,Lower Cretaceous,Lower Cretaceous,125.77,121.4,4.36999999999999
Shenzhousaurus orientalis,Shenzhousaurus,,Non-Avian,Theropoda,Saurischia,"Herbivore, omnivore",Barremian,Aptian,Lower Cretaceous,Lower Cretaceous,125.77,119.5,6.269999999999996
Enigmosaurus mongoliensis,Enigmosaurus,,Non-Avian,Theropoda,Saurischia,Herbivore,Cenomanian,Santonian,Upper Cretaceous,Upper Cretaceous,100.5,83.6,16.900000000000006
Erliansaurus bellamanus,Erliansaurus,Therizinosauridae,Non-Avian,Theropoda,Saurischia,Herbivore,Campanian,Campanian,Upper Cretaceous,Upper Cretaceous,83.6,72.1,11.5
Eshanosaurus deguchiianus,Eshanosaurus,,Non-Avian,Theropoda,Saurischia,Herbivore,Hettangian,Hettangian,Lower Jurassic,Lower Jurassic,201.4,199.5,1.9000000000000057
Nanshiungosaurus bohlini,Nanshiungosaurus,Therizinosauridae,Non-Avian,Theropoda,Saurischia,Herbivore,Albian,Albian,Lower Cretaceous,Lower Cretaceous,113.0,109.9,3.0999999999999943
Nanshiungosaurus brevispinus,Nanshiungosaurus,Therizinosauridae,Non-Avian,Theropoda,Saurischia,Herbivore,Maastrichtian,Maastrichtian,Upper Cretaceous,Upper Cretaceous,72.1,66.0,6.099999999999994
Neimongosaurus yangi,Neimongosaurus,Therizinosauridae,Non-Avian,Theropoda,Saurischia,Herbivore,Campanian,Campanian,Upper Cretaceous,Upper Cretaceous,83.6,72.1,11.5
Nothronychus graffami,Nothronychus,Therizinosauridae,Non-Avian,Theropoda,Saurischia,Herbivore,Turonian,Turonian,Upper Cretaceous,Upper Cretaceous,93.9,89.8,4.1000000000000085
Nothronychus mckinleyi,Nothronychus,Therizinosauridae,Non-Avian,Theropoda,Saurischia,Herbivore,Turonian,Turonian,Upper Cretaceous,Upper Cretaceous,93.9,89.8,4.1000000000000085
Paralitherizinosaurus japonicus,Paralitherizinosaurus,Therizinosauridae,Non-Avian,Theropoda,Saurischia,Herbivore,Campanian,Campanian,Upper Cretaceous,Upper Cretaceous,83.6,72.1,11.5
Segnosaurus galbinensis,Segnosaurus,Therizinosauridae,Non-Avian,Theropoda,Saurischia,Herbivore,Cenomanian,Santonian,Upper Cretaceous,Upper Cretaceous,100.5,83.6,16.900000000000006
Suzhousaurus megatherioides,Suzhousaurus,,Non-Avian,Theropoda,Saurischia,Herbivore,Aptian,Albian,Lower Cretaceous,Lower Cretaceous,121.4,109.9,11.5
Therizinosaurus cheloniformis,Therizinosaurus,Therizinosauridae,Non-Avian,Theropoda,Saurischia,Herbivore,Maastrichtian,Maastrichtian,Upper Cretaceous,Upper Cretaceous,72.1,66.0,6.099999999999994
Alxasaurus elesitaiensis,Alxasaurus,,Non-Avian,Theropoda,Saurischia,Herbivore,Aptian,Aptian,Lower Cretaceous,Lower Cretaceous,121.4,113.0,8.400000000000006
Beipiaosaurus inexpectus,Beipiaosaurus,,Non-Avian,Theropoda,Saurischia,Herbivore,Barremian,Aptian,Lower Cretaceous,Lower Cretaceous,125.77,119.5,6.269999999999996
Martharaptor greenriverensis,Martharaptor,,Non-Avian,Theropoda,Saurischia,Herbivore,Valanginian,Valanginian,Lower Cretaceous,Lower Cretaceous,139.8,132.6,7.200000000000017
Erlikosaurus andrewsi,Erlikosaurus,Therizinosauridae,Non-Avian,Theropoda,Saurischia,Carnivore,Cenomanian,Santonian,Upper Cretaceous,Upper Cretaceous,100.5,83.6,16.900000000000006
Falcarius utahensis,Falcarius,,Non-Avian,Theropoda,Saurischia,Carnivore,Berriasian,Valanginian,Lower Cretaceous,Lower Cretaceous,145.0,132.6,12.400000000000006
Fukuivenator paradoxus,Fukuivenator,,Non-Avian,Theropoda,Saurischia,Carnivore,Aptian,Aptian,Lower Cretaceous,Lower Cretaceous,121.4,113.0,8.400000000000006
Jianchangosaurus yixianensis,Jianchangosaurus,,Non-Avian,Theropoda,Saurischia,Carnivore,Barremian,Aptian,Lower Cretaceous,Lower Cretaceous,125.77,119.5,6.269999999999996
Lingyuanosaurus sihedangensis,Lingyuanosaurus,,Non-Avian,Theropoda,Saurischia,Carnivore,Aptian,Aptian,Lower Cretaceous,Lower Cretaceous,121.4,113.0,8.400000000000006
Aerosteon riocoloradensis,Aerosteon,Megaraptoridae,Non-Avian,Theropoda,Saurischia,Carnivore,Campanian,Campanian,Upper Cretaceous,Upper Cretaceous,83.6,72.1,11.5
Australovenator wintonensis,Australovenator,Megaraptoridae,Non-Avian,Theropoda,Saurischia,Carnivore,Barremian,Turonian,Lower Cretaceous,Upper Cretaceous,125.77,89.8,35.97
Maip macrothorax,Maip,Megaraptoridae,Non-Avian,Theropoda,Saurischia,Carnivore,Maastrichtian,Maastrichtian,Upper Cretaceous,Upper Cretaceous,72.1,66.0,6.099999999999994
Megaraptor namunhuaiquii,Megaraptor,Megaraptoridae,Non-Avian,Theropoda,Saurischia,Carnivore,Turonian,Coniacian,Upper Cretaceous,Upper Cretaceous,93.9,86.3,7.6000000000000085
Murusraptor barrosaensis,Murusraptor,Megaraptoridae,Non-Avian,Theropoda,Saurischia,Carnivore,Coniacian,Coniacian,Upper Cretaceous,Upper Cretaceous,89.8,86.3,3.5
Orkoraptor burkei,Orkoraptor,Megaraptoridae,Non-Avian,Theropoda,Saurischia,Carnivore,Campanian,Campanian,Upper Cretaceous,Upper Cretaceous,83.6,72.1,11.5
Tratayenia rosalesi,Tratayenia,Megaraptoridae,Non-Avian,Theropoda,Saurischia,Carnivore,Santonian,Santonian,Upper Cretaceous,Upper Cretaceous,86.3,83.6,2.700000000000003
Aoniraptor libertatem,Aoniraptor,,Non-Avian,Theropoda,Saurischia,Carnivore,Cenomanian,Turonian,Upper Cretaceous,Upper Cretaceous,100.5,89.8,10.700000000000003
Phuwiangvenator yaemniyomi,Phuwiangvenator,,Non-Avian,Theropoda,Saurischia,Carnivore,Barremian,Barremian,Lower Cretaceous,Lower Cretaceous,125.77,121.4,4.36999999999999
Siats meekerorum,Siats,Megaraptoridae,Non-Avian,Theropoda,Saurischia,Carnivore,Cenomanian,Cenomanian,Upper Cretaceous,Upper Cretaceous,100.5,93.9,6.599999999999994
Vayuraptor nongbualamphuensis,Vayuraptor,,Non-Avian,Theropoda,Saurischia,Carnivore,Barremian,Barremian,Lower Cretaceous,Lower Cretaceous,125.77,121.4,4.36999999999999
Guanlong wucaii,Guanlong,Proceratosauridae,Non-Avian,Theropoda,Saurischia,Carnivore,Oxfordian,Oxfordian,Upper Jurassic,Upper Jurassic,161.5,154.8,6.699999999999989
Kileskus aristotocus,Kileskus,Proceratosauridae,Non-Avian,Theropoda,Saurischia,Carnivore,Bathonian,Bathonian,Middle Jurassic,Middle Jurassic,168.2,165.3,2.8999999999999773
Proceratosaurus bradleyi,Proceratosaurus,Proceratosauridae,Non-Avian,Theropoda,Saurischia,Carnivore,Bathonian,Bathonian,Middle Jurassic,Middle Jurassic,168.2,165.3,2.8999999999999773
Sinotyrannus kazuoensis,Sinotyrannus,Proceratosauridae,Non-Avian,Theropoda,Saurischia,Carnivore,Aptian,Aptian,Lower Cretaceous,Lower Cretaceous,121.4,113.0,8.400000000000006
Yutyrannus huali,Yutyrannus,Proceratosauridae,Non-Avian,Theropoda,Saurischia,Carnivore,Barremian,Aptian,Lower Cretaceous,Lower Cretaceous,125.77,119.5,6.269999999999996
Daspletosaurus horneri,Daspletosaurus,Tyrannosauridae,Non-Avian,Theropoda,Saurischia,Carnivore,Campanian,Campanian,Upper Cretaceous,Upper Cretaceous,83.6,72.1,11.5
Daspletosaurus torosus,Daspletosaurus,Tyrannosauridae,Non-Avian,Theropoda,Saurischia,Carnivore,Campanian,Campanian,Upper Cretaceous,Upper Cretaceous,83.6,72.1,11.5
Daspletosaurus wilsoni,Daspletosaurus,Tyrannosauridae,Non-Avian,Theropoda,Saurischia,Carnivore,Campanian,Campanian,Upper Cretaceous,Upper Cretaceous,83.6,72.1,11.5
Thanatotheristes degrootorum,Thanatotheristes,Tyrannosauridae,Non-Avian,Theropoda,Saurischia,Carnivore,Campanian,Campanian,Upper Cretaceous,Upper Cretaceous,83.6,72.1,11.5
Alioramus remotus,Alioramus,Tyrannosauridae,Non-Avian,Theropoda,Saurischia,Carnivore,Maastrichtian,Maastrichtian,Upper Cretaceous,Upper Cretaceous,72.1,66.0,6.099999999999994
Alioramus sinensis,Alioramus,Tyrannosauridae,Non-Avian,Theropoda,Saurischia,Carnivore,Maastrichtian,Maastrichtian,Upper Cretaceous,Upper Cretaceous,72.1,66.0,6.099999999999994
Asiatyrannus xui,Asiatyrannus,Tyrannosauridae,Non-Avian,Theropoda,Saurischia,Carnivore,Maastrichtian,Maastrichtian,Upper Cretaceous,Upper Cretaceous,72.1,66.0,6.099999999999994
Dynamoterror dynastes,Dynamoterror,Tyrannosauridae,Non-Avian,Theropoda,Saurischia,Carnivore,Campanian,Campanian,Upper Cretaceous,Upper Cretaceous,83.6,72.1,11.5
Lythronax argestes,Lythronax,Tyrannosauridae,Non-Avian,Theropoda,Saurischia,Carnivore,Campanian,Campanian,Upper Cretaceous,Upper Cretaceous,83.6,72.1,11.5
Nanuqsaurus hoglundi,Nanuqsaurus,Tyrannosauridae,Non-Avian,Theropoda,Saurischia,Carnivore,Maastrichtian,Maastrichtian,Upper Cretaceous,Upper Cretaceous,72.1,66.0,6.099999999999994
Teratophoneus curriei,Teratophoneus,Tyrannosauridae,Non-Avian,Theropoda,Saurischia,Carnivore,Campanian,Campanian,Upper Cretaceous,Upper Cretaceous,83.6,72.1,11.5
Tyrannosaurus mcraeensis,Tyrannosaurus,Tyrannosauridae,Non-Avian,Theropoda,Saurischia,Carnivore,Campanian,Maastrichtian,Upper Cretaceous,Upper Cretaceous,83.6,66.0,17.599999999999994
Tyrannosaurus rex,Tyrannosaurus,Tyrannosauridae,Non-Avian,Theropoda,Saurischia,Carnivore,Campanian,Maastrichtian,Upper Cretaceous,Upper Cretaceous,83.6,66.0,17.599999999999994
Zhuchengtyrannus magnus,Zhuchengtyrannus,Tyrannosauridae,Non-Avian,Theropoda,Saurischia,Carnivore,Campanian,Campanian,Upper Cretaceous,Upper Cretaceous,83.6,72.1,11.5
Albertosaurus sarcophagus,Albertosaurus,Tyrannosauridae,Non-Avian,Theropoda,Saurischia,Carnivore,Campanian,Maastrichtian,Upper Cretaceous,Upper Cretaceous,83.6,66.0,17.599999999999994
Bagaraatan ostromi,Bagaraatan,,Non-Avian,Theropoda,Saurischia,Carnivore,Maastrichtian,Maastrichtian,Upper Cretaceous,Upper Cretaceous,72.1,66.0,6.099999999999994
Gorgosaurus libratus,Gorgosaurus,Tyrannosauridae,Non-Avian,Theropoda,Saurischia,Carnivore,Campanian,Campanian,Upper Cretaceous,Upper Cretaceous,83.6,72.1,11.5
Tarbosaurus bataar,Tarbosaurus,Tyrannosauridae,Non-Avian,Theropoda,Saurischia,Carnivore,Coniacian,Maastrichtian,Upper Cretaceous,Upper Cretaceous,89.8,66.0,23.799999999999997
Yezosaurus mikasaensis,Yezosaurus,,,,,Carnivore,Santonian,Campanian,Upper Cretaceous,Upper Cretaceous,86.3,72.1,14.200000000000003
Alectrosaurus olseni,Alectrosaurus,,Non-Avian,Theropoda,Saurischia,Carnivore,Campanian,Campanian,Upper Cretaceous,Upper Cretaceous,83.6,72.1,11.5
Appalachiosaurus montgomeriensis,Appalachiosaurus,,Non-Avian,Theropoda,Saurischia,Carnivore,Santonian,Maastrichtian,Upper Cretaceous,Upper Cretaceous,86.3,66.0,20.299999999999997
Bistahieversor sealeyi,Bistahieversor,,Non-Avian,Theropoda,Saurischia,Carnivore,Campanian,Campanian,Upper Cretaceous,Upper Cretaceous,83.6,72.1,11.5
Calamosaurus foxi,Calamosaurus,Compsognathidae,Non-Avian,Theropoda,Saurischia,Carnivore,Barremian,Aptian,Lower Cretaceous,Lower Cretaceous,125.77,119.5,6.269999999999996
Dilong paradoxus,Dilong,,Non-Avian,Theropoda,Saurischia,Carnivore,Barremian,Aptian,Lower Cretaceous,Lower Cretaceous,125.77,119.5,6.269999999999996
Dryptosaurus aquilunguis,Dryptosaurus,Dryptosauridae,Non-Avian,Theropoda,Saurischia,Carnivore,Campanian,Maastrichtian,Upper Cretaceous,Upper Cretaceous,83.6,66.0,17.599999999999994
Eotyrannus lengi,Eotyrannus,,Non-Avian,Theropoda,Saurischia,Carnivore,Hauterivian,Barremian,Lower Cretaceous,Lower Cretaceous,132.6,121.4,11.199999999999989
Gualicho shinyae,Gualicho,,Non-Avian,Theropoda,Saurischia,Carnivore,Cenomanian,Turonian,Upper Cretaceous,Upper Cretaceous,100.5,89.8,10.700000000000003
Jinbeisaurus wangi,Jinbeisaurus,,Non-Avian,Theropoda,Saurischia,Carnivore,Cenomanian,Campanian,Upper Cretaceous,Upper Cretaceous,100.5,72.1,28.400000000000006
Juratyrant langhami,Juratyrant,Stokesosauridae,Non-Avian,Theropoda,Saurischia,Carnivore,Tithonian,Tithonian,Upper Jurassic,Upper Jurassic,146.3,145.0,1.3000000000000114
Labocania aguillonae,Labocania,Tyrannosauridae,Non-Avian,Theropoda,Saurischia,Carnivore,Campanian,Campanian,Upper Cretaceous,Upper Cretaceous,83.6,72.1,11.5
Labocania anomala,Labocania,Tyrannosauridae,Non-Avian,Theropoda,Saurischia,Carnivore,Santonian,Campanian,Upper Cretaceous,Upper Cretaceous,86.3,72.1,14.200000000000003
Moros intrepidus,Moros,,Non-Avian,Theropoda,Saurischia,Carnivore,Cenomanian,Cenomanian,Upper Cretaceous,Upper Cretaceous,100.5,93.9,6.599999999999994
Raptorex kriegsteini,Raptorex,Tyrannosauridae,Non-Avian,Theropoda,Saurischia,Carnivore,Barremian,Maastrichtian,Lower Cretaceous,Upper Cretaceous,125.77,66.0,59.769999999999996
Santanaraptor placidus,Santanaraptor,,Non-Avian,Theropoda,Saurischia,Carnivore,Aptian,Aptian,Lower Cretaceous,Lower Cretaceous,119.5,113.0,6.5
Stokesosaurus clevelandi,Stokesosaurus,Stokesosauridae,Non-Avian,Theropoda,Saurischia,Carnivore,Kimmeridgian,Tithonian,Upper Jurassic,Upper Jurassic,154.8,145.0,9.800000000000011
Suskityrannus hazelae,Suskityrannus,,Non-Avian,Theropoda,Saurischia,Carnivore,Turonian,Turonian,Upper Cretaceous,Upper Cretaceous,93.9,89.8,4.1000000000000085
Timimus hermani,Timimus,,Non-Avian,Theropoda,Saurischia,Carnivore,Albian,Albian,Lower Cretaceous,Lower Cretaceous,113.0,109.9,3.0999999999999943
Timurlengia euotica,Timurlengia,,Non-Avian,Theropoda,Saurischia,Carnivore,Turonian,Turonian,Upper Cretaceous,Upper Cretaceous,93.9,89.8,4.1000000000000085
Xiongguanlong baimoensis,Xiongguanlong,,Non-Avian,Theropoda,Saurischia,Carnivore,Aptian,Aptian,Lower Cretaceous,Lower Cretaceous,121.4,113.0,8.400000000000006
Aniksosaurus darwini,Aniksosaurus,,Non-Avian,Theropoda,Saurischia,Carnivore,Cenomanian,Turonian,Upper Cretaceous,Upper Cretaceous,100.5,89.8,10.700000000000003
Aristosuchus pusillus,Aristosuchus,Compsognathidae,Non-Avian,Theropoda,Saurischia,Carnivore,Barremian,Aptian,Lower Cretaceous,Lower Cretaceous,125.77,119.5,6.269999999999996
Compsognathus longipes,Compsognathus,Compsognathidae,Non-Avian,Theropoda,Saurischia,"Carnivore, insectivore",Kimmeridgian,Tithonian,Upper Jurassic,Upper Jurassic,154.8,146.3,8.5
Huaxiagnathus orientalis,Huaxiagnathus,Compsognathidae,Non-Avian,Theropoda,Saurischia,Carnivore,Barremian,Aptian,Lower Cretaceous,Lower Cretaceous,125.77,119.5,6.269999999999996
Mirischia asymmetrica,Mirischia,Compsognathidae,Non-Avian,Theropoda,Saurischia,Carnivore,Aptian,Aptian,Lower Cretaceous,Lower Cretaceous,119.5,113.0,6.5
Ornitholestes hermanni,Ornitholestes,,Non-Avian,Theropoda,Saurischia,Carnivore,Kimmeridgian,Tithonian,Upper Jurassic,Upper Jurassic,154.8,145.0,9.800000000000011
Scipionyx samniticus,Scipionyx,,Non-Avian,Theropoda,Saurischia,Carnivore,Albian,Albian,Lower Cretaceous,Lower Cretaceous,113.0,109.9,3.0999999999999943
Sinocalliopteryx gigas,Sinocalliopteryx,Compsognathidae,Non-Avian,Theropoda,Saurischia,Carnivore,Barremian,Aptian,Lower Cretaceous,Lower Cretaceous,125.77,119.5,6.269999999999996
Xunmenglong yingliangis,Xunmenglong,Compsognathidae,Non-Avian,Theropoda,Saurischia,Carnivore,Hauterivian,Hauterivian,Lower Cretaceous,Lower Cretaceous,132.6,125.77,6.829999999999998
Aratasaurus museunacionali,Aratasaurus,,Non-Avian,Theropoda,Saurischia,Carnivore,Albian,Albian,Lower Cretaceous,Lower Cretaceous,113.0,109.9,3.0999999999999943
Bicentenaria argentina,Bicentenaria,,Non-Avian,Theropoda,Saurischia,Carnivore,Cenomanian,Cenomanian,Upper Cretaceous,Upper Cretaceous,100.5,93.9,6.599999999999994
Brasileosaurus pachecoi,Brasileosaurus,,,,,Carnivore,Campanian,Maastrichtian,Upper Cretaceous,Upper Cretaceous,83.6,66.0,17.599999999999994
Coelurus fragilis,Coelurus,Coeluridae,Non-Avian,Theropoda,Saurischia,Carnivore,Kimmeridgian,Tithonian,Upper Jurassic,Upper Jurassic,154.8,145.0,9.800000000000011
Juravenator starki,Juravenator,,Non-Avian,Theropoda,Saurischia,Carnivore,Kimmeridgian,Kimmeridgian,Upper Jurassic,Upper Jurassic,152.2,149.2,3.0
Kol ghuva,Kol,,Non-Avian,Theropoda,Saurischia,Carnivore,Campanian,Campanian,Upper Cretaceous,Upper Cretaceous,83.6,72.1,11.5
Lourinhanosaurus antunesi,Lourinhanosaurus,,Non-Avian,Theropoda,Saurischia,Carnivore,Kimmeridgian,Tithonian,Upper Jurassic,Upper Jurassic,152.2,146.3,5.899999999999977
Nedcolbertia justinhoffmanni,Nedcolbertia,,Non-Avian,Theropoda,Saurischia,Carnivore,Valanginian,Valanginian,Lower Cretaceous,Lower Cretaceous,139.8,132.6,7.200000000000017
Sinosauropteryx prima,Sinosauropteryx,Compsognathidae,Non-Avian,Theropoda,Saurischia,Carnivore,Barremian,Aptian,Lower Cretaceous,Lower Cretaceous,125.77,119.5,6.269999999999996
Tanycolagreus topwilsoni,Tanycolagreus,,Non-Avian,Theropoda,Saurischia,Carnivore,Kimmeridgian,Tithonian,Upper Jurassic,Upper Jurassic,154.8,145.0,9.800000000000011
Trisauropodiscus superavipes,Trisauropodiscus,,,,Ornithischia,Carnivore,Hettangian,Sinemurian,Lower Jurassic,Lower Jurassic,201.4,192.9,8.5
Xinjiangovenator parvus,Xinjiangovenator,,Non-Avian,Theropoda,Saurischia,Carnivore,Valanginian,Albian,Lower Cretaceous,Lower Cretaceous,139.8,100.5,39.30000000000001
Zuolong salleei,Zuolong,,Non-Avian,Theropoda,Saurischia,Carnivore,Oxfordian,Oxfordian,Upper Jurassic,Upper Jurassic,161.5,154.8,6.699999999999989
Bahariasaurus ingens,Bahariasaurus,Bahariasauridae,Non-Avian,Theropoda,Saurischia,Carnivore,Albian,Maastrichtian,Lower Cretaceous,Upper Cretaceous,113.0,66.0,47.0
Shanyangosaurus niupanggouensis,Shanyangosaurus,,Non-Avian,Theropoda,Saurischia,Carnivore,Maastrichtian,Maastrichtian,Upper Cretaceous,Upper Cretaceous,72.1,66.0,6.099999999999994
Saurophaganax maximus,Saurophaganax,,,,Saurischia,Carnivore,Kimmeridgian,Tithonian,Upper Jurassic,Upper Jurassic,152.2,145.0,7.199999999999989
Datanglong guangxiensis,Datanglong,,Non-Avian,Theropoda,Saurischia,Carnivore,Aptian,Aptian,Lower Cretaceous,Lower Cretaceous,121.4,113.0,8.400000000000006
Lusovenator santosi,Lusovenator,,Non-Avian,Theropoda,Saurischia,Carnivore,Kimmeridgian,Tithonian,Upper Jurassic,Upper Jurassic,152.2,145.0,7.199999999999989
Siamraptor suwati,Siamraptor,,Non-Avian,Theropoda,Saurischia,Carnivore,Aptian,Aptian,Lower Cretaceous,Lower Cretaceous,121.4,113.0,8.400000000000006
Ulughbegsaurus uzbekistanensis,Ulughbegsaurus,Carcharodontosauridae,Non-Avian,Theropoda,Saurischia,Carnivore,Turonian,Turonian,Upper Cretaceous,Upper Cretaceous,93.9,89.8,4.1000000000000085
Meraxes gigas,Meraxes,Carcharodontosauridae,Non-Avian,Theropoda,Saurischia,Carnivore,Cenomanian,Turonian,Upper Cretaceous,Upper Cretaceous,100.5,89.8,10.700000000000003
Tyrannotitan chubutensis,Tyrannotitan,Carcharodontosauridae,Non-Avian,Theropoda,Saurischia,Carnivore,Albian,Albian,Lower Cretaceous,Lower Cretaceous,113.0,100.5,12.5
Acrocanthosaurus atokensis,Acrocanthosaurus,Carcharodontosauridae,Non-Avian,Theropoda,Saurischia,Carnivore,Aptian,Cenomanian,Lower Cretaceous,Upper Cretaceous,121.4,93.9,27.5
Carcharodontosaurus iguidensis,Carcharodontosaurus,Carcharodontosauridae,Non-Avian,Theropoda,Saurischia,Carnivore,Cenomanian,Cenomanian,Upper Cretaceous,Upper Cretaceous,100.5,93.9,6.599999999999994
Carcharodontosaurus saharicus,Carcharodontosaurus,Carcharodontosauridae,Non-Avian,Theropoda,Saurischia,Carnivore,Berriasian,Cenomanian,Lower Cretaceous,Upper Cretaceous,145.0,93.9,51.099999999999994
Concavenator corcovatus,Concavenator,,Non-Avian,Theropoda,Saurischia,Carnivore,Barremian,Barremian,Lower Cretaceous,Lower Cretaceous,125.77,121.4,4.36999999999999
Eocarcharia dinops,Eocarcharia,,Non-Avian,Theropoda,Saurischia,Carnivore,Aptian,Albian,Lower Cretaceous,Lower Cretaceous,121.4,100.5,20.900000000000006
Giganotosaurus carolinii,Giganotosaurus,Carcharodontosauridae,Non-Avian,Theropoda,Saurischia,Carnivore,Cenomanian,Turonian,Upper Cretaceous,Upper Cretaceous,100.5,89.8,10.700000000000003
Kelmayisaurus petrolicus,Kelmayisaurus,,Non-Avian,Theropoda,Saurischia,Carnivore,Valanginian,Albian,Lower Cretaceous,Lower Cretaceous,139.8,100.5,39.30000000000001
Lajasvenator ascheriae,Lajasvenator,Carcharodontosauridae,Non-Avian,Theropoda,Saurischia,Carnivore,Valanginian,Valanginian,Lower Cretaceous,Lower Cretaceous,139.8,132.6,7.200000000000017
Mapusaurus roseae,Mapusaurus,Carcharodontosauridae,Non-Avian,Theropoda,Saurischia,Carnivore,Cenomanian,Turonian,Upper Cretaceous,Upper Cretaceous,100.5,89.8,10.700000000000003
Shaochilong maortuensis,Shaochilong,,Non-Avian,Theropoda,Saurischia,Carnivore,Aptian,Albian,Lower Cretaceous,Lower Cretaceous,121.4,100.5,20.900000000000006
Taurovenator violantei,Taurovenator,Carcharodontosauridae,Non-Avian,Theropoda,Saurischia,Carnivore,Cenomanian,Turonian,Upper Cretaceous,Upper Cretaceous,100.5,89.8,10.700000000000003
Unquillosaurus ceibalii,Unquillosaurus,,Non-Avian,Theropoda,Saurischia,Carnivore,Campanian,Campanian,Upper Cretaceous,Upper Cretaceous,83.6,72.1,11.5
Veterupristisaurus milneri,Veterupristisaurus,Carcharodontosauridae,Non-Avian,Theropoda,Saurischia,Carnivore,Kimmeridgian,Kimmeridgian,Upper Jurassic,Upper Jurassic,152.2,149.2,3.0
Metriacanthosaurus parkeri,Metriacanthosaurus,Metriacanthosauridae,Non-Avian,Theropoda,Saurischia,Carnivore,Oxfordian,Oxfordian,Upper Jurassic,Upper Jurassic,161.5,154.8,6.699999999999989
Siamotyrannus isanensis,Siamotyrannus,,Non-Avian,Theropoda,Saurischia,Carnivore,Barremian,Barremian,Lower Cretaceous,Lower Cretaceous,125.77,121.4,4.36999999999999
Sinraptor dongi,Sinraptor,Metriacanthosauridae,Non-Avian,Theropoda,Saurischia,Carnivore,Oxfordian,Oxfordian,Upper Jurassic,Upper Jurassic,161.5,154.8,6.699999999999989
Sinraptor hepingensis,Sinraptor,Metriacanthosauridae,Non-Avian,Theropoda,Saurischia,Carnivore,Bathonian,Callovian,Middle Jurassic,Middle Jurassic,168.2,161.5,6.699999999999989
Alpkarakush kyrgyzicus,Alpkarakush,Metriacanthosauridae,Non-Avian,Theropoda,Saurischia,Carnivore,Callovian,Callovian,Middle Jurassic,Middle Jurassic,165.3,161.5,3.8000000000000114
Erectopus superbus,Erectopus,,Non-Avian,Theropoda,Saurischia,Carnivore,Barremian,Albian,Lower Cretaceous,Lower Cretaceous,125.77,100.5,25.269999999999996
Shidaisaurus jinae,Shidaisaurus,Metriacanthosauridae,Non-Avian,Theropoda,Saurischia,Carnivore,Bajocian,Bajocian,Middle Jurassic,Middle Jurassic,170.9,168.2,2.700000000000017
Yangchuanosaurus shangyouensis,Yangchuanosaurus,Metriacanthosauridae,Non-Avian,Theropoda,Saurischia,Carnivore,Bathonian,Callovian,Middle Jurassic,Middle Jurassic,168.2,161.5,6.699999999999989
Yangchuanosaurus zigongensis,Yangchuanosaurus,Metriacanthosauridae,Non-Avian,Theropoda,Saurischia,Carnivore,Bajocian,Oxfordian,Middle Jurassic,Upper Jurassic,170.9,154.8,16.099999999999994
Chilantaisaurus tashuikouensis,Chilantaisaurus,,Non-Avian,Theropoda,Saurischia,Carnivore,Turonian,Turonian,Upper Cretaceous,Upper Cretaceous,93.9,89.8,4.1000000000000085
Chilantaisaurus zheziangensis,Chilantaisaurus,,Non-Avian,Theropoda,Saurischia,Carnivore,Santonian,Santonian,Upper Cretaceous,Upper Cretaceous,86.3,83.6,2.700000000000003
Fukuiraptor kitadaniensis,Fukuiraptor,,Non-Avian,Theropoda,Saurischia,Carnivore,Hauterivian,Aptian,Lower Cretaceous,Lower Cretaceous,132.6,113.0,19.599999999999994
Neovenator salerii,Neovenator,Neovenatoridae,Non-Avian,Theropoda,Saurischia,Carnivore,Barremian,Barremian,Lower Cretaceous,Lower Cretaceous,125.77,121.4,4.36999999999999
Rapator ornitholestoides,Rapator,,Non-Avian,Theropoda,Saurischia,Carnivore,Cenomanian,Cenomanian,Upper Cretaceous,Upper Cretaceous,100.5,93.9,6.599999999999994
Allosaurus amplus,Allosaurus,Allosauridae,Non-Avian,Theropoda,Saurischia,Carnivore,Kimmeridgian,Tithonian,Upper Jurassic,Upper Jurassic,154.8,145.0,9.800000000000011
Allosaurus anax,Allosaurus,Allosauridae,Non-Avian,Theropoda,Saurischia,Carnivore,Kimmeridgian,Tithonian,Upper Jurassic,Upper Jurassic,152.2,145.0,7.199999999999989
Allosaurus europaeus,Allosaurus,Allosauridae,Non-Avian,Theropoda,Saurischia,Carnivore,Kimmeridgian,Tithonian,Upper Jurassic,Upper Jurassic,152.2,146.3,5.899999999999977
Allosaurus fragilis,Allosaurus,Allosauridae,Non-Avian,Theropoda,Saurischia,Carnivore,Kimmeridgian,Tithonian,Upper Jurassic,Upper Jurassic,154.8,145.0,9.800000000000011
Allosaurus jimmadseni,Allosaurus,Allosauridae,Non-Avian,Theropoda,Saurischia,Carnivore,Oxfordian,Tithonian,Upper Jurassic,Upper Jurassic,157.9,145.0,12.900000000000006
Allosaurus lucasi,Allosaurus,Allosauridae,Non-Avian,Theropoda,Saurischia,Carnivore,Tithonian,Tithonian,Upper Jurassic,Upper Jurassic,149.2,145.0,4.199999999999989
Asfaltovenator vialidadi,Asfaltovenator,,Non-Avian,Theropoda,Saurischia,Carnivore,Toarcian,Bajocian,Lower Jurassic,Middle Jurassic,180.4,168.6,11.800000000000011
Monolophosaurus jiangi,Monolophosaurus,,Non-Avian,Theropoda,Saurischia,Carnivore,Callovian,Callovian,Middle Jurassic,Middle Jurassic,165.3,161.5,3.8000000000000114
Streptospondylus altdorfensis,Streptospondylus,,Non-Avian,Theropoda,Saurischia,Carnivore,Callovian,Oxfordian,Middle Jurassic,Upper Jurassic,165.3,154.8,10.5
Leshansaurus qianweiensis,Leshansaurus,Megalosauridae,Non-Avian,Theropoda,Saurischia,Carnivore,Bathonian,Callovian,Middle Jurassic,Middle Jurassic,168.2,161.5,6.699999999999989
Afrovenator abakensis,Afrovenator,Megalosauridae,Non-Avian,Theropoda,Saurischia,Carnivore,Oxfordian,Tithonian,Upper Jurassic,Upper Jurassic,161.5,145.0,16.5
Eustreptospondylus oxoniensis,Eustreptospondylus,Megalosauridae,Non-Avian,Theropoda,Saurischia,Carnivore,Callovian,Callovian,Middle Jurassic,Middle Jurassic,165.3,161.5,3.8000000000000114
Magnosaurus nethercombensis,Magnosaurus,Megalosauridae,Non-Avian,Theropoda,Saurischia,Carnivore,Bajocian,Bajocian,Middle Jurassic,Middle Jurassic,170.9,168.6,2.3000000000000114
Poekilopleuron bucklandii,Megalosaurus (Poekilopleuron),,,,,Carnivore,Bathonian,Bathonian,Middle Jurassic,Middle Jurassic,168.2,165.3,2.8999999999999773
Piveteausaurus divesensis,Piveteausaurus,Megalosauridae,Non-Avian,Theropoda,Saurischia,Carnivore,Callovian,Callovian,Middle Jurassic,Middle Jurassic,165.3,161.5,3.8000000000000114
Duriavenator hesperis,Duriavenator,Megalosauridae,Non-Avian,Theropoda,Saurischia,Carnivore,Bajocian,Bajocian,Middle Jurassic,Middle Jurassic,168.6,168.2,0.4000000000000057
Megalosaurus bucklandii,Megalosaurus,Megalosauridae,Non-Avian,Theropoda,Saurischia,Carnivore,Bajocian,Aptian,Middle Jurassic,Lower Cretaceous,170.9,119.5,51.400000000000006
Megalosaurus dapukaensis,Megalosaurus,Megalosauridae,Non-Avian,Theropoda,Saurischia,Carnivore,Aalenian,Callovian,Middle Jurassic,Middle Jurassic,174.7,161.5,13.199999999999989
Megalosaurus tibetensis,Megalosaurus,Megalosauridae,Non-Avian,Theropoda,Saurischia,Carnivore,Hettangian,Toarcian,Lower Jurassic,Lower Jurassic,201.4,174.7,26.700000000000017
Torvosaurus gurneyi,Torvosaurus,Megalosauridae,Non-Avian,Theropoda,Saurischia,Carnivore,Kimmeridgian,Tithonian,Upper Jurassic,Upper Jurassic,152.2,146.3,5.899999999999977
Torvosaurus tanneri,Torvosaurus,Megalosauridae,Non-Avian,Theropoda,Saurischia,Carnivore,Kimmeridgian,Tithonian,Upper Jurassic,Upper Jurassic,154.8,145.0,9.800000000000011
Wiehenvenator albati,Wiehenvenator,Megalosauridae,Non-Avian,Theropoda,Saurischia,Carnivore,Callovian,Callovian,Middle Jurassic,Middle Jurassic,165.3,161.5,3.8000000000000114
Condorraptor currumili,Condorraptor,Piatnitzkysauridae,Non-Avian,Theropoda,Saurischia,Carnivore,Toarcian,Bajocian,Lower Jurassic,Middle Jurassic,180.4,168.6,11.800000000000011
Marshosaurus bicentesimus,Marshosaurus,Piatnitzkysauridae,Non-Avian,Theropoda,Saurischia,Carnivore,Kimmeridgian,Tithonian,Upper Jurassic,Upper Jurassic,154.8,145.0,9.800000000000011
Piatnitzkysaurus floresi,Piatnitzkysaurus,Piatnitzkysauridae,Non-Avian,Theropoda,Saurischia,Carnivore,Toarcian,Toarcian,Lower Jurassic,Lower Jurassic,182.9,180.4,2.5
Xuanhanosaurus qilixiaensis,Xuanhanosaurus,,Non-Avian,Theropoda,Saurischia,Carnivore,Bajocian,Bajocian,Middle Jurassic,Middle Jurassic,170.9,168.2,2.700000000000017
Ceratosuchops inferodios,Ceratosuchops,Spinosauridae,Non-Avian,Theropoda,Saurischia,Carnivore,Barremian,Barremian,Lower Cretaceous,Lower Cretaceous,125.77,121.4,4.36999999999999
Riparovenator milnerae,Riparovenator,Spinosauridae,Non-Avian,Theropoda,Saurischia,Carnivore,Barremian,Barremian,Lower Cretaceous,Lower Cretaceous,125.77,121.4,4.36999999999999
Suchomimus tenerensis,Suchomimus,Spinosauridae,Non-Avian,Theropoda,Saurischia,Carnivore,Aptian,Albian,Lower Cretaceous,Lower Cretaceous,121.4,100.5,20.900000000000006
Baryonyx walkeri,Baryonyx,Spinosauridae,Non-Avian,Theropoda,Saurischia,Carnivore,Barremian,Barremian,Lower Cretaceous,Lower Cretaceous,125.77,121.4,4.36999999999999
Protathlitis cinctorrensis,Protathlitis,Spinosauridae,Non-Avian,Theropoda,Saurischia,Carnivore,Barremian,Barremian,Lower Cretaceous,Lower Cretaceous,125.77,121.4,4.36999999999999
Riojavenatrix lacustris,Riojavenatrix,Spinosauridae,Non-Avian,Theropoda,Saurischia,Carnivore,Aptian,Aptian,Lower Cretaceous,Lower Cretaceous,121.4,119.5,1.9000000000000057
Vallibonavenatrix cani,Vallibonavenatrix,Spinosauridae,Non-Avian,Theropoda,Saurischia,Carnivore,Barremian,Barremian,Lower Cretaceous,Lower Cretaceous,125.77,121.4,4.36999999999999
Angaturama limai,Angaturama,Spinosauridae,Non-Avian,Theropoda,Saurischia,Carnivore,Aptian,Aptian,Lower Cretaceous,Lower Cretaceous,119.5,113.0,6.5
Camarillasaurus cirugedae,Camarillasaurus,Spinosauridae,Non-Avian,Theropoda,Saurischia,Carnivore,Barremian,Barremian,Lower Cretaceous,Lower Cretaceous,125.77,121.4,4.36999999999999
Ichthyovenator laosensis,Ichthyovenator,Spinosauridae,Non-Avian,Theropoda,Saurischia,Carnivore,Aptian,Aptian,Lower Cretaceous,Lower Cretaceous,121.4,113.0,8.400000000000006
Irritator challengeri,Irritator,Spinosauridae,Non-Avian,Theropoda,Saurischia,Carnivore,Aptian,Aptian,Lower Cretaceous,Lower Cretaceous,119.5,113.0,6.5
Oxalaia quilombensis,Oxalaia,Spinosauridae,Non-Avian,Theropoda,Saurischia,Carnivore,Cenomanian,Cenomanian,Upper Cretaceous,Upper Cretaceous,100.5,93.9,6.599999999999994
Spinosaurus aegyptiacus,Spinosaurus,Spinosauridae,Non-Avian,Theropoda,Saurischia,Carnivore,Aptian,Cenomanian,Lower Cretaceous,Upper Cretaceous,119.5,93.9,25.599999999999994
Iberospinus natarioi,Iberospinus,Spinosauridae,Non-Avian,Theropoda,Saurischia,Carnivore,Barremian,Barremian,Lower Cretaceous,Lower Cretaceous,125.77,121.4,4.36999999999999
Sciurumimus albersdoerferi,Sciurumimus,,Non-Avian,Theropoda,Saurischia,Carnivore,Kimmeridgian,Kimmeridgian,Upper Jurassic,Upper Jurassic,152.2,149.2,3.0
Chuandongocoelurus primitivus,Chuandongocoelurus,,Non-Avian,Theropoda,Saurischia,Carnivore,Bajocian,Oxfordian,Middle Jurassic,Upper Jurassic,170.9,154.8,16.099999999999994
Cruxicheiros newmanorum,Cruxicheiros,,Non-Avian,Theropoda,Saurischia,Carnivore,Bathonian,Bathonian,Middle Jurassic,Middle Jurassic,168.2,165.3,2.8999999999999773
Cryolophosaurus ellioti,Cryolophosaurus,,Non-Avian,Theropoda,Saurischia,Carnivore,Sinemurian,Pliensbachian,Lower Jurassic,Lower Jurassic,199.5,184.2,15.300000000000011
Gasosaurus constructus,Gasosaurus,,Non-Avian,Theropoda,Saurischia,Carnivore,Bajocian,Oxfordian,Middle Jurassic,Upper Jurassic,170.9,154.8,16.099999999999994
Kaijiangosaurus lini,Kaijiangosaurus,,Non-Avian,Theropoda,Saurischia,Carnivore,Bajocian,Bajocian,Middle Jurassic,Middle Jurassic,170.9,168.2,2.700000000000017
Kayentavenator elysiae,Kayentavenator,,Non-Avian,Theropoda,Saurischia,Carnivore,Sinemurian,Pliensbachian,Lower Jurassic,Lower Jurassic,199.5,184.2,15.300000000000011
Pandoravenator fernandezorum,Pandoravenator,,Non-Avian,Theropoda,Saurischia,Carnivore,Oxfordian,Kimmeridgian,Upper Jurassic,Upper Jurassic,157.9,149.2,8.700000000000017
Vectaerovenator inopinatus,Vectaerovenator,,Non-Avian,Theropoda,Saurischia,Carnivore,Aptian,Aptian,Lower Cretaceous,Lower Cretaceous,119.5,113.0,6.5
Yunyangosaurus puanensis,Yunyangosaurus,,Non-Avian,Theropoda,Saurischia,Carnivore,Toarcian,Aalenian,Lower Jurassic,Middle Jurassic,184.2,170.9,13.299999999999983
Eoabelisaurus mefi,Eoabelisaurus,,Non-Avian,Theropoda,Saurischia,Carnivore,Aalenian,Bajocian,Middle Jurassic,Middle Jurassic,174.7,168.6,6.099999999999994
Chenanisaurus barbaricus,Chenanisaurus,Abelisauridae,Non-Avian,Theropoda,Saurischia,Carnivore,Maastrichtian,Maastrichtian,Upper Cretaceous,Upper Cretaceous,72.1,66.0,6.099999999999994
Abelisaurus comahuensis,Abelisaurus,Abelisauridae,Non-Avian,Theropoda,Saurischia,Carnivore,Campanian,Campanian,Upper Cretaceous,Upper Cretaceous,83.6,72.1,11.5
Niebla antiqua,Niebla,Abelisauridae,Non-Avian,Theropoda,Saurischia,Carnivore,Campanian,Maastrichtian,Upper Cretaceous,Upper Cretaceous,83.6,66.0,17.599999999999994
Caletodraco cottardi,Caletodraco,Abelisauridae,Non-Avian,Theropoda,Saurischia,Carnivore,Cenomanian,Cenomanian,Upper Cretaceous,Upper Cretaceous,100.5,93.9,6.599999999999994
Carnotaurus sastrei,Carnotaurus,Abelisauridae,Non-Avian,Theropoda,Saurischia,Carnivore,Maastrichtian,Maastrichtian,Upper Cretaceous,Upper Cretaceous,72.1,66.0,6.099999999999994
Elemgasem nubilus,Elemgasem,Abelisauridae,Non-Avian,Theropoda,Saurischia,Carnivore,Turonian,Coniacian,Upper Cretaceous,Upper Cretaceous,93.9,86.3,7.6000000000000085
Koleken inakayali,Koleken,Abelisauridae,Non-Avian,Theropoda,Saurischia,Carnivore,Maastrichtian,Maastrichtian,Upper Cretaceous,Upper Cretaceous,72.1,66.0,6.099999999999994
Llukalkan aliocranianus,Llukalkan,Abelisauridae,Non-Avian,Theropoda,Saurischia,Carnivore,Santonian,Santonian,Upper Cretaceous,Upper Cretaceous,86.3,83.6,2.700000000000003
Pycnonemosaurus nevesi,Pycnonemosaurus,Abelisauridae,Non-Avian,Theropoda,Saurischia,Carnivore,Cenomanian,Maastrichtian,Upper Cretaceous,Upper Cretaceous,100.5,66.0,34.5
Quilmesaurus curriei,Quilmesaurus,Abelisauridae,Non-Avian,Theropoda,Saurischia,Carnivore,Campanian,Maastrichtian,Upper Cretaceous,Upper Cretaceous,83.6,66.0,17.599999999999994
Viavenator exxoni,Viavenator,Abelisauridae,Non-Avian,Theropoda,Saurischia,Carnivore,Santonian,Santonian,Upper Cretaceous,Upper Cretaceous,86.3,83.6,2.700000000000003
Aucasaurus garridoi,Aucasaurus,Abelisauridae,Non-Avian,Theropoda,Saurischia,Carnivore,Campanian,Campanian,Upper Cretaceous,Upper Cretaceous,83.6,72.1,11.5
Dahalokely tokana,Dahalokely,,Non-Avian,Theropoda,Saurischia,Carnivore,Turonian,Turonian,Upper Cretaceous,Upper Cretaceous,93.9,89.8,4.1000000000000085
Ekrixinatosaurus novasi,Ekrixinatosaurus,Abelisauridae,Non-Avian,Theropoda,Saurischia,Carnivore,Cenomanian,Cenomanian,Upper Cretaceous,Upper Cretaceous,100.5,93.9,6.599999999999994
Guemesia ochoai,Guemesia,Abelisauridae,Non-Avian,Theropoda,Saurischia,Carnivore,Campanian,Maastrichtian,Upper Cretaceous,Upper Cretaceous,83.6,66.0,17.599999999999994
Ilokelesia aguadagrandensis,Ilokelesia,Abelisauridae,Non-Avian,Theropoda,Saurischia,Carnivore,Cenomanian,Turonian,Upper Cretaceous,Upper Cretaceous,100.5,89.8,10.700000000000003
Rahiolisaurus gujaratensis,Rahiolisaurus,Abelisauridae,Non-Avian,Theropoda,Saurischia,Carnivore,Maastrichtian,Maastrichtian,Upper Cretaceous,Upper Cretaceous,72.1,66.0,6.099999999999994
Skorpiovenator bustingorryi,Skorpiovenator,Abelisauridae,Non-Avian,Theropoda,Saurischia,Carnivore,Cenomanian,Turonian,Upper Cretaceous,Upper Cretaceous,100.5,89.8,10.700000000000003
Thanos simonattoi,Thanos,Abelisauridae,Non-Avian,Theropoda,Saurischia,Carnivore,Santonian,Campanian,Upper Cretaceous,Upper Cretaceous,86.3,72.1,14.200000000000003
Arcovenator escotae,Arcovenator,Abelisauridae,Non-Avian,Theropoda,Saurischia,Carnivore,Campanian,Campanian,Upper Cretaceous,Upper Cretaceous,83.6,72.1,11.5
Genusaurus sisteronis,Genusaurus,Abelisauridae,Non-Avian,Theropoda,Saurischia,Carnivore,Albian,Albian,Lower Cretaceous,Lower Cretaceous,109.9,106.2,3.700000000000003
Indosaurus matleyi,Indosaurus,Abelisauridae,Non-Avian,Theropoda,Saurischia,Carnivore,Maastrichtian,Maastrichtian,Upper Cretaceous,Upper Cretaceous,72.1,66.0,6.099999999999994
Majungasaurus crenatissimus,Majungasaurus,Abelisauridae,Non-Avian,Theropoda,Saurischia,Carnivore,Maastrichtian,Maastrichtian,Upper Cretaceous,Upper Cretaceous,72.1,66.0,6.099999999999994
Rajasaurus narmadensis,Rajasaurus,Abelisauridae,Non-Avian,Theropoda,Saurischia,Carnivore,Maastrichtian,Maastrichtian,Upper Cretaceous,Upper Cretaceous,72.1,66.0,6.099999999999994
Indosuchus raptorius,Indosuchus,Abelisauridae,Non-Avian,Theropoda,Saurischia,Carnivore,Maastrichtian,Maastrichtian,Upper Cretaceous,Upper Cretaceous,72.1,66.0,6.099999999999994
Kryptops palaios,Kryptops,Abelisauridae,Non-Avian,Theropoda,Saurischia,Carnivore,Aptian,Albian,Lower Cretaceous,Lower Cretaceous,121.4,100.5,20.900000000000006
Kurupi itaata,Kurupi,Abelisauridae,Non-Avian,Theropoda,Saurischia,Carnivore,Maastrichtian,Maastrichtian,Upper Cretaceous,Upper Cretaceous,72.1,66.0,6.099999999999994
Lametasaurus indicus,Lametasaurus,,,,,Carnivore,Maastrichtian,Maastrichtian,Upper Cretaceous,Upper Cretaceous,72.1,66.0,6.099999999999994
Rugops primus,Rugops,Abelisauridae,Non-Avian,Theropoda,Saurischia,Carnivore,Cenomanian,Cenomanian,Upper Cretaceous,Upper Cretaceous,100.5,93.9,6.599999999999994
Spectrovenator ragei,Spectrovenator,Abelisauridae,Non-Avian,Theropoda,Saurischia,Carnivore,Aptian,Aptian,Lower Cretaceous,Lower Cretaceous,121.4,113.0,8.400000000000006
Tarascosaurus salluvicus,Tarascosaurus,Abelisauridae,Non-Avian,Theropoda,Saurischia,Carnivore,Campanian,Campanian,Upper Cretaceous,Upper Cretaceous,83.6,72.1,11.5
Tralkasaurus cuyi,Tralkasaurus,Abelisauridae,Non-Avian,Theropoda,Saurischia,Carnivore,Cenomanian,Turonian,Upper Cretaceous,Upper Cretaceous,100.5,89.8,10.700000000000003
Xenotarsosaurus bonapartei,Xenotarsosaurus,Abelisauridae,Non-Avian,Theropoda,Saurischia,Carnivore,Cenomanian,Turonian,Upper Cretaceous,Upper Cretaceous,100.5,89.8,10.700000000000003
Fosterovenator churei,Fosterovenator,,Non-Avian,Theropoda,Saurischia,Carnivore,Kimmeridgian,Tithonian,Upper Jurassic,Upper Jurassic,154.8,145.0,9.800000000000011
Elaphrosaurus bambergi,Elaphrosaurus,Noasauridae,Non-Avian,Theropoda,Saurischia,Carnivore,Kimmeridgian,Kimmeridgian,Upper Jurassic,Upper Jurassic,152.2,149.2,3.0
Limusaurus inextricabilis,Limusaurus,Noasauridae,Non-Avian,Theropoda,Saurischia,Carnivore,Oxfordian,Oxfordian,Upper Jurassic,Upper Jurassic,161.5,154.8,6.699999999999989
Masiakasaurus knopfleri,Masiakasaurus,Noasauridae,Non-Avian,Theropoda,Saurischia,Carnivore,Maastrichtian,Maastrichtian,Upper Cretaceous,Upper Cretaceous,72.1,66.0,6.099999999999994
Noasaurus leali,Noasaurus,Noasauridae,Non-Avian,Theropoda,Saurischia,Carnivore,Maastrichtian,Maastrichtian,Upper Cretaceous,Upper Cretaceous,72.1,66.0,6.099999999999994
Velocisaurus unicus,Velocisaurus,Noasauridae,Non-Avian,Theropoda,Saurischia,Carnivore,Santonian,Santonian,Upper Cretaceous,Upper Cretaceous,86.3,83.6,2.700000000000003
Vespersaurus paranaensis,Vespersaurus,Noasauridae,Non-Avian,Theropoda,Saurischia,Carnivore,Aptian,Campanian,Lower Cretaceous,Upper Cretaceous,121.4,72.1,49.30000000000001
Austrocheirus isasii,Austrocheirus,,Non-Avian,Theropoda,Saurischia,Carnivore,Campanian,Campanian,Upper Cretaceous,Upper Cretaceous,83.6,72.1,11.5
Berthasaura leopoldinae,Berthasaura,,Non-Avian,Theropoda,Saurischia,Carnivore,Aptian,Campanian,Lower Cretaceous,Upper Cretaceous,121.4,72.1,49.30000000000001
Deltadromeus agilis,Deltadromeus,,Non-Avian,Theropoda,Saurischia,Carnivore,Cenomanian,Cenomanian,Upper Cretaceous,Upper Cretaceous,100.5,93.9,6.599999999999994
Huinculsaurus montesi,Huinculsaurus,Noasauridae,Non-Avian,Theropoda,Saurischia,Carnivore,Cenomanian,Turonian,Upper Cretaceous,Upper Cretaceous,100.5,89.8,10.700000000000003
Kiyacursor longipes,Kiyacursor,Noasauridae,Non-Avian,Theropoda,Saurischia,Carnivore,Aptian,Aptian,Lower Cretaceous,Lower Cretaceous,121.4,113.0,8.400000000000006
Laevisuchus indicus,Laevisuchus,Noasauridae,Non-Avian,Theropoda,Saurischia,Carnivore,Maastrichtian,Maastrichtian,Upper Cretaceous,Upper Cretaceous,72.1,66.0,6.099999999999994
Ligabueino andesi,Ligabueino,,Non-Avian,Theropoda,Saurischia,Carnivore,Barremian,Aptian,Lower Cretaceous,Lower Cretaceous,125.77,119.5,6.269999999999996
Berberosaurus liassicus,Berberosaurus,,Non-Avian,Theropoda,Saurischia,Carnivore,Pliensbachian,Toarcian,Lower Jurassic,Lower Jurassic,192.9,174.7,18.200000000000017
Ceratosaurus nasicornis,Ceratosaurus,Ceratosauridae,Non-Avian,Theropoda,Saurischia,Carnivore,Kimmeridgian,Tithonian,Upper Jurassic,Upper Jurassic,154.8,145.0,9.800000000000011
Genyodectes serus,Genyodectes,Ceratosauridae,Non-Avian,Theropoda,Saurischia,Carnivore,Albian,Albian,Lower Cretaceous,Lower Cretaceous,113.0,100.5,12.5
Saltriovenator zanellai,Saltriovenator,,Non-Avian,Theropoda,Saurischia,Carnivore,Sinemurian,Sinemurian,Lower Jurassic,Lower Jurassic,199.5,192.9,6.599999999999994
Spinostropheus gautieri,Spinostropheus,,Non-Avian,Theropoda,Saurischia,Carnivore,Oxfordian,Cenomanian,Upper Jurassic,Upper Cretaceous,161.5,93.9,67.6
Camposaurus arizonensis,Camposaurus,Coelophysidae,Non-Avian,Theropoda,Saurischia,Carnivore,Norian,Norian,Upper Triassic,Upper Triassic,227.0,208.5,18.5
Coelophysis bauri,Coelophysis,Coelophysidae,Non-Avian,Theropoda,Saurischia,Carnivore,Norian,Rhaetian,Upper Triassic,Upper Triassic,227.0,201.4,25.599999999999994
Podokesaurus holyokensis,Coelophysis,Coelophysidae,Non-Avian,Theropoda,Saurischia,Carnivore,Hettangian,Sinemurian,Lower Jurassic,Lower Jurassic,201.4,192.9,8.5
Lepidus praecisio,Lepidus,,Non-Avian,Theropoda,Saurischia,Carnivore,Norian,Norian,Upper Triassic,Upper Triassic,227.0,208.5,18.5
Segisaurus halli,Segisaurus,Coelophysidae,Non-Avian,Theropoda,Saurischia,Carnivore,Pliensbachian,Toarcian,Lower Jurassic,Lower Jurassic,192.9,174.7,18.200000000000017
Lucianovenator bonoi,Lucianovenator,Coelophysidae,Non-Avian,Theropoda,Saurischia,Carnivore,Norian,Norian,Upper Triassic,Upper Triassic,227.0,208.5,18.5
Megapnosaurus rhodesiensis,Megapnosaurus,Coelophysidae,Non-Avian,Theropoda,Saurischia,Carnivore,Hettangian,Sinemurian,Lower Jurassic,Lower Jurassic,201.4,192.9,8.5
Panguraptor lufengensis,Panguraptor,Coelophysidae,Non-Avian,Theropoda,Saurischia,Carnivore,Hettangian,Hettangian,Lower Jurassic,Lower Jurassic,201.4,199.5,1.9000000000000057
Powellvenator podocitus,Powellvenator,,Non-Avian,Theropoda,Saurischia,Carnivore,Norian,Norian,Upper Triassic,Upper Triassic,227.0,208.5,18.5
Procompsognathus triassicus,Procompsognathus,Coelophysidae,Non-Avian,Theropoda,Saurischia,Carnivore,Norian,Norian,Upper Triassic,Upper Triassic,216.7,213.2,3.5
Dracoraptor hanigani,Dracoraptor,,Non-Avian,Theropoda,Saurischia,Carnivore,Hettangian,Hettangian,Lower Jurassic,Lower Jurassic,201.4,199.5,1.9000000000000057
Gojirasaurus quayi,Gojirasaurus,,Non-Avian,Theropoda,Saurischia,Carnivore,Norian,Norian,Upper Triassic,Upper Triassic,227.0,208.5,18.5
Lophostropheus airelensis,Lophostropheus,,Non-Avian,Theropoda,Saurischia,Carnivore,Rhaetian,Hettangian,Upper Triassic,Lower Jurassic,208.5,199.5,9.0
Pendraig milnerae,Pendraig,,Non-Avian,Theropoda,Saurischia,Carnivore,Carnian,Carnian,Upper Triassic,Upper Triassic,237.0,227.0,10.0
Sarcosaurus woodi,Sarcosaurus,,Non-Avian,Theropoda,Saurischia,Carnivore,Hettangian,Sinemurian,Lower Jurassic,Lower Jurassic,201.4,192.9,8.5
Syntarsus kayentakatae,Syntarsus,Coelophysidae,Non-Avian,Theropoda,Saurischia,Carnivore,Hettangian,Pliensbachian,Lower Jurassic,Lower Jurassic,201.4,184.2,17.200000000000017
Dilophosaurus wetherilli,Dilophosaurus,,Non-Avian,Theropoda,Saurischia,Carnivore,Hettangian,Pliensbachian,Lower Jurassic,Lower Jurassic,201.4,184.2,17.200000000000017
Dracovenator regenti,Dracovenator,,Non-Avian,Theropoda,Saurischia,Carnivore,Hettangian,Sinemurian,Lower Jurassic,Lower Jurassic,201.4,192.9,8.5
Liliensternus liliensterni,Liliensternus,,Non-Avian,Theropoda,Saurischia,Carnivore,Norian,Norian,Upper Triassic,Upper Triassic,227.0,208.5,18.5
Notatesseraeraptor frickensis,Notatesseraeraptor,,Non-Avian,Theropoda,Saurischia,Carnivore,Norian,Norian,Upper Triassic,Upper Triassic,227.0,208.5,18.5
Tachiraptor admirabilis,Tachiraptor,,Non-Avian,Theropoda,Saurischia,Carnivore,Hettangian,Hettangian,Lower Jurassic,Lower Jurassic,201.4,199.5,1.9000000000000057
Velocipes guerichi,Velocipes,,Non-Avian,Theropoda,Saurischia,Carnivore,Norian,Norian,Upper Triassic,Upper Triassic,227.0,208.5,18.5
Zupaysaurus rougieri,Zupaysaurus,,Non-Avian,Theropoda,Saurischia,Carnivore,Norian,Norian,Upper Triassic,Upper Triassic,227.0,208.5,18.5
Caseosaurus crosbyensis,Caseosaurus,,,,Saurischia,Carnivore,Carnian,Norian,Upper Triassic,Upper Triassic,237.0,208.5,28.5
Gnathovorax cabreirai,Gnathovorax,Herrerasauridae,,,Saurischia,Carnivore,Carnian,Carnian,Upper Triassic,Upper Triassic,233.4,227.0,6.400000000000006
Herrerasaurus ischigualastensis,Herrerasaurus,Herrerasauridae,,,Saurischia,Carnivore,Carnian,Carnian,Upper Triassic,Upper Triassic,237.0,227.0,10.0
Sanjuansaurus gordilloi,Sanjuansaurus,Herrerasauridae,,,Saurischia,Carnivore,Carnian,Carnian,Upper Triassic,Upper Triassic,237.0,227.0,10.0
Staurikosaurus pricei,Staurikosaurus,Herrerasauridae,,,Saurischia,Carnivore,Carnian,Norian,Upper Triassic,Upper Triassic,237.0,208.5,28.5
Subtiliolithus hyogoensis,Subtiliolithus,,,,,Carnivore,Albian,Albian,Lower Cretaceous,Lower Cretaceous,113.0,109.9,3.0999999999999943
Chindesaurus bryansmalli,Chindesaurus,,,,Saurischia,Carnivore,Norian,Norian,Upper Triassic,Upper Triassic,227.0,208.5,18.5
Daemonosaurus chauliodus,Daemonosaurus,,,,Saurischia,Carnivore,Rhaetian,Rhaetian,Upper Triassic,Upper Triassic,208.5,201.4,7.099999999999994
Eodromaeus murphi,Eodromaeus,,Non-Avian,Theropoda,Saurischia,Carnivore,Carnian,Carnian,Upper Triassic,Upper Triassic,237.0,227.0,10.0
Erythrovenator jacuiensis,Erythrovenator,,Non-Avian,Theropoda,Saurischia,Carnivore,Carnian,Carnian,Upper Triassic,Upper Triassic,237.0,227.0,10.0
Fenestrosaurus philoceratops,Fenestrosaurus,Oviraptoridae,Non-Avian,Theropoda,Saurischia,Carnivore,Campanian,Campanian,Upper Cretaceous,Upper Cretaceous,83.6,72.1,11.5
Fuscinapedis woodbinensis,Fuscinapedis,,,,,Carnivore,Cenomanian,Cenomanian,Upper Cretaceous,Upper Cretaceous,100.5,93.9,6.599999999999994
Himeoolithus murakamii,Himeoolithus,,,,,Carnivore,Albian,Albian,Lower Cretaceous,Lower Cretaceous,113.0,109.9,3.0999999999999943
Ornithoides oshiensis,Ornithoides,Troodontidae,Non-Avian,Theropoda,Saurischia,Carnivore,Campanian,Campanian,Upper Cretaceous,Upper Cretaceous,83.6,72.1,11.5
Ovoraptor djadochtari,Ovoraptor,Dromaeosauridae,Non-Avian,Theropoda,Saurischia,Carnivore,Campanian,Campanian,Upper Cretaceous,Upper Cretaceous,83.6,72.1,11.5
Protoavis texensis,Protoavis,,,,,Carnivore,Norian,Norian,Upper Triassic,Upper Triassic,227.0,208.5,18.5
Salfitichnus mentoor,Salfitichnus,,,,,Carnivore,Maastrichtian,Maastrichtian,Upper Cretaceous,Upper Cretaceous,72.1,66.0,6.099999999999994
Shuangbaisaurus anlongbaoensis,Shuangbaisaurus,,Non-Avian,Theropoda,Saurischia,Carnivore,Hettangian,Hettangian,Lower Jurassic,Lower Jurassic,201.4,199.5,1.9000000000000057
Sinosaurus triassicus,Sinosaurus,,Non-Avian,Theropoda,Saurischia,Carnivore,Hettangian,Sinemurian,Lower Jurassic,Lower Jurassic,201.4,192.9,8.5
Tawa hallae,Tawa,,Non-Avian,Theropoda,Saurischia,Carnivore,Norian,Norian,Upper Triassic,Upper Triassic,227.0,208.5,18.5
Yaverlandia bitholus,Yaverlandia,,Non-Avian,Theropoda,Saurischia,Carnivore,Hauterivian,Barremian,Lower Cretaceous,Lower Cretaceous,132.6,121.4,11.199999999999989
Nyasasaurus parringtoni,Nyasasaurus,,,,,,Anisian,Anisian,Middle Triassic,Middle Triassic,247.2,242.0,5.199999999999989
