Species,Genus,Family,Infraorder,Suborder,Order,Diet,Early Age,Late Age,Early Period,Late Period,Max MYA,Min MYA,Lifespan (MYA)
Ajkaceratops kozmai,Ajkaceratops,,,,Ornithischia,Herbivore,Santonian,Santonian,Upper Cretaceous,Upper Cretaceous,85.7,83.6,2.1000000000000085
Turanoceratops tardabilis,Turanoceratops,,,,Ornithischia,Herbivore,Turonian,Turonian,Upper Cretaceous,Upper Cretaceous,93.9,89.8,4.1000000000000085
Zuniceratops christopheri,Zuniceratops,,,,Ornithischia,Herbivore,Turonian,Turonian,Upper Cretaceous,Upper Cretaceous,93.9,89.8,4.1000000000000085
Bagaceratops rozhdestvenskyi,Bagaceratops,Protoceratopsidae,,,Ornithischia,Herbivore,Campanian,Campanian,Upper Cretaceous,Upper Cretaceous,83.6,72.2,11.399999999999991
Breviceratops kozlowskii,Breviceratops,Protoceratopsidae,,,Ornithischia,Herbivore,Campanian,Campanian,Upper Cretaceous,Upper Cretaceous,83.6,72.2,11.399999999999991
Protoceratops andrewsi,Protoceratops,Protoceratopsidae,,,Ornithischia,Herbivore,Santonian,Campanian,Upper Cretaceous,Upper Cretaceous,85.7,72.2,13.5
Protoceratops hellenikorhinus,Protoceratops,Protoceratopsidae,,,Ornithischia,Herbivore,Campanian,Campanian,Upper Cretaceous,Upper Cretaceous,83.6,72.2,11.399999999999991
Chaoyangsaurus youngi,Chaoyangsaurus,Chaoyangsauridae,Ceratopsia,,Ornithischia,Herbivore,Kimmeridgian,Valanginian,Upper Jurassic,Lower Cretaceous,152.21,132.6,19.610000000000014
Hualianceratops wucaiwanensis,Hualianceratops,Chaoyangsauridae,Ceratopsia,,Ornithischia,Herbivore,Oxfordian,Oxfordian,Upper Jurassic,Upper Jurassic,161.5,154.8,6.699999999999989
Stenopelix valdensis,Stenopelix,Chaoyangsauridae,Ceratopsia,,Ornithischia,Herbivore,Valanginian,Valanginian,Lower Cretaceous,Lower Cretaceous,139.1,137.05,2.049999999999983
Xuanhuaceratops niei,Xuanhuaceratops,Chaoyangsauridae,Ceratopsia,,Ornithischia,Herbivore,Kimmeridgian,Valanginian,Upper Jurassic,Lower Cretaceous,152.21,132.6,19.610000000000014
Yinlong downsi,Yinlong,Chaoyangsauridae,Ceratopsia,,Ornithischia,Herbivore,Oxfordian,Oxfordian,Upper Jurassic,Upper Jurassic,161.5,154.8,6.699999999999989
Cerasinops hodgskissi,Cerasinops,Leptoceratopsidae,,,Ornithischia,Herbivore,Campanian,Campanian,Upper Cretaceous,Upper Cretaceous,83.6,72.2,11.399999999999991
Ferrisaurus sustutensis,Ferrisaurus,Leptoceratopsidae,,,Ornithischia,Herbivore,Campanian,Maastrichtian,Upper Cretaceous,Upper Cretaceous,72.2,66.0,6.200000000000003
Gremlin slobodorum,Gremlin,Leptoceratopsidae,Ceratopsia,,Ornithischia,Herbivore,Campanian,Campanian,Upper Cretaceous,Upper Cretaceous,83.6,72.2,11.399999999999991
Gryphoceratops morrisoni,Gryphoceratops,Leptoceratopsidae,,,Ornithischia,Herbivore,Santonian,Santonian,Upper Cretaceous,Upper Cretaceous,85.7,83.6,2.1000000000000085
Helioceratops brachygnathus,Helioceratops,Archaeoceratopsidae,Ceratopsia,,Ornithischia,Herbivore,Aptian,Albian,Lower Cretaceous,Lower Cretaceous,121.4,100.5,20.900000000000006
Ischioceratops zhuchengensis,Ischioceratops,Leptoceratopsidae,,,Ornithischia,Herbivore,Campanian,Campanian,Upper Cretaceous,Upper Cretaceous,83.6,72.2,11.399999999999991
Koreaceratops hwaseongensis,Koreaceratops,,Ceratopsia,,Ornithischia,Herbivore,Aptian,Albian,Lower Cretaceous,Lower Cretaceous,113.2,100.5,12.700000000000003
Leptoceratops gracilis,Leptoceratops,Leptoceratopsidae,,,Ornithischia,Herbivore,Campanian,Maastrichtian,Upper Cretaceous,Upper Cretaceous,72.2,66.0,6.200000000000003
Montanoceratops cerorhynchus,Montanoceratops,Leptoceratopsidae,,,Ornithischia,Herbivore,Campanian,Maastrichtian,Upper Cretaceous,Upper Cretaceous,83.6,66.0,17.599999999999994
Prenoceratops pieganensis,Prenoceratops,Leptoceratopsidae,,,Ornithischia,Herbivore,Campanian,Campanian,Upper Cretaceous,Upper Cretaceous,83.6,72.2,11.399999999999991
Udanoceratops tschizhovi,Udanoceratops,Leptoceratopsidae,,,Ornithischia,Herbivore,Campanian,Campanian,Upper Cretaceous,Upper Cretaceous,83.6,72.2,11.399999999999991
Unescoceratops koppelhusae,Unescoceratops,Leptoceratopsidae,,,Ornithischia,Herbivore,Campanian,Campanian,Upper Cretaceous,Upper Cretaceous,83.6,72.2,11.399999999999991
Zhuchengceratops inexpectus,Zhuchengceratops,Leptoceratopsidae,,,Ornithischia,Herbivore,Campanian,Campanian,Upper Cretaceous,Upper Cretaceous,83.6,72.2,11.399999999999991
Aquilops americanus,Aquilops,,Ceratopsia,,Ornithischia,Herbivore,Albian,Albian,Lower Cretaceous,Lower Cretaceous,110.1,100.5,9.599999999999994
Archaeoceratops oshimai,Archaeoceratops,Archaeoceratopsidae,Ceratopsia,,Ornithischia,Herbivore,Aptian,Albian,Lower Cretaceous,Lower Cretaceous,113.2,110.1,3.1000000000000085
Archaeoceratops yujingziensis,Archaeoceratops,Archaeoceratopsidae,Ceratopsia,,Ornithischia,Herbivore,Aptian,Aptian,Lower Cretaceous,Lower Cretaceous,121.4,113.2,8.200000000000003
Asiaceratops salsopaludalis,Asiaceratops,,Ceratopsia,,Ornithischia,Herbivore,Cenomanian,Cenomanian,Upper Cretaceous,Upper Cretaceous,100.5,93.9,6.599999999999994
Auroraceratops rugosus,Auroraceratops,,Ceratopsia,,Ornithischia,Herbivore,Aptian,Albian,Lower Cretaceous,Lower Cretaceous,113.2,110.1,3.1000000000000085
Beg tse,Beg,,Ceratopsia,,Ornithischia,Herbivore,Albian,Cenomanian,Lower Cretaceous,Upper Cretaceous,106.3,93.9,12.399999999999991
Graciliceratops mongoliensis,Graciliceratops,,Ceratopsia,,Ornithischia,Herbivore,Cenomanian,Santonian,Upper Cretaceous,Upper Cretaceous,100.5,83.6,16.900000000000006
Liaoceratops yanzigouensis,Liaoceratops,,Ceratopsia,,Ornithischia,Herbivore,Barremian,Aptian,Lower Cretaceous,Lower Cretaceous,125.77,119.57,6.200000000000003
Mosaiceratops azumai,Mosaiceratops,,Ceratopsia,,Ornithischia,Herbivore,Turonian,Campanian,Upper Cretaceous,Upper Cretaceous,93.9,72.2,21.700000000000003
Sasayamagnomus saegusai,Sasayamagnomus,,Ceratopsia,,Ornithischia,Herbivore,Aptian,Albian,Lower Cretaceous,Lower Cretaceous,113.2,110.1,3.1000000000000085
Yamaceratops dorngobiensis,Yamaceratops,,Ceratopsia,,Ornithischia,Herbivore,Santonian,Campanian,Upper Cretaceous,Upper Cretaceous,85.7,72.2,13.5
Albertaceratops nesmoi,Albertaceratops,Ceratopsidae,,,Ornithischia,Herbivore,Campanian,Campanian,Upper Cretaceous,Upper Cretaceous,83.6,72.2,11.399999999999991
Lokiceratops rangiformis,Lokiceratops,Ceratopsidae,,,Ornithischia,Herbivore,Campanian,Campanian,Upper Cretaceous,Upper Cretaceous,83.6,72.2,11.399999999999991
Medusaceratops lokii,Medusaceratops,Ceratopsidae,,,Ornithischia,Herbivore,Campanian,Campanian,Upper Cretaceous,Upper Cretaceous,83.6,72.2,11.399999999999991
Centrosaurus apertus,Centrosaurus,Ceratopsidae,,,Ornithischia,Herbivore,Campanian,Campanian,Upper Cretaceous,Upper Cretaceous,83.6,72.2,11.399999999999991
Coronosaurus brinkmani,Coronosaurus,Ceratopsidae,,,Ornithischia,Herbivore,Campanian,Campanian,Upper Cretaceous,Upper Cretaceous,83.6,72.2,11.399999999999991
Rubeosaurus ovatus,Rubeosaurus,Ceratopsidae,,,Ornithischia,Herbivore,Campanian,Campanian,Upper Cretaceous,Upper Cretaceous,83.6,72.2,11.399999999999991
Spinops sternbergorum,Spinops,Ceratopsidae,,,Ornithischia,Herbivore,Campanian,Campanian,Upper Cretaceous,Upper Cretaceous,83.6,72.2,11.399999999999991
Styracosaurus albertensis,Styracosaurus,Ceratopsidae,,,Ornithischia,Herbivore,Campanian,Campanian,Upper Cretaceous,Upper Cretaceous,83.6,72.2,11.399999999999991
Avaceratops lammersi,Avaceratops,Ceratopsidae,,,Ornithischia,Herbivore,Campanian,Campanian,Upper Cretaceous,Upper Cretaceous,83.6,72.2,11.399999999999991
Crittendenceratops krzyzanowskii,Crittendenceratops,Ceratopsidae,,,Ornithischia,Herbivore,Campanian,Campanian,Upper Cretaceous,Upper Cretaceous,83.6,72.2,11.399999999999991
Furcatoceratops elucidans,Furcatoceratops,Ceratopsidae,,,Ornithischia,Herbivore,Campanian,Campanian,Upper Cretaceous,Upper Cretaceous,83.6,72.2,11.399999999999991
Nasutoceratops titusi,Nasutoceratops,Ceratopsidae,,,Ornithischia,Herbivore,Campanian,Campanian,Upper Cretaceous,Upper Cretaceous,83.6,72.2,11.399999999999991
Yehuecauhceratops mudei,Yehuecauhceratops,Ceratopsidae,,,Ornithischia,Herbivore,Campanian,Campanian,Upper Cretaceous,Upper Cretaceous,83.6,72.2,11.399999999999991
Achelousaurus horneri,Achelousaurus,Ceratopsidae,,,Ornithischia,Herbivore,Campanian,Campanian,Upper Cretaceous,Upper Cretaceous,83.6,72.2,11.399999999999991
Einiosaurus procurvicornis,Einiosaurus,Ceratopsidae,,,Ornithischia,Herbivore,Campanian,Campanian,Upper Cretaceous,Upper Cretaceous,83.6,72.2,11.399999999999991
Pachyrhinosaurus canadensis,Pachyrhinosaurus,Ceratopsidae,,,Ornithischia,Herbivore,Campanian,Maastrichtian,Upper Cretaceous,Upper Cretaceous,83.6,66.0,17.599999999999994
Pachyrhinosaurus lakustai,Pachyrhinosaurus,Ceratopsidae,,,Ornithischia,Herbivore,Campanian,Campanian,Upper Cretaceous,Upper Cretaceous,83.6,72.2,11.399999999999991
Pachyrhinosaurus perotorum,Pachyrhinosaurus,Ceratopsidae,,,Ornithischia,Herbivore,Campanian,Maastrichtian,Upper Cretaceous,Upper Cretaceous,72.2,66.0,6.200000000000003
Diabloceratops eatoni,Diabloceratops,Ceratopsidae,,,Ornithischia,Herbivore,Campanian,Campanian,Upper Cretaceous,Upper Cretaceous,83.6,72.2,11.399999999999991
Machairoceratops cronusi,Machairoceratops,Ceratopsidae,,,Ornithischia,Herbivore,Campanian,Campanian,Upper Cretaceous,Upper Cretaceous,83.6,72.2,11.399999999999991
Menefeeceratops sealeyi,Menefeeceratops,Ceratopsidae,,,Ornithischia,Herbivore,Campanian,Campanian,Upper Cretaceous,Upper Cretaceous,83.6,72.2,11.399999999999991
Monoclonius crassus,Monoclonius,Ceratopsidae,,,Ornithischia,Herbivore,Campanian,Campanian,Upper Cretaceous,Upper Cretaceous,83.6,72.2,11.399999999999991
Sinoceratops zhuchengensis,Sinoceratops,Ceratopsidae,,,Ornithischia,Herbivore,Campanian,Campanian,Upper Cretaceous,Upper Cretaceous,83.6,72.2,11.399999999999991
Stellasaurus ancellae,Stellasaurus,Ceratopsidae,,,Ornithischia,Herbivore,Campanian,Campanian,Upper Cretaceous,Upper Cretaceous,83.6,72.2,11.399999999999991
Wendiceratops pinhornensis,Wendiceratops,Ceratopsidae,,,Ornithischia,Herbivore,Campanian,Campanian,Upper Cretaceous,Upper Cretaceous,83.6,72.2,11.399999999999991
Xenoceratops foremostensis,Xenoceratops,Ceratopsidae,,,Ornithischia,Herbivore,Campanian,Campanian,Upper Cretaceous,Upper Cretaceous,83.6,72.2,11.399999999999991
Eotriceratops xerinsularis,Eotriceratops,Ceratopsidae,,,Ornithischia,Herbivore,Campanian,Maastrichtian,Upper Cretaceous,Upper Cretaceous,72.2,66.0,6.200000000000003
Regaliceratops peterhewsi,Regaliceratops,Ceratopsidae,,,Ornithischia,Herbivore,Campanian,Maastrichtian,Upper Cretaceous,Upper Cretaceous,72.2,66.0,6.200000000000003
Titanoceratops ouranos,Titanoceratops,Ceratopsidae,,,Ornithischia,Herbivore,Campanian,Campanian,Upper Cretaceous,Upper Cretaceous,83.6,72.2,11.399999999999991
Torosaurus latus,Torosaurus,Ceratopsidae,,,Ornithischia,Herbivore,Campanian,Maastrichtian,Upper Cretaceous,Upper Cretaceous,72.2,66.0,6.200000000000003
Ojoceratops fowleri,Triceratops,Ceratopsidae,,,Ornithischia,Herbivore,Campanian,Maastrichtian,Upper Cretaceous,Upper Cretaceous,72.2,66.0,6.200000000000003
Tatankaceratops sacrisonorum,Triceratops,Ceratopsidae,,,Ornithischia,Herbivore,Campanian,Maastrichtian,Upper Cretaceous,Upper Cretaceous,72.2,66.0,6.200000000000003
Triceratops horridus,Triceratops,Ceratopsidae,,,Ornithischia,Herbivore,Campanian,Maastrichtian,Upper Cretaceous,Upper Cretaceous,83.6,66.0,17.599999999999994
Triceratops prorsus,Triceratops,Ceratopsidae,,,Ornithischia,Herbivore,Campanian,Maastrichtian,Upper Cretaceous,Upper Cretaceous,72.2,66.0,6.200000000000003
Agujaceratops mariscalensis,Agujaceratops,Ceratopsidae,,,Ornithischia,Herbivore,Campanian,Campanian,Upper Cretaceous,Upper Cretaceous,83.6,72.2,11.399999999999991
Agujaceratops mavericus,Agujaceratops,Ceratopsidae,,,Ornithischia,Herbivore,Campanian,Campanian,Upper Cretaceous,Upper Cretaceous,83.6,72.2,11.399999999999991
Anchiceratops ornatus,Anchiceratops,Ceratopsidae,,,Ornithischia,Herbivore,Campanian,Maastrichtian,Upper Cretaceous,Upper Cretaceous,83.6,66.0,17.599999999999994
Arrhinoceratops brachyops,Arrhinoceratops,Ceratopsidae,,,Ornithischia,Herbivore,Campanian,Maastrichtian,Upper Cretaceous,Upper Cretaceous,83.6,66.0,17.599999999999994
Bisticeratops froeseorum,Bisticeratops,Ceratopsidae,,,Ornithischia,Herbivore,Campanian,Campanian,Upper Cretaceous,Upper Cretaceous,83.6,72.2,11.399999999999991
Bravoceratops polyphemus,Bravoceratops,Ceratopsidae,,,Ornithischia,Herbivore,Campanian,Maastrichtian,Upper Cretaceous,Upper Cretaceous,72.2,66.0,6.200000000000003
Chasmosaurus belli,Chasmosaurus,Ceratopsidae,,,Ornithischia,Herbivore,Campanian,Campanian,Upper Cretaceous,Upper Cretaceous,83.6,72.2,11.399999999999991
Chasmosaurus russelli,Chasmosaurus,Ceratopsidae,,,Ornithischia,Herbivore,Campanian,Campanian,Upper Cretaceous,Upper Cretaceous,83.6,72.2,11.399999999999991
Coahuilaceratops magnacuerna,Coahuilaceratops,Ceratopsidae,,,Ornithischia,Herbivore,Campanian,Maastrichtian,Upper Cretaceous,Upper Cretaceous,72.2,66.0,6.200000000000003
Judiceratops tigris,Judiceratops,Ceratopsidae,,,Ornithischia,Herbivore,Campanian,Campanian,Upper Cretaceous,Upper Cretaceous,83.6,72.2,11.399999999999991
Kosmoceratops richardsoni,Kosmoceratops,Ceratopsidae,,,Ornithischia,Herbivore,Campanian,Campanian,Upper Cretaceous,Upper Cretaceous,83.6,72.2,11.399999999999991
Navajoceratops sullivani,Navajoceratops,Ceratopsidae,,,Ornithischia,Herbivore,Campanian,Campanian,Upper Cretaceous,Upper Cretaceous,83.6,72.2,11.399999999999991
Pentaceratops sternbergii,Pentaceratops,Ceratopsidae,,,Ornithischia,Herbivore,Campanian,Maastrichtian,Upper Cretaceous,Upper Cretaceous,83.6,66.0,17.599999999999994
Sierraceratops turneri,Sierraceratops,Ceratopsidae,,,Ornithischia,Herbivore,Campanian,Maastrichtian,Upper Cretaceous,Upper Cretaceous,83.6,66.0,17.599999999999994
Spiclypeus shipporum,Spiclypeus,Ceratopsidae,,,Ornithischia,Herbivore,Campanian,Campanian,Upper Cretaceous,Upper Cretaceous,83.6,72.2,11.399999999999991
Terminocavus sealeyi,Terminocavus,Ceratopsidae,,,Ornithischia,Herbivore,Campanian,Campanian,Upper Cretaceous,Upper Cretaceous,83.6,72.2,11.399999999999991
Utahceratops gettyi,Utahceratops,Ceratopsidae,,,Ornithischia,Herbivore,Campanian,Campanian,Upper Cretaceous,Upper Cretaceous,83.6,72.2,11.399999999999991
Vagaceratops irvinensis,Vagaceratops,Ceratopsidae,,,Ornithischia,Herbivore,Campanian,Campanian,Upper Cretaceous,Upper Cretaceous,83.6,72.2,11.399999999999991
Albalophosaurus yamaguchiorum,Albalophosaurus,,,,Ornithischia,Herbivore,Barremian,Barremian,Lower Cretaceous,Lower Cretaceous,125.77,121.4,4.36999999999999
Micropachycephalosaurus hongtuyanensis,Micropachycephalosaurus,,,,Ornithischia,Herbivore,Coniacian,Santonian,Upper Cretaceous,Upper Cretaceous,89.8,83.6,6.200000000000003
Notoceratops bonarelli,Notoceratops,,,,Ornithischia,Herbivore,Campanian,Maastrichtian,Upper Cretaceous,Upper Cretaceous,72.2,66.0,6.200000000000003
Psittacosaurus amitabha,Psittacosaurus,Psittacosauridae,Ceratopsia,,Ornithischia,Herbivore,Hauterivian,Barremian,Lower Cretaceous,Lower Cretaceous,132.6,121.4,11.199999999999989
Psittacosaurus gobiensis,Psittacosaurus,Psittacosauridae,Ceratopsia,,Ornithischia,Herbivore,Aptian,Aptian,Lower Cretaceous,Lower Cretaceous,121.4,113.2,8.200000000000003
Psittacosaurus lujiatunensis,Psittacosaurus,Psittacosauridae,Ceratopsia,,Ornithischia,Herbivore,Barremian,Aptian,Lower Cretaceous,Lower Cretaceous,125.77,119.57,6.200000000000003
Psittacosaurus meileyingensis,Psittacosaurus,Psittacosauridae,Ceratopsia,,Ornithischia,Herbivore,Aptian,Aptian,Lower Cretaceous,Lower Cretaceous,121.4,113.2,8.200000000000003
Psittacosaurus mongoliensis,Psittacosaurus,Psittacosauridae,Ceratopsia,,Ornithischia,Herbivore,Aptian,Albian,Lower Cretaceous,Lower Cretaceous,121.4,110.1,11.300000000000011
Psittacosaurus neimongoliensis,Psittacosaurus,Psittacosauridae,Ceratopsia,,Ornithischia,Herbivore,Berriasian,Albian,Lower Cretaceous,Lower Cretaceous,143.1,100.5,42.599999999999994
Psittacosaurus sibiricus,Psittacosaurus,Psittacosauridae,Ceratopsia,,Ornithischia,Herbivore,Barremian,Aptian,Lower Cretaceous,Lower Cretaceous,125.77,113.2,12.569999999999993
Psittacosaurus sinensis,Psittacosaurus,Psittacosauridae,Ceratopsia,,Ornithischia,Herbivore,Aptian,Albian,Lower Cretaceous,Lower Cretaceous,121.4,100.5,20.900000000000006
Psittacosaurus xinjiangensis,Psittacosaurus,Psittacosauridae,Ceratopsia,,Ornithischia,Herbivore,Valanginian,Albian,Lower Cretaceous,Lower Cretaceous,137.05,100.5,36.55000000000001
Serendipaceratops arthurcclarkei,Serendipaceratops,,,,Ornithischia,Herbivore,Aptian,Aptian,Lower Cretaceous,Lower Cretaceous,121.4,119.57,1.8300000000000125
Homalocephale calathocercos,Homalocephale,Pachycephalosauridae,Pachycephalosauria,,Ornithischia,Herbivore,Campanian,Maastrichtian,Upper Cretaceous,Upper Cretaceous,72.2,66.0,6.200000000000003
Pachycephalosaurus wyomingensis,Pachycephalosaurus,Pachycephalosauridae,Pachycephalosauria,,Ornithischia,Herbivore,Campanian,Maastrichtian,Upper Cretaceous,Upper Cretaceous,83.6,66.0,17.599999999999994
Prenocephale prenes,Prenocephale,Pachycephalosauridae,Pachycephalosauria,,Ornithischia,Herbivore,Campanian,Maastrichtian,Upper Cretaceous,Upper Cretaceous,72.2,66.0,6.200000000000003
Stegoceras novomexicanum,Stegoceras,Pachycephalosauridae,Pachycephalosauria,,Ornithischia,Herbivore,Campanian,Campanian,Upper Cretaceous,Upper Cretaceous,83.6,72.2,11.399999999999991
Stegoceras validum,Stegoceras,Pachycephalosauridae,Pachycephalosauria,,Ornithischia,Herbivore,Campanian,Campanian,Upper Cretaceous,Upper Cretaceous,83.6,72.2,11.399999999999991
Alaskacephale gangloffi,Alaskacephale,Pachycephalosauridae,Pachycephalosauria,,Ornithischia,Herbivore,Campanian,Maastrichtian,Upper Cretaceous,Upper Cretaceous,72.2,66.0,6.200000000000003
Acrotholus audeti,Acrotholus,Pachycephalosauridae,Pachycephalosauria,,Ornithischia,Herbivore,Santonian,Santonian,Upper Cretaceous,Upper Cretaceous,85.7,83.6,2.1000000000000085
Foraminacephale brevis,Foraminacephale,Pachycephalosauridae,Pachycephalosauria,,Ornithischia,Herbivore,Campanian,Campanian,Upper Cretaceous,Upper Cretaceous,83.6,72.2,11.399999999999991
Platytholus clemensi,Platytholus,Pachycephalosauridae,Pachycephalosauria,,Ornithischia,Herbivore,Campanian,Maastrichtian,Upper Cretaceous,Upper Cretaceous,72.2,66.0,6.200000000000003
Sphaerotholus buchholtzae,Sphaerotholus,Pachycephalosauridae,Pachycephalosauria,,Ornithischia,Herbivore,Campanian,Maastrichtian,Upper Cretaceous,Upper Cretaceous,72.2,66.0,6.200000000000003
Sphaerotholus edmontonensis,Sphaerotholus,Pachycephalosauridae,Pachycephalosauria,,Ornithischia,Herbivore,Campanian,Maastrichtian,Upper Cretaceous,Upper Cretaceous,83.6,66.0,17.599999999999994
Sphaerotholus goodwini,Sphaerotholus,Pachycephalosauridae,Pachycephalosauria,,Ornithischia,Herbivore,Campanian,Campanian,Upper Cretaceous,Upper Cretaceous,83.6,72.2,11.399999999999991
Sphaerotholus lyonsi,Sphaerotholus,Pachycephalosauridae,Pachycephalosauria,,Ornithischia,Herbivore,Campanian,Campanian,Upper Cretaceous,Upper Cretaceous,83.6,72.2,11.399999999999991
Sphaerotholus triregnum,Sphaerotholus,Pachycephalosauridae,Pachycephalosauria,,Ornithischia,Herbivore,Campanian,Maastrichtian,Upper Cretaceous,Upper Cretaceous,72.2,66.0,6.200000000000003
Amtocephale gobiensis,Amtocephale,Pachycephalosauridae,Pachycephalosauria,,Ornithischia,Herbivore,Cenomanian,Santonian,Upper Cretaceous,Upper Cretaceous,100.5,83.6,16.900000000000006
Colepiocephale lambei,Colepiocephale,Pachycephalosauridae,Pachycephalosauria,,Ornithischia,Herbivore,Campanian,Campanian,Upper Cretaceous,Upper Cretaceous,83.6,72.2,11.399999999999991
Gravitholus albertae,Gravitholus,Pachycephalosauridae,Pachycephalosauria,,Ornithischia,Herbivore,Campanian,Campanian,Upper Cretaceous,Upper Cretaceous,83.6,72.2,11.399999999999991
Hanssuesia sternbergi,Hanssuesia,Pachycephalosauridae,Pachycephalosauria,,Ornithischia,Herbivore,Campanian,Campanian,Upper Cretaceous,Upper Cretaceous,83.6,72.2,11.399999999999991
Sinocephale bexelli,Sinocephale,Pachycephalosauridae,Pachycephalosauria,,Ornithischia,Herbivore,Campanian,Maastrichtian,Upper Cretaceous,Upper Cretaceous,83.6,66.0,17.599999999999994
Tylocephale gilmorei,Tylocephale,Pachycephalosauridae,Pachycephalosauria,,Ornithischia,Herbivore,Campanian,Campanian,Upper Cretaceous,Upper Cretaceous,83.6,72.2,11.399999999999991
Goyocephale lattimorei,Goyocephale,Pachycephalosauridae,Pachycephalosauria,,Ornithischia,Herbivore,Santonian,Maastrichtian,Upper Cretaceous,Upper Cretaceous,85.7,66.0,19.700000000000003
Tianyulong confuciusi,Tianyulong,Heterodontosauridae,,,Ornithischia,Herbivore,Bathonian,Kimmeridgian,Middle Jurassic,Upper Jurassic,168.2,152.21,15.98999999999998
Wannanosaurus yansiensis,Wannanosaurus,,Pachycephalosauria,,Ornithischia,Herbivore,Campanian,Maastrichtian,Upper Cretaceous,Upper Cretaceous,72.2,66.0,6.200000000000003
Gasparinisaura cincosaltensis,Gasparinisaura,,Ornithopoda,,Ornithischia,Herbivore,Campanian,Campanian,Upper Cretaceous,Upper Cretaceous,83.6,72.2,11.399999999999991
Daurosaurus olovus,Daurosaurus,,,Neornithischia,Ornithischia,Herbivore,Bathonian,Berriasian,Middle Jurassic,Lower Cretaceous,168.2,143.1,25.099999999999994
Hypsilophodon foxii,Hypsilophodon,Hypsilophodontidae,,,Ornithischia,Herbivore,Barremian,Barremian,Lower Cretaceous,Lower Cretaceous,125.77,121.4,4.36999999999999
Vectidromeus insularis,Vectidromeus,Dryosauridae,Ornithopoda,,Ornithischia,Herbivore,Berriasian,Albian,Lower Cretaceous,Lower Cretaceous,143.1,100.5,42.599999999999994
Lophorhothon atopus,Lophorhothon,,Ornithopoda,,Ornithischia,Herbivore,Santonian,Campanian,Upper Cretaceous,Upper Cretaceous,85.7,72.2,13.5
Barilium dawsoni,Barilium,,Ornithopoda,,Ornithischia,Herbivore,Valanginian,Barremian,Lower Cretaceous,Lower Cretaceous,137.05,121.4,15.650000000000006
Bolong yixianensis,Bolong,,Ornithopoda,,Ornithischia,Herbivore,Barremian,Aptian,Lower Cretaceous,Lower Cretaceous,125.77,119.57,6.200000000000003
Jinzhousaurus yangi,Jinzhousaurus,,Ornithopoda,,Ornithischia,Herbivore,Barremian,Aptian,Lower Cretaceous,Lower Cretaceous,125.77,119.57,6.200000000000003
Altirhinus kurzanovi,Altirhinus,,Ornithopoda,,Ornithischia,Herbivore,Albian,Albian,Lower Cretaceous,Lower Cretaceous,110.1,100.5,9.599999999999994
Hypselospinus fittoni,Hypselospinus,,Ornithopoda,,Ornithischia,Herbivore,Valanginian,Valanginian,Lower Cretaceous,Lower Cretaceous,139.1,132.6,6.5
Ouranosaurus nigeriensis,Ouranosaurus,,Ornithopoda,,Ornithischia,Herbivore,Aptian,Albian,Lower Cretaceous,Lower Cretaceous,121.4,100.5,20.900000000000006
Bayannurosaurus perfectus,Bayannurosaurus,,Ornithopoda,,Ornithischia,Herbivore,Aptian,Aptian,Lower Cretaceous,Lower Cretaceous,121.4,119.57,1.8300000000000125
Camptosaurus aphanoecetes,Camptosaurus,Camptosauridae,Ornithopoda,,Ornithischia,Herbivore,Tithonian,Tithonian,Upper Jurassic,Upper Jurassic,149.2,145.06,4.139999999999986
Camptosaurus dispar,Camptosaurus,Camptosauridae,Ornithopoda,,Ornithischia,Herbivore,Kimmeridgian,Berriasian,Upper Jurassic,Lower Cretaceous,154.8,143.1,11.700000000000017
Iguanodon bernissartensis,Iguanodon,Iguanodontidae,Ornithopoda,,Ornithischia,Herbivore,Tithonian,Aptian,Upper Jurassic,Lower Cretaceous,145.06,119.57,25.49000000000001
Iguanodon galvensis,Iguanodon,Iguanodontidae,Ornithopoda,,Ornithischia,Herbivore,Barremian,Barremian,Lower Cretaceous,Lower Cretaceous,125.77,121.4,4.36999999999999
Iguanodon major,Iguanodon,Iguanodontidae,Ornithopoda,,Ornithischia,Herbivore,Hauterivian,Barremian,Lower Cretaceous,Lower Cretaceous,132.6,121.4,11.199999999999989
Oblitosaurus bunnueli,Oblitosaurus,,Ornithopoda,,Ornithischia,Herbivore,Kimmeridgian,Berriasian,Upper Jurassic,Lower Cretaceous,152.21,143.1,9.110000000000014
Acristavus gagslarsoni,Acristavus,Hadrosauridae,Ornithopoda,,Ornithischia,Herbivore,Campanian,Campanian,Upper Cretaceous,Upper Cretaceous,83.6,72.2,11.399999999999991
Brachylophosaurus canadensis,Brachylophosaurus,Hadrosauridae,Ornithopoda,,Ornithischia,Herbivore,Campanian,Campanian,Upper Cretaceous,Upper Cretaceous,83.6,72.2,11.399999999999991
Hadrosaurus foulkii,Hadrosaurus,Hadrosauridae,Ornithopoda,,Ornithischia,Herbivore,Campanian,Campanian,Upper Cretaceous,Upper Cretaceous,83.6,72.2,11.399999999999991
Maiasaura peeblesorum,Maiasaura,Hadrosauridae,Ornithopoda,,Ornithischia,Herbivore,Campanian,Campanian,Upper Cretaceous,Upper Cretaceous,83.6,72.2,11.399999999999991
Ornatops incantatus,Ornatops,Hadrosauridae,Ornithopoda,,Ornithischia,Herbivore,Campanian,Campanian,Upper Cretaceous,Upper Cretaceous,83.6,72.2,11.399999999999991
Probrachylophosaurus bergei,Probrachylophosaurus,Hadrosauridae,Ornithopoda,,Ornithischia,Herbivore,Campanian,Campanian,Upper Cretaceous,Upper Cretaceous,83.6,72.2,11.399999999999991
Wulagasaurus dongi,Wulagasaurus,Hadrosauridae,Ornithopoda,,Ornithischia,Herbivore,Campanian,Maastrichtian,Upper Cretaceous,Upper Cretaceous,72.2,66.0,6.200000000000003
Edmontosaurus annectens,Edmontosaurus,Hadrosauridae,Ornithopoda,,Ornithischia,Herbivore,Campanian,Maastrichtian,Upper Cretaceous,Upper Cretaceous,83.6,66.0,17.599999999999994
Edmontosaurus regalis,Edmontosaurus,Hadrosauridae,Ornithopoda,,Ornithischia,Herbivore,Campanian,Maastrichtian,Upper Cretaceous,Upper Cretaceous,83.6,66.0,17.599999999999994
Kerberosaurus manakini,Kerberosaurus,Hadrosauridae,Ornithopoda,,Ornithischia,Herbivore,Campanian,Maastrichtian,Upper Cretaceous,Upper Cretaceous,72.2,66.0,6.200000000000003
Shantungosaurus giganteus,Shantungosaurus,Hadrosauridae,Ornithopoda,,Ornithischia,Herbivore,Campanian,Maastrichtian,Upper Cretaceous,Upper Cretaceous,83.6,66.0,17.599999999999994
Ugrunaaluk kuukpikensis,Ugrunaaluk,Hadrosauridae,Ornithopoda,,Ornithischia,Herbivore,Campanian,Maastrichtian,Upper Cretaceous,Upper Cretaceous,72.2,66.0,6.200000000000003
Coahuilasaurus lipani,Coahuilasaurus,Hadrosauridae,Ornithopoda,,Ornithischia,Herbivore,Campanian,Campanian,Upper Cretaceous,Upper Cretaceous,83.6,72.2,11.399999999999991
Gryposaurus latidens,Gryposaurus,Hadrosauridae,Ornithopoda,,Ornithischia,Herbivore,Campanian,Campanian,Upper Cretaceous,Upper Cretaceous,83.6,72.2,11.399999999999991
Gryposaurus monumentensis,Gryposaurus,Hadrosauridae,Ornithopoda,,Ornithischia,Herbivore,Campanian,Campanian,Upper Cretaceous,Upper Cretaceous,83.6,72.2,11.399999999999991
Gryposaurus notabilis,Gryposaurus,Hadrosauridae,Ornithopoda,,Ornithischia,Herbivore,Campanian,Campanian,Upper Cretaceous,Upper Cretaceous,83.6,72.2,11.399999999999991
Huallasaurus australis,Huallasaurus,Hadrosauridae,Ornithopoda,,Ornithischia,Herbivore,Campanian,Maastrichtian,Upper Cretaceous,Upper Cretaceous,83.6,66.0,17.599999999999994
Kelumapusaura machi,Kelumapusaura,Hadrosauridae,Ornithopoda,,Ornithischia,Herbivore,Campanian,Maastrichtian,Upper Cretaceous,Upper Cretaceous,83.6,66.0,17.599999999999994
Kritosaurus navajovius,Kritosaurus,Hadrosauridae,Ornithopoda,,Ornithischia,Herbivore,Campanian,Campanian,Upper Cretaceous,Upper Cretaceous,83.6,72.2,11.399999999999991
Naashoibitosaurus ostromi,Naashoibitosaurus,Hadrosauridae,Ornithopoda,,Ornithischia,Herbivore,Campanian,Campanian,Upper Cretaceous,Upper Cretaceous,83.6,72.2,11.399999999999991
Secernosaurus koerneri,Secernosaurus,Hadrosauridae,Ornithopoda,,Ornithischia,Herbivore,Campanian,Maastrichtian,Upper Cretaceous,Upper Cretaceous,83.6,66.0,17.599999999999994
Augustynolophus morrisi,Augustynolophus,Hadrosauridae,Ornithopoda,,Ornithischia,Herbivore,Campanian,Maastrichtian,Upper Cretaceous,Upper Cretaceous,72.2,66.0,6.200000000000003
Bonapartesaurus rionegrensis,Bonapartesaurus,Hadrosauridae,Ornithopoda,,Ornithischia,Herbivore,Campanian,Maastrichtian,Upper Cretaceous,Upper Cretaceous,83.6,66.0,17.599999999999994
Prosaurolophus maximus,Prosaurolophus,Hadrosauridae,Ornithopoda,,Ornithischia,Herbivore,Campanian,Maastrichtian,Upper Cretaceous,Upper Cretaceous,83.6,66.0,17.599999999999994
Saurolophus angustirostris,Saurolophus,Hadrosauridae,Ornithopoda,,Ornithischia,Herbivore,Campanian,Maastrichtian,Upper Cretaceous,Upper Cretaceous,72.2,66.0,6.200000000000003
Saurolophus osborni,Saurolophus,Hadrosauridae,Ornithopoda,,Ornithischia,Herbivore,Campanian,Maastrichtian,Upper Cretaceous,Upper Cretaceous,83.6,66.0,17.599999999999994
Anasazisaurus horneri,Anasazisaurus,Hadrosauridae,Ornithopoda,,Ornithischia,Herbivore,Campanian,Campanian,Upper Cretaceous,Upper Cretaceous,83.6,72.2,11.399999999999991
Kamuysaurus japonicus,Kamuysaurus,Hadrosauridae,Ornithopoda,,Ornithischia,Herbivore,Campanian,Maastrichtian,Upper Cretaceous,Upper Cretaceous,72.2,66.0,6.200000000000003
Mandschurosaurus amurensis,Mandschurosaurus,Hadrosauridae,Ornithopoda,,Ornithischia,Herbivore,Campanian,Maastrichtian,Upper Cretaceous,Upper Cretaceous,72.2,66.0,6.200000000000003
Adynomosaurus arcanus,Adynomosaurus,Hadrosauridae,Ornithopoda,,Ornithischia,Herbivore,Campanian,Maastrichtian,Upper Cretaceous,Upper Cretaceous,72.2,66.0,6.200000000000003
Ajnabia odysseus,Ajnabia,Hadrosauridae,Ornithopoda,,Ornithischia,Herbivore,Campanian,Maastrichtian,Upper Cretaceous,Upper Cretaceous,72.2,66.0,6.200000000000003
Arenysaurus ardevoli,Arenysaurus,Hadrosauridae,Ornithopoda,,Ornithischia,Herbivore,Campanian,Maastrichtian,Upper Cretaceous,Upper Cretaceous,72.2,66.0,6.200000000000003
Blasisaurus canudoi,Blasisaurus,Hadrosauridae,Ornithopoda,,Ornithischia,Herbivore,Campanian,Maastrichtian,Upper Cretaceous,Upper Cretaceous,72.2,66.0,6.200000000000003
Canardia garonnensis,Canardia,Hadrosauridae,Ornithopoda,,Ornithischia,Herbivore,Campanian,Maastrichtian,Upper Cretaceous,Upper Cretaceous,72.2,66.0,6.200000000000003
Minqaria bata,Minqaria,Hadrosauridae,Ornithopoda,,Ornithischia,Herbivore,Campanian,Maastrichtian,Upper Cretaceous,Upper Cretaceous,72.2,66.0,6.200000000000003
Pararhabdodon isonensis,Pararhabdodon,Hadrosauridae,Ornithopoda,,Ornithischia,Herbivore,Campanian,Maastrichtian,Upper Cretaceous,Upper Cretaceous,72.2,66.0,6.200000000000003
Corythosaurus casuarius,Corythosaurus,Hadrosauridae,Ornithopoda,,Ornithischia,Herbivore,Campanian,Campanian,Upper Cretaceous,Upper Cretaceous,83.6,72.2,11.399999999999991
Corythosaurus intermedius,Corythosaurus,Hadrosauridae,Ornithopoda,,Ornithischia,Herbivore,Campanian,Campanian,Upper Cretaceous,Upper Cretaceous,83.6,72.2,11.399999999999991
Hypacrosaurus altispinus,Hypacrosaurus,Hadrosauridae,Ornithopoda,,Ornithischia,Herbivore,Campanian,Maastrichtian,Upper Cretaceous,Upper Cretaceous,83.6,66.0,17.599999999999994
Hypacrosaurus stebingeri,Hypacrosaurus,Hadrosauridae,Ornithopoda,,Ornithischia,Herbivore,Campanian,Campanian,Upper Cretaceous,Upper Cretaceous,83.6,72.2,11.399999999999991
Lambeosaurus clavinitialis,Lambeosaurus,Hadrosauridae,Ornithopoda,,Ornithischia,Herbivore,Campanian,Campanian,Upper Cretaceous,Upper Cretaceous,83.6,72.2,11.399999999999991
Lambeosaurus lambei,Lambeosaurus,Hadrosauridae,Ornithopoda,,Ornithischia,Herbivore,Campanian,Campanian,Upper Cretaceous,Upper Cretaceous,83.6,72.2,11.399999999999991
Lambeosaurus magnicristatus,Lambeosaurus,Hadrosauridae,Ornithopoda,,Ornithischia,Herbivore,Campanian,Campanian,Upper Cretaceous,Upper Cretaceous,83.6,72.2,11.399999999999991
Velafrons coahuilensis,Velafrons,Hadrosauridae,Ornithopoda,,Ornithischia,Herbivore,Campanian,Campanian,Upper Cretaceous,Upper Cretaceous,83.6,72.2,11.399999999999991
Magnapaulia laticaudus,Magnapaulia,Hadrosauridae,Ornithopoda,,Ornithischia,Herbivore,Campanian,Campanian,Upper Cretaceous,Upper Cretaceous,83.6,72.2,11.399999999999991
Charonosaurus jiayinensis,Charonosaurus,Hadrosauridae,Ornithopoda,,Ornithischia,Herbivore,Campanian,Maastrichtian,Upper Cretaceous,Upper Cretaceous,72.2,66.0,6.200000000000003
Parasaurolophus cyrtocristatus,Parasaurolophus,Hadrosauridae,Ornithopoda,,Ornithischia,Herbivore,Campanian,Campanian,Upper Cretaceous,Upper Cretaceous,83.6,72.2,11.399999999999991
Parasaurolophus tubicen,Parasaurolophus,Hadrosauridae,Ornithopoda,,Ornithischia,Herbivore,Campanian,Campanian,Upper Cretaceous,Upper Cretaceous,83.6,72.2,11.399999999999991
Parasaurolophus walkeri,Parasaurolophus,Hadrosauridae,Ornithopoda,,Ornithischia,Herbivore,Campanian,Campanian,Upper Cretaceous,Upper Cretaceous,83.6,72.2,11.399999999999991
Tlatolophus galorum,Tlatolophus,Hadrosauridae,Ornithopoda,,Ornithischia,Herbivore,Campanian,Campanian,Upper Cretaceous,Upper Cretaceous,83.6,72.2,11.399999999999991
Adelolophus hutchisoni,Adelolophus,Hadrosauridae,Ornithopoda,,Ornithischia,Herbivore,Campanian,Campanian,Upper Cretaceous,Upper Cretaceous,83.6,72.2,11.399999999999991
Amurosaurus riabinini,Amurosaurus,Hadrosauridae,Ornithopoda,,Ornithischia,Herbivore,Campanian,Maastrichtian,Upper Cretaceous,Upper Cretaceous,72.2,66.0,6.200000000000003
Angulomastacator daviesi,Angulomastacator,Hadrosauridae,Ornithopoda,,Ornithischia,Herbivore,Campanian,Campanian,Upper Cretaceous,Upper Cretaceous,83.6,72.2,11.399999999999991
Aralosaurus tuberiferus,Aralosaurus,Hadrosauridae,Ornithopoda,,Ornithischia,Herbivore,Santonian,Campanian,Upper Cretaceous,Upper Cretaceous,85.7,72.2,13.5
Jaxartosaurus aralensis,Jaxartosaurus,Hadrosauridae,Ornithopoda,,Ornithischia,Herbivore,Coniacian,Santonian,Upper Cretaceous,Upper Cretaceous,89.8,83.6,6.200000000000003
Kazaklambia convincens,Kazaklambia,Hadrosauridae,Ornithopoda,,Ornithischia,Herbivore,Coniacian,Santonian,Upper Cretaceous,Upper Cretaceous,89.8,83.6,6.200000000000003
Latirhinus uitstlani,Latirhinus,Hadrosauridae,Ornithopoda,,Ornithischia,Herbivore,Campanian,Campanian,Upper Cretaceous,Upper Cretaceous,83.6,72.2,11.399999999999991
Nipponosaurus sachalinensis,Nipponosaurus,Hadrosauridae,Ornithopoda,,Ornithischia,Herbivore,Santonian,Campanian,Upper Cretaceous,Upper Cretaceous,85.7,72.2,13.5
Olorotitan arharensis,Olorotitan,Hadrosauridae,Ornithopoda,,Ornithischia,Herbivore,Campanian,Maastrichtian,Upper Cretaceous,Upper Cretaceous,72.2,66.0,6.200000000000003
Tsintaosaurus spinorhinus,Tsintaosaurus,Hadrosauridae,Ornithopoda,,Ornithischia,Herbivore,Campanian,Campanian,Upper Cretaceous,Upper Cretaceous,83.6,72.2,11.399999999999991
Barsboldia sicinskii,Barsboldia,Hadrosauridae,Ornithopoda,,Ornithischia,Herbivore,Campanian,Maastrichtian,Upper Cretaceous,Upper Cretaceous,72.2,66.0,6.200000000000003
Laiyangosaurus youngi,Laiyangosaurus,Hadrosauridae,Ornithopoda,,Ornithischia,Herbivore,Campanian,Campanian,Upper Cretaceous,Upper Cretaceous,83.6,72.2,11.399999999999991
Rhinorex condrupus,Rhinorex,Hadrosauridae,Ornithopoda,,Ornithischia,Herbivore,Campanian,Campanian,Upper Cretaceous,Upper Cretaceous,83.6,72.2,11.399999999999991
Aquilarhinus palimentus,Aquilarhinus,Hadrosauridae,Ornithopoda,,Ornithischia,Herbivore,Campanian,Campanian,Upper Cretaceous,Upper Cretaceous,83.6,72.2,11.399999999999991
Eotrachodon orientalis,Eotrachodon,Hadrosauridae,Ornithopoda,,Ornithischia,Herbivore,Santonian,Santonian,Upper Cretaceous,Upper Cretaceous,85.7,83.6,2.1000000000000085
Lapampasaurus cholinoi,Lapampasaurus,Hadrosauridae,Ornithopoda,,Ornithischia,Herbivore,Campanian,Maastrichtian,Upper Cretaceous,Upper Cretaceous,83.6,66.0,17.599999999999994
Malefica deckerti,Malefica,Hadrosauridae,Ornithopoda,,Ornithischia,Herbivore,Campanian,Campanian,Upper Cretaceous,Upper Cretaceous,83.6,72.2,11.399999999999991
Yamatosaurus izanagii,Yamatosaurus,Hadrosauridae,Ornithopoda,,Ornithischia,Herbivore,Campanian,Maastrichtian,Upper Cretaceous,Upper Cretaceous,72.2,66.0,6.200000000000003
Bactrosaurus johnsoni,Bactrosaurus,,Ornithopoda,,Ornithischia,Herbivore,Campanian,Campanian,Upper Cretaceous,Upper Cretaceous,83.6,72.2,11.399999999999991
Batyrosaurus rozhdestvenskyi,Batyrosaurus,,Ornithopoda,,Ornithischia,Herbivore,Santonian,Campanian,Upper Cretaceous,Upper Cretaceous,85.7,72.2,13.5
Cedrorestes crichtoni,Cedrorestes,,Ornithopoda,,Ornithischia,Herbivore,Valanginian,Valanginian,Lower Cretaceous,Lower Cretaceous,137.05,132.6,4.450000000000017
Claosaurus agilis,Claosaurus,,Ornithopoda,,Ornithischia,Herbivore,Coniacian,Santonian,Upper Cretaceous,Upper Cretaceous,89.8,83.6,6.200000000000003
Datonglong tianzhenensis,Datonglong,,Ornithopoda,,Ornithischia,Herbivore,Cenomanian,Campanian,Upper Cretaceous,Upper Cretaceous,100.5,72.2,28.299999999999997
Eolambia caroljonesa,Eolambia,,Ornithopoda,,Ornithischia,Herbivore,Aptian,Cenomanian,Lower Cretaceous,Upper Cretaceous,121.4,93.9,27.5
Equijubus normani,Equijubus,,Ornithopoda,,Ornithischia,Herbivore,Aptian,Albian,Lower Cretaceous,Lower Cretaceous,113.2,110.1,3.1000000000000085
Fukuisaurus tetoriensis,Fukuisaurus,,Ornithopoda,,Ornithischia,Herbivore,Aptian,Aptian,Lower Cretaceous,Lower Cretaceous,121.4,113.2,8.200000000000003
Fylax thyrakolasus,Fylax,,Ornithopoda,,Ornithischia,Herbivore,Campanian,Maastrichtian,Upper Cretaceous,Upper Cretaceous,72.2,66.0,6.200000000000003
Gilmoreosaurus mongoliensis,Gilmoreosaurus,,Ornithopoda,,Ornithischia,Herbivore,Campanian,Campanian,Upper Cretaceous,Upper Cretaceous,83.6,72.2,11.399999999999991
Gobihadros mongoliensis,Gobihadros,,Ornithopoda,,Ornithischia,Herbivore,Cenomanian,Santonian,Upper Cretaceous,Upper Cretaceous,100.5,83.6,16.900000000000006
Gongpoquansaurus mazongshanensis,Gongpoquansaurus,,Ornithopoda,,Ornithischia,Herbivore,Aptian,Albian,Lower Cretaceous,Lower Cretaceous,113.2,110.1,3.1000000000000085
Gonkoken nanoi,Gonkoken,,Ornithopoda,,Ornithischia,Herbivore,Campanian,Maastrichtian,Upper Cretaceous,Upper Cretaceous,72.2,66.0,6.200000000000003
Huehuecanauhtlus tiquichensis,Huehuecanauhtlus,,Ornithopoda,,Ornithischia,Herbivore,Santonian,Santonian,Upper Cretaceous,Upper Cretaceous,85.7,83.6,2.1000000000000085
Jeyawati rugoculus,Jeyawati,,Ornithopoda,,Ornithischia,Herbivore,Turonian,Turonian,Upper Cretaceous,Upper Cretaceous,93.9,89.8,4.1000000000000085
Jintasaurus meniscus,Jintasaurus,,Ornithopoda,,Ornithischia,Herbivore,Aptian,Aptian,Lower Cretaceous,Lower Cretaceous,121.4,113.2,8.200000000000003
Koshisaurus katsuyama,Koshisaurus,,Ornithopoda,,Ornithischia,Herbivore,Aptian,Aptian,Lower Cretaceous,Lower Cretaceous,121.4,113.2,8.200000000000003
Levnesovia transoxiana,Levnesovia,,Ornithopoda,,Ornithischia,Herbivore,Turonian,Turonian,Upper Cretaceous,Upper Cretaceous,93.9,89.8,4.1000000000000085
Morelladon beltrani,Morelladon,,Ornithopoda,,Ornithischia,Herbivore,Barremian,Barremian,Lower Cretaceous,Lower Cretaceous,125.77,121.4,4.36999999999999
Nanningosaurus dashiensis,Nanningosaurus,,Ornithopoda,,Ornithischia,Herbivore,Cenomanian,Maastrichtian,Upper Cretaceous,Upper Cretaceous,100.5,66.0,34.5
Nanyangosaurus zhugeii,Nanyangosaurus,,Ornithopoda,,Ornithischia,Herbivore,Turonian,Campanian,Upper Cretaceous,Upper Cretaceous,93.9,72.2,21.700000000000003
Penelopognathus weishampeli,Penelopognathus,,Ornithopoda,,Ornithischia,Herbivore,Aptian,Aptian,Lower Cretaceous,Lower Cretaceous,121.4,113.2,8.200000000000003
Plesiohadros djadokhtaensis,Plesiohadros,,Ornithopoda,,Ornithischia,Herbivore,Santonian,Campanian,Upper Cretaceous,Upper Cretaceous,85.7,72.2,13.5
Portellsaurus sosbaynati,Portellsaurus,,Ornithopoda,,Ornithischia,Herbivore,Barremian,Barremian,Lower Cretaceous,Lower Cretaceous,125.77,121.4,4.36999999999999
Probactrosaurus gobiensis,Probactrosaurus,,Ornithopoda,,Ornithischia,Herbivore,Aptian,Albian,Lower Cretaceous,Lower Cretaceous,121.4,100.5,20.900000000000006
Protohadros byrdi,Protohadros,,Ornithopoda,,Ornithischia,Herbivore,Cenomanian,Cenomanian,Upper Cretaceous,Upper Cretaceous,100.5,93.9,6.599999999999994
Qianjiangsaurus changshengi,Qianjiangsaurus,,Ornithopoda,,Ornithischia,Herbivore,Cenomanian,Maastrichtian,Upper Cretaceous,Upper Cretaceous,100.5,66.0,34.5
Ratchasimasaurus suranareae,Ratchasimasaurus,,Ornithopoda,,Ornithischia,Herbivore,Aptian,Aptian,Lower Cretaceous,Lower Cretaceous,121.4,113.2,8.200000000000003
Shuangmiaosaurus gilmorei,Shuangmiaosaurus,,Ornithopoda,,Ornithischia,Herbivore,Albian,Albian,Lower Cretaceous,Lower Cretaceous,106.3,100.5,5.799999999999997
Sirindhorna khoratensis,Sirindhorna,,Ornithopoda,,Ornithischia,Herbivore,Aptian,Aptian,Lower Cretaceous,Lower Cretaceous,121.4,113.2,8.200000000000003
Tanius chingkankouensis,Tanius,,Ornithopoda,,Ornithischia,Herbivore,Campanian,Campanian,Upper Cretaceous,Upper Cretaceous,83.6,72.2,11.399999999999991
Tanius sinensis,Tanius,,Ornithopoda,,Ornithischia,Herbivore,Coniacian,Campanian,Upper Cretaceous,Upper Cretaceous,89.8,72.2,17.599999999999994
Telmatosaurus transsylvanicus,Telmatosaurus,,Ornithopoda,,Ornithischia,Herbivore,Campanian,Maastrichtian,Upper Cretaceous,Upper Cretaceous,83.6,66.0,17.599999999999994
Tethyshadros insularis,Tethyshadros,,Ornithopoda,,Ornithischia,Herbivore,Campanian,Campanian,Upper Cretaceous,Upper Cretaceous,83.6,72.2,11.399999999999991
Xuwulong yueluni,Xuwulong,,Ornithopoda,,Ornithischia,Herbivore,Aptian,Aptian,Lower Cretaceous,Lower Cretaceous,121.4,113.2,8.200000000000003
Yunganglong datongensis,Yunganglong,,Ornithopoda,,Ornithischia,Herbivore,Cenomanian,Santonian,Upper Cretaceous,Upper Cretaceous,100.5,83.6,16.900000000000006
Zhanghenglong yangchengensis,Zhanghenglong,,Ornithopoda,,Ornithischia,Herbivore,Santonian,Santonian,Upper Cretaceous,Upper Cretaceous,85.7,83.6,2.1000000000000085
Zuoyunlong huangi,Zuoyunlong,,Ornithopoda,,Ornithischia,Herbivore,Cenomanian,Santonian,Upper Cretaceous,Upper Cretaceous,100.5,83.6,16.900000000000006
Brighstoneus simmondsi,Brighstoneus,,Ornithopoda,,Ornithischia,Herbivore,Barremian,Barremian,Lower Cretaceous,Lower Cretaceous,125.77,121.4,4.36999999999999
Comptonatus chasei,Comptonatus,Iguanodontidae,Ornithopoda,,Ornithischia,Herbivore,Barremian,Barremian,Lower Cretaceous,Lower Cretaceous,125.77,121.4,4.36999999999999
Proa valdearinnoensis,Proa,,Ornithopoda,,Ornithischia,Herbivore,Aptian,Albian,Lower Cretaceous,Lower Cretaceous,113.2,110.1,3.1000000000000085
Siamodon nimngami,Siamodon,,Ornithopoda,,Ornithischia,Herbivore,Aptian,Aptian,Lower Cretaceous,Lower Cretaceous,121.4,113.2,8.200000000000003
Calvarius rapidus,Calvarius,,Ornithopoda,,Ornithischia,Herbivore,Campanian,Maastrichtian,Upper Cretaceous,Upper Cretaceous,72.2,66.0,6.200000000000003
Cumnoria prestwichii,Cumnoria,,Ornithopoda,,Ornithischia,Herbivore,Kimmeridgian,Kimmeridgian,Upper Jurassic,Upper Jurassic,152.21,149.2,3.0100000000000193
Dakotadon lakotaensis,Dakotadon,,Ornithopoda,,Ornithischia,Herbivore,Valanginian,Valanginian,Lower Cretaceous,Lower Cretaceous,137.05,132.6,4.450000000000017
Delapparentia turolensis,Delapparentia,Iguanodontidae,Ornithopoda,,Ornithischia,Herbivore,Barremian,Barremian,Lower Cretaceous,Lower Cretaceous,125.77,121.4,4.36999999999999
Draconyx loureiroi,Draconyx,,Ornithopoda,,Ornithischia,Herbivore,Kimmeridgian,Tithonian,Upper Jurassic,Upper Jurassic,152.21,145.06,7.150000000000006
Hippodraco scutodens,Hippodraco,,Ornithopoda,,Ornithischia,Herbivore,Valanginian,Valanginian,Lower Cretaceous,Lower Cretaceous,137.05,132.6,4.450000000000017
Iguanacolossus fortis,Iguanacolossus,,Ornithopoda,,Ornithischia,Herbivore,Valanginian,Valanginian,Lower Cretaceous,Lower Cretaceous,139.1,132.6,6.5
Lanzhousaurus magnidens,Lanzhousaurus,,Ornithopoda,,Ornithischia,Herbivore,Barremian,Aptian,Lower Cretaceous,Lower Cretaceous,125.77,113.2,12.569999999999993
Magnamanus soriaensis,Magnamanus,,Ornithopoda,,Ornithischia,Herbivore,Hauterivian,Barremian,Lower Cretaceous,Lower Cretaceous,132.6,121.4,11.199999999999989
Napaisaurus guangxiensis,Napaisaurus,,Ornithopoda,,Ornithischia,Herbivore,Aptian,Aptian,Lower Cretaceous,Lower Cretaceous,121.4,113.2,8.200000000000003
Riabininohadros weberae,Riabininohadros,,Ornithopoda,,Ornithischia,Herbivore,Campanian,Maastrichtian,Upper Cretaceous,Upper Cretaceous,72.2,66.0,6.200000000000003
Theiophytalia kerri,Theiophytalia,,Ornithopoda,,Ornithischia,Herbivore,Aptian,Albian,Lower Cretaceous,Lower Cretaceous,121.4,100.5,20.900000000000006
Callovosaurus leedsi,Callovosaurus,Dryosauridae,Ornithopoda,,Ornithischia,Herbivore,Callovian,Callovian,Middle Jurassic,Middle Jurassic,165.3,161.5,3.8000000000000114
Dryosaurus altus,Dryosaurus,Dryosauridae,Ornithopoda,,Ornithischia,Herbivore,Kimmeridgian,Berriasian,Upper Jurassic,Lower Cretaceous,154.8,143.1,11.700000000000017
Dryosaurus elderae,Dryosaurus,Dryosauridae,Ornithopoda,,Ornithischia,Herbivore,Tithonian,Tithonian,Upper Jurassic,Upper Jurassic,149.2,145.06,4.139999999999986
Dysalotosaurus lettowvorbecki,Dysalotosaurus,Dryosauridae,Ornithopoda,,Ornithischia,Herbivore,Kimmeridgian,Kimmeridgian,Upper Jurassic,Upper Jurassic,152.21,149.2,3.0100000000000193
Elrhazosaurus nigeriensis,Elrhazosaurus,Dryosauridae,Ornithopoda,,Ornithischia,Herbivore,Aptian,Aptian,Lower Cretaceous,Lower Cretaceous,121.4,113.2,8.200000000000003
Valdosaurus canaliculatus,Valdosaurus,Dryosauridae,Ornithopoda,,Ornithischia,Herbivore,Hauterivian,Barremian,Lower Cretaceous,Lower Cretaceous,132.6,121.4,11.199999999999989
Eousdryosaurus nanohallucis,Eousdryosaurus,Dryosauridae,Ornithopoda,,Ornithischia,Herbivore,Kimmeridgian,Tithonian,Upper Jurassic,Upper Jurassic,152.21,145.06,7.150000000000006
Hesperonyx martinhotomasorum,Hesperonyx,,Ornithopoda,,Ornithischia,Herbivore,Kimmeridgian,Kimmeridgian,Upper Jurassic,Upper Jurassic,152.21,149.2,3.0100000000000193
Owenodon hoggii,Owenodon,,Ornithopoda,,Ornithischia,Herbivore,Tithonian,Valanginian,Upper Jurassic,Lower Cretaceous,149.2,139.1,10.099999999999994
Anabisetia saldiviai,Anabisetia,,Ornithopoda,,Ornithischia,Herbivore,Turonian,Turonian,Upper Cretaceous,Upper Cretaceous,93.9,89.8,4.1000000000000085
Atlascopcosaurus loadsi,Atlascopcosaurus,,Ornithopoda,,Ornithischia,Herbivore,Barremian,Albian,Lower Cretaceous,Lower Cretaceous,125.77,110.1,15.670000000000002
Chakisaurus nekul,Chakisaurus,,Ornithopoda,,Ornithischia,Herbivore,Cenomanian,Turonian,Upper Cretaceous,Upper Cretaceous,100.5,89.8,10.700000000000003
Diluvicursor pickeringi,Diluvicursor,,Ornithopoda,,Ornithischia,Herbivore,Aptian,Albian,Lower Cretaceous,Lower Cretaceous,113.2,110.1,3.1000000000000085
Galleonosaurus dorisae,Galleonosaurus,,Ornithopoda,,Ornithischia,Herbivore,Barremian,Albian,Lower Cretaceous,Lower Cretaceous,125.77,110.1,15.670000000000002
Isasicursor santacrucensis,Isasicursor,,Ornithopoda,,Ornithischia,Herbivore,Campanian,Maastrichtian,Upper Cretaceous,Upper Cretaceous,72.2,66.0,6.200000000000003
Kangnasaurus coetzeei,Kangnasaurus,,Ornithopoda,,Ornithischia,Herbivore,Cenomanian,Maastrichtian,Upper Cretaceous,Upper Cretaceous,100.5,66.0,34.5
Leaellynasaura amicagraphica,Leaellynasaura,,Ornithopoda,,Ornithischia,Herbivore,Aptian,Albian,Lower Cretaceous,Lower Cretaceous,113.2,110.1,3.1000000000000085
Macrogryphosaurus gondwanicus,Macrogryphosaurus,,Ornithopoda,,Ornithischia,Herbivore,Coniacian,Santonian,Upper Cretaceous,Upper Cretaceous,89.8,85.7,4.099999999999994
Mahuidacursor lipanglef,Mahuidacursor,,Ornithopoda,,Ornithischia,Herbivore,Santonian,Santonian,Upper Cretaceous,Upper Cretaceous,85.7,83.6,2.1000000000000085
Morrosaurus antarcticus,Morrosaurus,,Ornithopoda,,Ornithischia,Herbivore,Campanian,Maastrichtian,Upper Cretaceous,Upper Cretaceous,72.2,66.0,6.200000000000003
Talenkauen santacrucensis,Talenkauen,,Ornithopoda,,Ornithischia,Herbivore,Campanian,Campanian,Upper Cretaceous,Upper Cretaceous,83.6,72.2,11.399999999999991
Tietasaura derbyiana,Tietasaura,,Ornithopoda,,Ornithischia,Herbivore,Valanginian,Hauterivian,Lower Cretaceous,Lower Cretaceous,137.05,125.77,11.280000000000015
Trinisaura santamartaensis,Trinisaura,,Ornithopoda,,Ornithischia,Herbivore,Campanian,Campanian,Upper Cretaceous,Upper Cretaceous,83.6,72.2,11.399999999999991
Matheronodon provincialis,Matheronodon,Rhabdodontidae,Ornithopoda,,Ornithischia,Herbivore,Campanian,Campanian,Upper Cretaceous,Upper Cretaceous,83.6,72.2,11.399999999999991
Mochlodon vorosi,Mochlodon,Rhabdodontidae,Ornithopoda,,Ornithischia,Herbivore,Santonian,Santonian,Upper Cretaceous,Upper Cretaceous,85.7,83.6,2.1000000000000085
Rhabdodon suessi,Mochlodon,Rhabdodontidae,Ornithopoda,,Ornithischia,Herbivore,Campanian,Maastrichtian,Upper Cretaceous,Upper Cretaceous,83.6,66.0,17.599999999999994
Pareisactus evrostos,Pareisactus,Rhabdodontidae,Ornithopoda,,Ornithischia,Herbivore,Campanian,Maastrichtian,Upper Cretaceous,Upper Cretaceous,72.2,66.0,6.200000000000003
Rhabdodon priscus,Rhabdodon,Rhabdodontidae,Ornithopoda,,Ornithischia,Herbivore,Campanian,Maastrichtian,Upper Cretaceous,Upper Cretaceous,83.6,66.0,17.599999999999994
Rhabdodon septimanicus,Rhabdodon,Rhabdodontidae,Ornithopoda,,Ornithischia,Herbivore,Campanian,Maastrichtian,Upper Cretaceous,Upper Cretaceous,83.6,66.0,17.599999999999994
Transylvanosaurus platycephalus,Transylvanosaurus,Rhabdodontidae,Ornithopoda,,Ornithischia,Herbivore,Campanian,Maastrichtian,Upper Cretaceous,Upper Cretaceous,72.2,66.0,6.200000000000003
Zalmoxes robustus,Zalmoxes,Rhabdodontidae,Ornithopoda,,Ornithischia,Herbivore,Campanian,Maastrichtian,Upper Cretaceous,Upper Cretaceous,83.6,66.0,17.599999999999994
Zalmoxes shqiperorum,Zalmoxes,Rhabdodontidae,Ornithopoda,,Ornithischia,Herbivore,Campanian,Maastrichtian,Upper Cretaceous,Upper Cretaceous,72.2,66.0,6.200000000000003
Emiliasaura alessandrii,Emiliasaura,,Ornithopoda,,Ornithischia,Herbivore,Valanginian,Valanginian,Lower Cretaceous,Lower Cretaceous,137.05,132.6,4.450000000000017
Fostoria dhimbangunmal,Fostoria,,Ornithopoda,,Ornithischia,Herbivore,Cenomanian,Cenomanian,Upper Cretaceous,Upper Cretaceous,100.5,93.9,6.599999999999994
Iani smithi,Iani,,Ornithopoda,,Ornithischia,Herbivore,Cenomanian,Cenomanian,Upper Cretaceous,Upper Cretaceous,100.5,93.9,6.599999999999994
Muttaburrasaurus langdoni,Muttaburrasaurus,,Ornithopoda,,Ornithischia,Herbivore,Albian,Cenomanian,Lower Cretaceous,Upper Cretaceous,106.3,93.9,12.399999999999991
Craspedodon lonzeensis,Craspedodon,,Ceratopsia,,Ornithischia,Herbivore,Coniacian,Santonian,Upper Cretaceous,Upper Cretaceous,89.8,83.6,6.200000000000003
Lurdusaurus arenatus,Lurdusaurus,,Ornithopoda,,Ornithischia,Herbivore,Aptian,Albian,Lower Cretaceous,Lower Cretaceous,113.2,100.5,12.700000000000003
Choyrodon barsboldi,Choyrodon,,Ornithopoda,,Ornithischia,Herbivore,Albian,Albian,Lower Cretaceous,Lower Cretaceous,110.1,100.5,9.599999999999994
Convolosaurus marri,Convolosaurus,,Ornithopoda,,Ornithischia,Herbivore,Aptian,Aptian,Lower Cretaceous,Lower Cretaceous,119.57,113.2,6.36999999999999
Fulgurotherium australe,Fulgurotherium,,,Neornithischia,Ornithischia,Herbivore,Cenomanian,Cenomanian,Upper Cretaceous,Upper Cretaceous,100.5,93.9,6.599999999999994
Iyuku raathi,Iyuku,,Ornithopoda,,Ornithischia,Herbivore,Valanginian,Valanginian,Lower Cretaceous,Lower Cretaceous,137.05,132.6,4.450000000000017
Mantellisaurus atherfieldensis,Mantellisaurus,,Ornithopoda,,Ornithischia,Herbivore,Berriasian,Aptian,Lower Cretaceous,Lower Cretaceous,143.1,119.57,23.53
Osmakasaurus depressus,Osmakasaurus,,Ornithopoda,,Ornithischia,Herbivore,Kimmeridgian,Barremian,Upper Jurassic,Lower Cretaceous,154.8,121.4,33.400000000000006
Planicoxa venenica,Planicoxa,,Ornithopoda,,Ornithischia,Herbivore,Aptian,Aptian,Lower Cretaceous,Lower Cretaceous,121.4,113.2,8.200000000000003
Sektensaurus sanjuanboscoi,Sektensaurus,,Ornithopoda,,Ornithischia,Herbivore,Campanian,Maastrichtian,Upper Cretaceous,Upper Cretaceous,83.6,66.0,17.599999999999994
Tenontosaurus dossi,Tenontosaurus,,Ornithopoda,,Ornithischia,Herbivore,Aptian,Aptian,Lower Cretaceous,Lower Cretaceous,119.57,113.2,6.36999999999999
Tenontosaurus tilletti,Tenontosaurus,,Ornithopoda,,Ornithischia,Herbivore,Aptian,Cenomanian,Lower Cretaceous,Upper Cretaceous,121.4,93.9,27.5
Yueosaurus tiantaiensis,Yueosaurus,Thescelosauridae,,,Ornithischia,Herbivore,Aptian,Cenomanian,Lower Cretaceous,Upper Cretaceous,113.2,93.9,19.299999999999997
Thescelosaurus assiniboiensis,Thescelosaurus,Thescelosauridae,,,Ornithischia,Herbivore,Campanian,Maastrichtian,Upper Cretaceous,Upper Cretaceous,72.2,66.0,6.200000000000003
Thescelosaurus edmontonensis,Thescelosaurus,Thescelosauridae,,,Ornithischia,Herbivore,Campanian,Maastrichtian,Upper Cretaceous,Upper Cretaceous,72.2,66.0,6.200000000000003
Thescelosaurus neglectus,Thescelosaurus,Thescelosauridae,,,Ornithischia,Herbivore,Campanian,Maastrichtian,Upper Cretaceous,Upper Cretaceous,83.6,66.0,17.599999999999994
Ampelognathus coheni,Ampelognathus,,Ornithopoda,,Ornithischia,Herbivore,Cenomanian,Cenomanian,Upper Cretaceous,Upper Cretaceous,100.5,93.9,6.599999999999994
Burianosaurus augustai,Burianosaurus,,Ornithopoda,,Ornithischia,Herbivore,Cenomanian,Cenomanian,Upper Cretaceous,Upper Cretaceous,100.5,93.9,6.599999999999994
Changchunsaurus parvus,Changchunsaurus,Thescelosauridae,,,Ornithischia,Herbivore,Aptian,Albian,Lower Cretaceous,Lower Cretaceous,121.4,100.5,20.900000000000006
Changmiania liaoningensis,Changmiania,,Ornithopoda,,Ornithischia,Herbivore,Barremian,Aptian,Lower Cretaceous,Lower Cretaceous,125.77,119.57,6.200000000000003
Gideonmantellia amosanjuanae,Gideonmantellia,,Ornithopoda,,Ornithischia,Herbivore,Barremian,Barremian,Lower Cretaceous,Lower Cretaceous,125.77,121.4,4.36999999999999
Nanosaurus agilis,Nanosaurus,Nanosauridae,,Neornithischia,Ornithischia,Herbivore,Oxfordian,Berriasian,Upper Jurassic,Lower Cretaceous,157.9,143.1,14.800000000000011
Qantassaurus intrepidus,Qantassaurus,,Ornithopoda,,Ornithischia,Herbivore,Barremian,Barremian,Lower Cretaceous,Lower Cretaceous,125.77,121.4,4.36999999999999
Weewarrasaurus pobeni,Weewarrasaurus,,Ornithopoda,,Ornithischia,Herbivore,Cenomanian,Cenomanian,Upper Cretaceous,Upper Cretaceous,100.5,93.9,6.599999999999994
Stegouros elengassen,Stegouros,,Ankylosauria,Thyreophora,Ornithischia,Herbivore,Campanian,Maastrichtian,Upper Cretaceous,Upper Cretaceous,83.6,66.0,17.599999999999994
Akainacephalus johnsoni,Akainacephalus,Ankylosauridae,Ankylosauria,Thyreophora,Ornithischia,Herbivore,Campanian,Campanian,Upper Cretaceous,Upper Cretaceous,83.6,72.2,11.399999999999991
Ziapelta sanjuanensis,Ziapelta,Ankylosauridae,Ankylosauria,Thyreophora,Ornithischia,Herbivore,Campanian,Campanian,Upper Cretaceous,Upper Cretaceous,83.6,72.2,11.399999999999991
Anodontosaurus inceptus,Anodontosaurus,Ankylosauridae,Ankylosauria,Thyreophora,Ornithischia,Herbivore,Campanian,Maastrichtian,Upper Cretaceous,Upper Cretaceous,83.6,66.0,17.599999999999994
Anodontosaurus lambei,Anodontosaurus,Ankylosauridae,Ankylosauria,Thyreophora,Ornithischia,Herbivore,Campanian,Maastrichtian,Upper Cretaceous,Upper Cretaceous,83.6,66.0,17.599999999999994
Dyoplosaurus acutosquameus,Dyoplosaurus,Ankylosauridae,Ankylosauria,Thyreophora,Ornithischia,Herbivore,Campanian,Campanian,Upper Cretaceous,Upper Cretaceous,83.6,72.2,11.399999999999991
Euoplocephalus tutus,Euoplocephalus,Ankylosauridae,Ankylosauria,Thyreophora,Ornithischia,Herbivore,Campanian,Campanian,Upper Cretaceous,Upper Cretaceous,83.6,72.2,11.399999999999991
Platypelta coombsi,Platypelta,Ankylosauridae,Ankylosauria,Thyreophora,Ornithischia,Herbivore,Campanian,Campanian,Upper Cretaceous,Upper Cretaceous,83.6,72.2,11.399999999999991
Scolosaurus cutleri,Scolosaurus,Ankylosauridae,Ankylosauria,Thyreophora,Ornithischia,Herbivore,Campanian,Campanian,Upper Cretaceous,Upper Cretaceous,83.6,72.2,11.399999999999991
Scolosaurus thronus,Scolosaurus,Ankylosauridae,Ankylosauria,Thyreophora,Ornithischia,Herbivore,Campanian,Campanian,Upper Cretaceous,Upper Cretaceous,83.6,72.2,11.399999999999991
Ankylosaurus magniventris,Ankylosaurus,Ankylosauridae,Ankylosauria,Thyreophora,Ornithischia,Herbivore,Campanian,Maastrichtian,Upper Cretaceous,Upper Cretaceous,72.2,66.0,6.200000000000003
Crichtonpelta benxiensis,Crichtonpelta,Ankylosauridae,Ankylosauria,Thyreophora,Ornithischia,Herbivore,Albian,Turonian,Lower Cretaceous,Upper Cretaceous,106.3,89.8,16.5
Jinyunpelta sinensis,Jinyunpelta,Ankylosauridae,Ankylosauria,Thyreophora,Ornithischia,Herbivore,Aptian,Albian,Lower Cretaceous,Lower Cretaceous,113.2,100.5,12.700000000000003
Nodocephalosaurus kirtlandensis,Nodocephalosaurus,Ankylosauridae,Ankylosauria,Thyreophora,Ornithischia,Herbivore,Campanian,Campanian,Upper Cretaceous,Upper Cretaceous,83.6,72.2,11.399999999999991
Oohkotokia horneri,Oohkotokia,Ankylosauridae,Ankylosauria,Thyreophora,Ornithischia,Herbivore,Campanian,Campanian,Upper Cretaceous,Upper Cretaceous,83.6,72.2,11.399999999999991
Pinacosaurus grangeri,Pinacosaurus,Ankylosauridae,Ankylosauria,Thyreophora,Ornithischia,Herbivore,Coniacian,Campanian,Upper Cretaceous,Upper Cretaceous,89.8,72.2,17.599999999999994
Pinacosaurus mephistocephalus,Pinacosaurus,Ankylosauridae,Ankylosauria,Thyreophora,Ornithischia,Herbivore,Campanian,Campanian,Upper Cretaceous,Upper Cretaceous,83.6,72.2,11.399999999999991
Saichania chulsanensis,Saichania,Ankylosauridae,Ankylosauria,Thyreophora,Ornithischia,Herbivore,Cenomanian,Campanian,Upper Cretaceous,Upper Cretaceous,100.5,72.2,28.299999999999997
Talarurus plicatospineus,Talarurus,Ankylosauridae,Ankylosauria,Thyreophora,Ornithischia,Herbivore,Cenomanian,Santonian,Upper Cretaceous,Upper Cretaceous,100.5,83.6,16.900000000000006
Tarchia kielanae,Tarchia,Ankylosauridae,Ankylosauria,Thyreophora,Ornithischia,Herbivore,Campanian,Campanian,Upper Cretaceous,Upper Cretaceous,83.6,72.2,11.399999999999991
Tarchia teresae,Tarchia,Ankylosauridae,Ankylosauria,Thyreophora,Ornithischia,Herbivore,Campanian,Maastrichtian,Upper Cretaceous,Upper Cretaceous,72.2,66.0,6.200000000000003
Tarchia tumanovae,Tarchia,Ankylosauridae,Ankylosauria,Thyreophora,Ornithischia,Herbivore,Campanian,Maastrichtian,Upper Cretaceous,Upper Cretaceous,72.2,66.0,6.200000000000003
Tsagantegia longicranialis,Tsagantegia,Ankylosauridae,Ankylosauria,Thyreophora,Ornithischia,Herbivore,Cenomanian,Santonian,Upper Cretaceous,Upper Cretaceous,100.5,83.6,16.900000000000006
Zaraapelta nomadis,Zaraapelta,Ankylosauridae,Ankylosauria,Thyreophora,Ornithischia,Herbivore,Cenomanian,Santonian,Upper Cretaceous,Upper Cretaceous,100.5,83.6,16.900000000000006
Zuul crurivastator,Zuul,Ankylosauridae,Ankylosauria,Thyreophora,Ornithischia,Herbivore,Campanian,Campanian,Upper Cretaceous,Upper Cretaceous,83.6,72.2,11.399999999999991
Ahshislepelta minor,Ahshislepelta,,Ankylosauria,Thyreophora,Ornithischia,Herbivore,Campanian,Campanian,Upper Cretaceous,Upper Cretaceous,83.6,72.2,11.399999999999991
Aletopelta coombsi,Aletopelta,,Ankylosauria,Thyreophora,Ornithischia,Herbivore,Campanian,Campanian,Upper Cretaceous,Upper Cretaceous,83.6,72.2,11.399999999999991
Bissektipelta archibaldi,Bissektipelta,Ankylosauridae,Ankylosauria,Thyreophora,Ornithischia,Herbivore,Turonian,Turonian,Upper Cretaceous,Upper Cretaceous,93.9,89.8,4.1000000000000085
Cedarpelta bilbeyhallorum,Cedarpelta,Ankylosauridae,Ankylosauria,Thyreophora,Ornithischia,Herbivore,Aptian,Albian,Lower Cretaceous,Lower Cretaceous,121.4,100.5,20.900000000000006
Chuanqilong chaoyangensis,Chuanqilong,Ankylosauridae,Ankylosauria,Thyreophora,Ornithischia,Herbivore,Aptian,Aptian,Lower Cretaceous,Lower Cretaceous,121.4,113.2,8.200000000000003
Datai yingliangis,Datai,Ankylosauridae,Ankylosauria,Thyreophora,Ornithischia,Herbivore,Turonian,Santonian,Upper Cretaceous,Upper Cretaceous,93.9,85.7,8.200000000000003
Gobisaurus domoculus,Gobisaurus,Ankylosauridae,Ankylosauria,Thyreophora,Ornithischia,Herbivore,Aptian,Albian,Lower Cretaceous,Lower Cretaceous,121.4,100.5,20.900000000000006
Huaxiazhoulong shouwen,Huaxiazhoulong,Ankylosauridae,Ankylosauria,Thyreophora,Ornithischia,Herbivore,Campanian,Campanian,Upper Cretaceous,Upper Cretaceous,83.6,72.2,11.399999999999991
Liaoningosaurus paradoxus,Liaoningosaurus,Ankylosauridae,Ankylosauria,Thyreophora,Ornithischia,Herbivore,Barremian,Aptian,Lower Cretaceous,Lower Cretaceous,125.77,119.57,6.200000000000003
Minmi paravertebrata,Minmi,,Ankylosauria,Thyreophora,Ornithischia,Herbivore,Hauterivian,Aptian,Lower Cretaceous,Lower Cretaceous,132.6,119.57,13.030000000000001
Shamosaurus scutatus,Shamosaurus,Ankylosauridae,Ankylosauria,Thyreophora,Ornithischia,Herbivore,Aptian,Albian,Lower Cretaceous,Lower Cretaceous,121.4,100.5,20.900000000000006
Europelta carbonensis,Europelta,Nodosauridae,Ankylosauria,Thyreophora,Ornithischia,Herbivore,Aptian,Albian,Lower Cretaceous,Lower Cretaceous,113.2,110.1,3.1000000000000085
Acantholipan gonzalezi,Acantholipan,Nodosauridae,Ankylosauria,Thyreophora,Ornithischia,Herbivore,Campanian,Campanian,Upper Cretaceous,Upper Cretaceous,83.6,72.2,11.399999999999991
Animantarx ramaljonesi,Animantarx,Nodosauridae,Ankylosauria,Thyreophora,Ornithischia,Herbivore,Aptian,Albian,Lower Cretaceous,Lower Cretaceous,121.4,100.5,20.900000000000006
Anoplosaurus curtonotus,Anoplosaurus,Nodosauridae,Ankylosauria,Thyreophora,Ornithischia,Herbivore,Cenomanian,Cenomanian,Upper Cretaceous,Upper Cretaceous,100.5,93.9,6.599999999999994
Borealopelta markmitchelli,Borealopelta,Nodosauridae,Ankylosauria,Thyreophora,Ornithischia,Herbivore,Aptian,Aptian,Lower Cretaceous,Lower Cretaceous,121.4,113.2,8.200000000000003
Dongyangopelta yangyanensis,Dongyangopelta,Nodosauridae,Ankylosauria,Thyreophora,Ornithischia,Herbivore,Aptian,Cenomanian,Lower Cretaceous,Upper Cretaceous,113.2,93.9,19.299999999999997
Edmontonia longiceps,Edmontonia,Nodosauridae,Ankylosauria,Thyreophora,Ornithischia,Herbivore,Campanian,Maastrichtian,Upper Cretaceous,Upper Cretaceous,83.6,66.0,17.599999999999994
Gargoyleosaurus parkpinorum,Gargoyleosaurus,Nodosauridae,Ankylosauria,Thyreophora,Ornithischia,Herbivore,Kimmeridgian,Tithonian,Upper Jurassic,Upper Jurassic,152.21,145.06,7.150000000000006
Gastonia burgei,Gastonia,Nodosauridae,Ankylosauria,Thyreophora,Ornithischia,Herbivore,Valanginian,Valanginian,Lower Cretaceous,Lower Cretaceous,137.05,132.6,4.450000000000017
Gastonia lorriemcwhinneyae,Gastonia,Nodosauridae,Ankylosauria,Thyreophora,Ornithischia,Herbivore,Aptian,Albian,Lower Cretaceous,Lower Cretaceous,121.4,100.5,20.900000000000006
Glyptodontopelta mimus,Glyptodontopelta,Nodosauridae,Ankylosauria,Thyreophora,Ornithischia,Herbivore,Campanian,Maastrichtian,Upper Cretaceous,Upper Cretaceous,83.6,66.0,17.599999999999994
Hoplitosaurus marshi,Hoplitosaurus,Nodosauridae,Ankylosauria,Thyreophora,Ornithischia,Herbivore,Barremian,Barremian,Lower Cretaceous,Lower Cretaceous,125.77,121.4,4.36999999999999
Hungarosaurus tormai,Hungarosaurus,Nodosauridae,Ankylosauria,Thyreophora,Ornithischia,Herbivore,Santonian,Santonian,Upper Cretaceous,Upper Cretaceous,85.7,83.6,2.1000000000000085
Hylaeosaurus armatus,Hylaeosaurus,Nodosauridae,Ankylosauria,Thyreophora,Ornithischia,Herbivore,Valanginian,Albian,Lower Cretaceous,Lower Cretaceous,137.05,110.1,26.950000000000017
Invictarx zephyri,Invictarx,Nodosauridae,Ankylosauria,Thyreophora,Ornithischia,Herbivore,Campanian,Campanian,Upper Cretaceous,Upper Cretaceous,83.6,72.2,11.399999999999991
Mymoorapelta maysi,Mymoorapelta,Nodosauridae,Ankylosauria,Thyreophora,Ornithischia,Herbivore,Kimmeridgian,Berriasian,Upper Jurassic,Lower Cretaceous,154.8,143.1,11.700000000000017
Niobrarasaurus coleii,Niobrarasaurus,Nodosauridae,Ankylosauria,Thyreophora,Ornithischia,Herbivore,Coniacian,Santonian,Upper Cretaceous,Upper Cretaceous,89.8,83.6,6.200000000000003
Nodosaurus textilis,Nodosaurus,Nodosauridae,Ankylosauria,Thyreophora,Ornithischia,Herbivore,Cenomanian,Cenomanian,Upper Cretaceous,Upper Cretaceous,100.5,93.9,6.599999999999994
Panoplosaurus mirus,Panoplosaurus,Nodosauridae,Ankylosauria,Thyreophora,Ornithischia,Herbivore,Campanian,Campanian,Upper Cretaceous,Upper Cretaceous,83.6,72.2,11.399999999999991
Panoplosaurus rugosidens,Panoplosaurus,Nodosauridae,Ankylosauria,Thyreophora,Ornithischia,Herbivore,Campanian,Maastrichtian,Upper Cretaceous,Upper Cretaceous,83.6,66.0,17.599999999999994
Patagopelta cristata,Patagopelta,,Ankylosauria,Thyreophora,Ornithischia,Herbivore,Campanian,Maastrichtian,Upper Cretaceous,Upper Cretaceous,83.6,66.0,17.599999999999994
Pawpawsaurus campbelli,Pawpawsaurus,Nodosauridae,Ankylosauria,Thyreophora,Ornithischia,Herbivore,Albian,Albian,Lower Cretaceous,Lower Cretaceous,106.3,100.5,5.799999999999997
Peloroplites cedrimontanus,Peloroplites,Nodosauridae,Ankylosauria,Thyreophora,Ornithischia,Herbivore,Aptian,Albian,Lower Cretaceous,Lower Cretaceous,121.4,100.5,20.900000000000006
Polacanthus foxii,Polacanthus,Nodosauridae,Ankylosauria,Thyreophora,Ornithischia,Herbivore,Valanginian,Albian,Lower Cretaceous,Lower Cretaceous,139.1,100.5,38.599999999999994
Polacanthus rudgwickensis,Polacanthus,Nodosauridae,Ankylosauria,Thyreophora,Ornithischia,Herbivore,Barremian,Barremian,Lower Cretaceous,Lower Cretaceous,125.77,121.4,4.36999999999999
Propanoplosaurus marylandicus,Propanoplosaurus,Nodosauridae,Ankylosauria,Thyreophora,Ornithischia,Herbivore,Aptian,Aptian,Lower Cretaceous,Lower Cretaceous,119.57,113.2,6.36999999999999
Sauropelta edwardsorum,Sauropelta,Nodosauridae,Ankylosauria,Thyreophora,Ornithischia,Herbivore,Aptian,Cenomanian,Lower Cretaceous,Upper Cretaceous,121.4,93.9,27.5
Sauroplites scutiger,Sauroplites,,Ankylosauria,Thyreophora,Ornithischia,Herbivore,Aptian,Aptian,Lower Cretaceous,Lower Cretaceous,121.4,113.2,8.200000000000003
Silvisaurus condrayi,Silvisaurus,Nodosauridae,Ankylosauria,Thyreophora,Ornithischia,Herbivore,Albian,Albian,Lower Cretaceous,Lower Cretaceous,106.3,100.5,5.799999999999997
Stegopelta landerensis,Stegopelta,Nodosauridae,Ankylosauria,Thyreophora,Ornithischia,Herbivore,Cenomanian,Cenomanian,Upper Cretaceous,Upper Cretaceous,100.5,93.9,6.599999999999994
Struthiosaurus austriacus,Struthiosaurus,Nodosauridae,Ankylosauria,Thyreophora,Ornithischia,Herbivore,Campanian,Maastrichtian,Upper Cretaceous,Upper Cretaceous,83.6,66.0,17.599999999999994
Struthiosaurus languedocensis,Struthiosaurus,Nodosauridae,Ankylosauria,Thyreophora,Ornithischia,Herbivore,Campanian,Campanian,Upper Cretaceous,Upper Cretaceous,83.6,72.2,11.399999999999991
Struthiosaurus transylvanicus,Struthiosaurus,Nodosauridae,Ankylosauria,Thyreophora,Ornithischia,Herbivore,Campanian,Maastrichtian,Upper Cretaceous,Upper Cretaceous,72.2,66.0,6.200000000000003
Taohelong jinchengensis,Taohelong,Nodosauridae,Ankylosauria,Thyreophora,Ornithischia,Herbivore,Barremian,Aptian,Lower Cretaceous,Lower Cretaceous,125.77,113.2,12.569999999999993
Tatankacephalus cooneyorum,Tatankacephalus,Nodosauridae,Ankylosauria,Thyreophora,Ornithischia,Herbivore,Aptian,Albian,Lower Cretaceous,Lower Cretaceous,113.2,100.5,12.700000000000003
Texasetes pleurohalio,Texasetes,Nodosauridae,Ankylosauria,Thyreophora,Ornithischia,Herbivore,Albian,Albian,Lower Cretaceous,Lower Cretaceous,106.3,100.5,5.799999999999997
Dracopelta zbyszewskii,Dracopelta,,Ankylosauria,Thyreophora,Ornithischia,Herbivore,Tithonian,Berriasian,Upper Jurassic,Lower Cretaceous,145.06,143.1,1.960000000000008
Kunbarrasaurus ieversi,Kunbarrasaurus,,Ankylosauria,Thyreophora,Ornithischia,Herbivore,Albian,Albian,Lower Cretaceous,Lower Cretaceous,106.3,100.5,5.799999999999997
Sarcolestes leedsi,Sarcolestes,,Ankylosauria,Thyreophora,Ornithischia,Herbivore,Callovian,Callovian,Middle Jurassic,Middle Jurassic,165.3,161.5,3.8000000000000114
Sinankylosaurus zhuchengensis,Sinankylosaurus,,,,,Herbivore,Campanian,Campanian,Upper Cretaceous,Upper Cretaceous,83.6,72.2,11.399999999999991
Spicomellus afer,Spicomellus,,Ankylosauria,Thyreophora,Ornithischia,Herbivore,Bathonian,Callovian,Middle Jurassic,Middle Jurassic,168.2,161.5,6.699999999999989
Vectipelta barretti,Vectipelta,,Ankylosauria,Thyreophora,Ornithischia,Herbivore,Valanginian,Valanginian,Lower Cretaceous,Lower Cretaceous,139.1,137.05,2.049999999999983
Dacentrurus armatus,Dacentrurus,Stegosauridae,Stegosauria,Thyreophora,Ornithischia,Herbivore,Kimmeridgian,Berriasian,Upper Jurassic,Lower Cretaceous,154.8,143.1,11.700000000000017
Miragaia longicollum,Miragaia,Stegosauridae,Stegosauria,Thyreophora,Ornithischia,Herbivore,Kimmeridgian,Berriasian,Upper Jurassic,Lower Cretaceous,152.21,143.1,9.110000000000014
Miragaia longispinus,Miragaia,Stegosauridae,Stegosauria,Thyreophora,Ornithischia,Herbivore,Kimmeridgian,Berriasian,Upper Jurassic,Lower Cretaceous,154.8,143.1,11.700000000000017
Thyreosaurus atlasicus,Thyreosaurus,Stegosauridae,Stegosauria,Thyreophora,Ornithischia,Herbivore,Bathonian,Callovian,Middle Jurassic,Middle Jurassic,168.2,161.5,6.699999999999989
Chungkingosaurus jiangbeiensis,Chungkingosaurus,Huayangosauridae,Stegosauria,Thyreophora,Ornithischia,Herbivore,Bathonian,Callovian,Middle Jurassic,Middle Jurassic,168.2,161.5,6.699999999999989
Gigantspinosaurus sichuanensis,Gigantspinosaurus,,Stegosauria,Thyreophora,Ornithischia,Herbivore,Bathonian,Callovian,Middle Jurassic,Middle Jurassic,168.2,161.5,6.699999999999989
Hesperosaurus mjosi,Hesperosaurus,Stegosauridae,Stegosauria,Thyreophora,Ornithischia,Herbivore,Oxfordian,Berriasian,Upper Jurassic,Lower Cretaceous,157.9,143.1,14.800000000000011
Jiangjunosaurus junggarensis,Jiangjunosaurus,Stegosauridae,Stegosauria,Thyreophora,Ornithischia,Herbivore,Oxfordian,Oxfordian,Upper Jurassic,Upper Jurassic,161.5,154.8,6.699999999999989
Lexovisaurus phillipsi,Lexovisaurus,,Stegosauria,Thyreophora,Ornithischia,Herbivore,Oxfordian,Oxfordian,Upper Jurassic,Upper Jurassic,161.5,154.8,6.699999999999989
Loricatosaurus priscus,Loricatosaurus,Stegosauridae,Stegosauria,Thyreophora,Ornithischia,Herbivore,Callovian,Callovian,Middle Jurassic,Middle Jurassic,165.3,161.5,3.8000000000000114
Mongolostegus exspectabilis,Mongolostegus,Stegosauridae,Stegosauria,Thyreophora,Ornithischia,Herbivore,Aptian,Albian,Lower Cretaceous,Lower Cretaceous,121.4,100.5,20.900000000000006
Diracodon laticeps,Stegosaurus,Stegosauridae,Stegosauria,Thyreophora,Ornithischia,Herbivore,Kimmeridgian,Berriasian,Upper Jurassic,Lower Cretaceous,154.8,143.1,11.700000000000017
Hypsirophus discurus,Stegosaurus,Stegosauridae,Stegosauria,Thyreophora,Ornithischia,Herbivore,Tithonian,Berriasian,Upper Jurassic,Lower Cretaceous,149.2,143.1,6.099999999999994
Stegosaurus duplex,Stegosaurus,Stegosauridae,Stegosauria,Thyreophora,Ornithischia,Herbivore,Kimmeridgian,Berriasian,Upper Jurassic,Lower Cretaceous,154.8,143.1,11.700000000000017
Stegosaurus stenops,Stegosaurus,Stegosauridae,Stegosauria,Thyreophora,Ornithischia,Herbivore,Kimmeridgian,Berriasian,Upper Jurassic,Lower Cretaceous,154.8,143.1,11.700000000000017
Stegosaurus sulcatus,Stegosaurus,Stegosauridae,Stegosauria,Thyreophora,Ornithischia,Herbivore,Kimmeridgian,Berriasian,Upper Jurassic,Lower Cretaceous,154.8,143.1,11.700000000000017
Stegosaurus ungulatus,Stegosaurus,Stegosauridae,Stegosauria,Thyreophora,Ornithischia,Herbivore,Kimmeridgian,Berriasian,Upper Jurassic,Lower Cretaceous,154.8,143.1,11.700000000000017
Wuerhosaurus homheni,Stegosaurus,Stegosauridae,Stegosauria,Thyreophora,Ornithischia,Herbivore,Valanginian,Albian,Lower Cretaceous,Lower Cretaceous,137.05,100.5,36.55000000000001
Yingshanosaurus jichuanensis,Yingshanosaurus,Stegosauridae,Stegosauria,Thyreophora,Ornithischia,Herbivore,Bathonian,Callovian,Middle Jurassic,Middle Jurassic,168.2,161.5,6.699999999999989
Adratiklit boulahfa,Adratiklit,Stegosauridae,Stegosauria,Thyreophora,Ornithischia,Herbivore,Bathonian,Callovian,Middle Jurassic,Middle Jurassic,168.2,161.5,6.699999999999989
Baiyinosaurus baojiensis,Baiyinosaurus,,Stegosauria,Thyreophora,Ornithischia,Herbivore,Bathonian,Bathonian,Middle Jurassic,Middle Jurassic,168.2,165.3,2.8999999999999773
Bashanosaurus primitivus,Bashanosaurus,,Stegosauria,Thyreophora,Ornithischia,Herbivore,Bathonian,Callovian,Middle Jurassic,Middle Jurassic,168.2,161.5,6.699999999999989
Huayangosaurus taibaii,Huayangosaurus,,Stegosauria,Thyreophora,Ornithischia,Herbivore,Bajocian,Oxfordian,Middle Jurassic,Upper Jurassic,170.9,154.8,16.099999999999994
Isaberrysaura mollensis,Isaberrysaura,,Stegosauria,Thyreophora,Ornithischia,Herbivore,Bajocian,Bajocian,Middle Jurassic,Middle Jurassic,170.9,168.6,2.3000000000000114
Kentrosaurus aethiopicus,Kentrosaurus,Stegosauridae,Stegosauria,Thyreophora,Ornithischia,Herbivore,Oxfordian,Berriasian,Upper Jurassic,Lower Cretaceous,161.5,143.1,18.400000000000006
Paranthodon africanus,Paranthodon,Stegosauridae,Stegosauria,Thyreophora,Ornithischia,Herbivore,Berriasian,Valanginian,Lower Cretaceous,Lower Cretaceous,143.1,132.6,10.5
Tuojiangosaurus multispinus,Tuojiangosaurus,,Stegosauria,Thyreophora,Ornithischia,Herbivore,Bathonian,Callovian,Middle Jurassic,Middle Jurassic,168.2,161.5,6.699999999999989
Yanbeilong ultimus,Yanbeilong,Stegosauridae,Stegosauria,Thyreophora,Ornithischia,Herbivore,Aptian,Albian,Lower Cretaceous,Lower Cretaceous,113.2,100.5,12.700000000000003
Emausaurus ernsti,Emausaurus,,,Thyreophora,Ornithischia,Herbivore,Toarcian,Toarcian,Lower Jurassic,Lower Jurassic,184.2,174.7,9.5
Jakapil kaniukura,Jakapil,,,Thyreophora,Ornithischia,Herbivore,Cenomanian,Cenomanian,Upper Cretaceous,Upper Cretaceous,100.5,93.9,6.599999999999994
Scelidosaurus harrisonii,Scelidosaurus,,,Thyreophora,Ornithischia,Herbivore,Sinemurian,Sinemurian,Lower Jurassic,Lower Jurassic,199.5,192.9,6.599999999999994
Scutellosaurus lawleri,Scutellosaurus,,,Thyreophora,Ornithischia,Herbivore,Hettangian,Pliensbachian,Lower Jurassic,Lower Jurassic,201.4,184.2,17.200000000000017
Yuxisaurus kopchicki,Yuxisaurus,,,Thyreophora,Ornithischia,Herbivore,Pliensbachian,Pliensbachian,Lower Jurassic,Lower Jurassic,192.9,184.2,8.700000000000017
Agilisaurus louderbacki,Agilisaurus,,,Neornithischia,Ornithischia,Herbivore,Bajocian,Oxfordian,Middle Jurassic,Upper Jurassic,170.9,154.8,16.099999999999994
Eocursor parvus,Eocursor,,,,Ornithischia,Herbivore,Hettangian,Sinemurian,Lower Jurassic,Lower Jurassic,201.4,192.9,8.5
Hexinlusaurus multidens,Hexinlusaurus,,,Neornithischia,Ornithischia,Herbivore,Bajocian,Oxfordian,Middle Jurassic,Upper Jurassic,170.9,154.8,16.099999999999994
Jeholosaurus shangyuanensis,Jeholosaurus,Jeholosauridae,,Neornithischia,Ornithischia,Herbivore,Barremian,Aptian,Lower Cretaceous,Lower Cretaceous,125.77,119.57,6.200000000000003
Kulindapteryx ukureica,Kulindapteryx,,,Neornithischia,Ornithischia,Herbivore,Bathonian,Berriasian,Middle Jurassic,Lower Cretaceous,168.2,143.1,25.099999999999994
Albertadromeus syntarsus,Albertadromeus,Thescelosauridae,,,Ornithischia,Herbivore,Campanian,Campanian,Upper Cretaceous,Upper Cretaceous,83.6,72.2,11.399999999999991
Koreanosaurus boseongensis,Koreanosaurus,Thescelosauridae,,,Ornithischia,Herbivore,Campanian,Campanian,Upper Cretaceous,Upper Cretaceous,83.6,72.2,11.399999999999991
Orodromeus makelai,Orodromeus,Thescelosauridae,,,Ornithischia,Herbivore,Campanian,Maastrichtian,Upper Cretaceous,Upper Cretaceous,83.6,66.0,17.599999999999994
Oryctodromeus cubicularis,Oryctodromeus,Thescelosauridae,,,Ornithischia,Herbivore,Albian,Albian,Lower Cretaceous,Lower Cretaceous,106.3,100.5,5.799999999999997
Zephyrosaurus schaffi,Zephyrosaurus,Thescelosauridae,,,Ornithischia,Herbivore,Aptian,Albian,Lower Cretaceous,Lower Cretaceous,113.2,100.5,12.700000000000003
Fona herzogae,Fona,Thescelosauridae,,,Ornithischia,Herbivore,Cenomanian,Cenomanian,Upper Cretaceous,Upper Cretaceous,100.5,93.9,6.599999999999994
Nevadadromeus schmitti,Nevadadromeus,Thescelosauridae,,,Ornithischia,Herbivore,Cenomanian,Cenomanian,Upper Cretaceous,Upper Cretaceous,100.5,93.9,6.599999999999994
Notohypsilophodon comodorensis,Notohypsilophodon,,Ornithopoda,,Ornithischia,Herbivore,Cenomanian,Turonian,Upper Cretaceous,Upper Cretaceous,100.5,89.8,10.700000000000003
Parksosaurus warreni,Parksosaurus,Thescelosauridae,,,Ornithischia,Herbivore,Campanian,Maastrichtian,Upper Cretaceous,Upper Cretaceous,72.2,66.0,6.200000000000003
Haya griva,Haya,Thescelosauridae,,,Ornithischia,Herbivore,Santonian,Campanian,Upper Cretaceous,Upper Cretaceous,85.7,72.2,13.5
Kulindadromeus zabaikalicus,Kulindadromeus,,,Neornithischia,Ornithischia,Herbivore,Bathonian,Berriasian,Middle Jurassic,Lower Cretaceous,168.2,143.1,25.099999999999994
Minimocursor phunoiensis,Minimocursor,,,Neornithischia,Ornithischia,Herbivore,Tithonian,Valanginian,Upper Jurassic,Lower Cretaceous,149.2,137.05,12.149999999999977
Sanxiasaurus modaoxiensis,Sanxiasaurus,,,Neornithischia,Ornithischia,Herbivore,Toarcian,Aalenian,Lower Jurassic,Middle Jurassic,184.2,170.9,13.299999999999983
Yandusaurus hongheensis,Yandusaurus,,,,Ornithischia,Herbivore,Bajocian,Bajocian,Middle Jurassic,Middle Jurassic,170.9,168.2,2.700000000000017
Gongbusaurus shiyii,Gongbusaurus,,,,Ornithischia,Herbivore,Bathonian,Callovian,Middle Jurassic,Middle Jurassic,168.2,161.5,6.699999999999989
Gongbusaurus wucaiwanensis,Gongbusaurus,,,,Ornithischia,Herbivore,Callovian,Oxfordian,Middle Jurassic,Upper Jurassic,165.3,154.8,10.5
Xiaosaurus dashanpensis,Xiaosaurus,,,Neornithischia,Ornithischia,Herbivore,Bajocian,Oxfordian,Middle Jurassic,Upper Jurassic,170.9,154.8,16.099999999999994
Abrictosaurus consors,Abrictosaurus,Heterodontosauridae,,,Ornithischia,Herbivore,Hettangian,Sinemurian,Lower Jurassic,Lower Jurassic,201.4,192.9,8.5
Fruitadens haagarorum,Fruitadens,Heterodontosauridae,,,Ornithischia,Herbivore,Tithonian,Berriasian,Upper Jurassic,Lower Cretaceous,149.2,143.1,6.099999999999994
Heterodontosaurus tucki,Heterodontosaurus,Heterodontosauridae,,,Ornithischia,Herbivore,Hettangian,Sinemurian,Lower Jurassic,Lower Jurassic,201.4,192.9,8.5
Lycorhinus angustidens,Lycorhinus,Heterodontosauridae,,,Ornithischia,Herbivore,Hettangian,Sinemurian,Lower Jurassic,Lower Jurassic,201.4,192.9,8.5
Echinodon becklesii,Echinodon,Heterodontosauridae,,,Ornithischia,Herbivore,Berriasian,Valanginian,Lower Cretaceous,Lower Cretaceous,143.1,139.1,4.0
Manidens condorensis,Manidens,Heterodontosauridae,,,Ornithischia,Herbivore,Toarcian,Toarcian,Lower Jurassic,Lower Jurassic,182.9,174.7,8.200000000000017
Pegomastax africanus,Pegomastax,Heterodontosauridae,,,Ornithischia,Herbivore,Hettangian,Sinemurian,Lower Jurassic,Lower Jurassic,201.4,192.9,8.5
Archaeocursor asiaticus,Archaeocursor,,,,Ornithischia,Herbivore,Sinemurian,Pliensbachian,Lower Jurassic,Lower Jurassic,199.5,184.2,15.300000000000011
Chilesaurus diegosuarezi,Chilesaurus,,Non-Avian,Theropoda,Saurischia,Herbivore,Tithonian,Berriasian,Upper Jurassic,Lower Cretaceous,149.2,143.1,6.099999999999994
Ferganocephale adenticulatum,Ferganocephale,,,,Ornithischia,Herbivore,Callovian,Callovian,Middle Jurassic,Middle Jurassic,165.3,161.5,3.8000000000000114
Krzyzanowskisaurus hunti,Krzyzanowskisaurus,,,,,Herbivore,Carnian,Rhaetian,Upper Triassic,Upper Triassic,237.0,205.7,31.30000000000001
Laquintasaura venezuelae,Laquintasaura,,,,Ornithischia,Herbivore,Hettangian,Hettangian,Lower Jurassic,Lower Jurassic,201.4,199.5,1.9000000000000057
Lesothosaurus diagnosticus,Lesothosaurus,,,,Ornithischia,Herbivore,Hettangian,Sinemurian,Lower Jurassic,Lower Jurassic,201.4,192.9,8.5
Pisanosaurus mertii,Pisanosaurus,,,,Ornithischia,Herbivore,Carnian,Carnian,Upper Triassic,Upper Triassic,233.6,227.3,6.299999999999983
Actiosaurus gaudryi,Actiosaurus,,,,,Herbivore,Rhaetian,Rhaetian,Upper Triassic,Upper Triassic,205.7,201.4,4.299999999999983
Gyposaurus sinensis,Gyposaurus,,,Sauropodomorpha,Saurischia,Herbivore,Hettangian,Toarcian,Lower Jurassic,Lower Jurassic,201.4,174.7,26.700000000000017
Gresslyosaurus ingens,Gresslyosaurus,Plateosauridae,,Sauropodomorpha,Saurischia,Herbivore,Norian,Rhaetian,Upper Triassic,Upper Triassic,211.18,205.7,5.480000000000018
Gresslyosaurus plieningeri,Gresslyosaurus,Plateosauridae,,Sauropodomorpha,Saurischia,Herbivore,Carnian,Rhaetian,Upper Triassic,Upper Triassic,227.3,205.7,21.600000000000023
Yimenosaurus youngi,Yimenosaurus,Plateosauridae,,Sauropodomorpha,Saurischia,Herbivore,Hettangian,Hettangian,Lower Jurassic,Lower Jurassic,201.4,199.5,1.9000000000000057
Bagualosaurus agudoensis,Bagualosaurus,,,Sauropodomorpha,Saurischia,,Carnian,Rhaetian,Upper Triassic,Upper Triassic,237.0,205.7,31.30000000000001
Eucnemesaurus entaxonis,Eucnemesaurus,,,Sauropodomorpha,Saurischia,,Carnian,Rhaetian,Upper Triassic,Upper Triassic,227.3,201.4,25.900000000000006
Eucnemesaurus fortis,Eucnemesaurus,,,Sauropodomorpha,Saurischia,,Carnian,Rhaetian,Upper Triassic,Upper Triassic,227.3,201.4,25.900000000000006
Riojasaurus incertus,Riojasaurus,,,Sauropodomorpha,Saurischia,,Carnian,Rhaetian,Upper Triassic,Upper Triassic,227.3,205.7,21.600000000000023
Aardonyx celestae,Aardonyx,,,Sauropodomorpha,Saurischia,,Hettangian,Sinemurian,Lower Jurassic,Lower Jurassic,201.4,192.9,8.5
Blikanasaurus cromptoni,Blikanasaurus,Blikanasauridae,Sauropoda,Sauropodomorpha,Saurischia,,Carnian,Rhaetian,Upper Triassic,Upper Triassic,227.3,201.4,25.900000000000006
Camelotia borealis,Camelotia,Melanorosauridae,,Sauropodomorpha,Saurischia,,Rhaetian,Rhaetian,Upper Triassic,Upper Triassic,205.7,201.4,4.299999999999983
Gongxianosaurus shibeiensis,Gongxianosaurus,,Sauropoda,Sauropodomorpha,Saurischia,,Toarcian,Toarcian,Lower Jurassic,Lower Jurassic,184.2,174.7,9.5
Irisosaurus yimenensis,Irisosaurus,,,Sauropodomorpha,Saurischia,,Pliensbachian,Pliensbachian,Lower Jurassic,Lower Jurassic,192.9,184.2,8.700000000000017
Jingshanosaurus xinwaensis,Jingshanosaurus,,,Sauropodomorpha,Saurischia,,Hettangian,Hettangian,Lower Jurassic,Lower Jurassic,201.4,199.5,1.9000000000000057
Ledumahadi mafube,Ledumahadi,Lessemsauridae,Sauropoda,Sauropodomorpha,Saurischia,,Hettangian,Sinemurian,Lower Jurassic,Lower Jurassic,201.4,192.9,8.5
Leonerasaurus taquetrensis,Leonerasaurus,,,Sauropodomorpha,Saurischia,,Pliensbachian,Pliensbachian,Lower Jurassic,Lower Jurassic,192.9,184.2,8.700000000000017
Lishulong wangi,Lishulong,,,Sauropodomorpha,Saurischia,,Sinemurian,Toarcian,Lower Jurassic,Lower Jurassic,199.5,174.7,24.80000000000001
Melanorosaurus readi,Melanorosaurus,Melanorosauridae,,Sauropodomorpha,Saurischia,,Carnian,Rhaetian,Upper Triassic,Upper Triassic,227.3,201.4,25.900000000000006
Meroktenos thabanensis,Meroktenos,,,Sauropodomorpha,Saurischia,,Carnian,Rhaetian,Upper Triassic,Upper Triassic,227.3,201.4,25.900000000000006
Mussaurus patagonicus,Mussaurus,Mussauridae,,Sauropodomorpha,Saurischia,,Sinemurian,Sinemurian,Lower Jurassic,Lower Jurassic,199.5,192.9,6.599999999999994
Schleitheimia schutzi,Schleitheimia,,,Sauropodomorpha,Saurischia,,Carnian,Rhaetian,Upper Triassic,Upper Triassic,227.3,205.7,21.600000000000023
Sefapanosaurus zastronensis,Sefapanosaurus,,,Sauropodomorpha,Saurischia,,Carnian,Hettangian,Upper Triassic,Lower Jurassic,227.3,199.5,27.80000000000001
Seitaad ruessi,Seitaad,,,Sauropodomorpha,Saurischia,,Pliensbachian,Toarcian,Lower Jurassic,Lower Jurassic,192.9,174.7,18.200000000000017
Xingxiulong chengi,Xingxiulong,,,Sauropodomorpha,Saurischia,,Hettangian,Hettangian,Lower Jurassic,Lower Jurassic,201.4,199.5,1.9000000000000057
Yizhousaurus sunae,Yizhousaurus,,,Sauropodomorpha,Saurischia,,Sinemurian,Sinemurian,Lower Jurassic,Lower Jurassic,199.5,192.9,6.599999999999994
Yunnanosaurus huangi,Yunnanosaurus,,,Sauropodomorpha,Saurischia,,Hettangian,Sinemurian,Lower Jurassic,Lower Jurassic,201.4,192.9,8.5
Yunnanosaurus robustus,Yunnanosaurus,,,Sauropodomorpha,Saurischia,,Sinemurian,Sinemurian,Lower Jurassic,Lower Jurassic,199.5,192.9,6.599999999999994
Yunnanosaurus youngi,Yunnanosaurus,,,Sauropodomorpha,Saurischia,,Pliensbachian,Pliensbachian,Lower Jurassic,Lower Jurassic,192.9,184.2,8.700000000000017
Adeopapposaurus mognai,Adeopapposaurus,Massospondylidae,,Sauropodomorpha,Saurischia,,Hettangian,Toarcian,Lower Jurassic,Lower Jurassic,201.4,174.7,26.700000000000017
Coloradisaurus brevis,Coloradisaurus,Massospondylidae,,Sauropodomorpha,Saurischia,,Carnian,Rhaetian,Upper Triassic,Upper Triassic,227.3,205.7,21.600000000000023
Glacialisaurus hammeri,Glacialisaurus,Massospondylidae,,Sauropodomorpha,Saurischia,,Sinemurian,Pliensbachian,Lower Jurassic,Lower Jurassic,199.5,184.2,15.300000000000011
Ignavusaurus rachelis,Ignavusaurus,,,Sauropodomorpha,Saurischia,,Hettangian,Sinemurian,Lower Jurassic,Lower Jurassic,201.4,192.9,8.5
Leyesaurus marayensis,Leyesaurus,Massospondylidae,,Sauropodomorpha,Saurischia,,Hettangian,Toarcian,Lower Jurassic,Lower Jurassic,201.4,174.7,26.700000000000017
Lufengosaurus changduensis,Lufengosaurus,Massospondylidae,,Sauropodomorpha,Saurischia,,Hettangian,Toarcian,Lower Jurassic,Lower Jurassic,201.4,174.7,26.700000000000017
Lufengosaurus huenei,Lufengosaurus,Massospondylidae,,Sauropodomorpha,Saurischia,,Hettangian,Sinemurian,Lower Jurassic,Lower Jurassic,201.4,192.9,8.5
Lufengosaurus magnus,Lufengosaurus,Massospondylidae,,Sauropodomorpha,Saurischia,,Hettangian,Bajocian,Lower Jurassic,Middle Jurassic,201.4,168.2,33.20000000000002
Massospondylus carinatus,Massospondylus,Massospondylidae,,Sauropodomorpha,Saurischia,,Hettangian,Toarcian,Lower Jurassic,Lower Jurassic,201.4,174.7,26.700000000000017
Massospondylus kaalae,Massospondylus,Massospondylidae,,Sauropodomorpha,Saurischia,,Hettangian,Sinemurian,Lower Jurassic,Lower Jurassic,201.4,192.9,8.5
Ngwevu intloko,Ngwevu,Massospondylidae,,Sauropodomorpha,Saurischia,,Hettangian,Sinemurian,Lower Jurassic,Lower Jurassic,201.4,192.9,8.5
Pradhania gracilis,Pradhania,Massospondylidae,,Sauropodomorpha,Saurischia,,Hettangian,Sinemurian,Lower Jurassic,Lower Jurassic,201.4,192.9,8.5
Sarahsaurus aurifontanalis,Sarahsaurus,,,Sauropodomorpha,Saurischia,,Sinemurian,Pliensbachian,Lower Jurassic,Lower Jurassic,199.5,184.2,15.300000000000011
Anchisaurus polyzelus,Anchisaurus,,,Sauropodomorpha,Saurischia,,Hettangian,Sinemurian,Lower Jurassic,Lower Jurassic,201.4,192.9,8.5
Musankwa sanyatiensis,Musankwa,,,Sauropodomorpha,Saurischia,,Carnian,Rhaetian,Upper Triassic,Upper Triassic,237.0,205.7,31.30000000000001
Tuebingosaurus maierfritzorum,Tuebingosaurus,,,Sauropodomorpha,Saurischia,,Carnian,Rhaetian,Upper Triassic,Upper Triassic,227.3,205.7,21.600000000000023
Jaklapallisaurus asymmetrica,Jaklapallisaurus,,,Sauropodomorpha,Saurischia,,Carnian,Rhaetian,Upper Triassic,Upper Triassic,227.3,201.4,25.900000000000006
Macrocollum itaquii,Macrocollum,,,Sauropodomorpha,Saurischia,,Carnian,Rhaetian,Upper Triassic,Upper Triassic,227.3,205.7,21.600000000000023
Agnosphitys cromhallensis,Agnosphitys,Silesauridae,,,Ornithischia,,Carnian,Carnian,Upper Triassic,Upper Triassic,237.0,227.3,9.699999999999989
Guaibasaurus candelariensis,Guaibasaurus,Guaibasauridae,,Sauropodomorpha,Saurischia,,Carnian,Rhaetian,Upper Triassic,Upper Triassic,227.3,205.7,21.600000000000023
Issi saaneq,Issi,Plateosauridae,,Sauropodomorpha,Saurischia,,Carnian,Rhaetian,Upper Triassic,Upper Triassic,227.3,205.7,21.600000000000023
Plateosauravus cullingworthi,Plateosauravus,,,Sauropodomorpha,Saurischia,,Carnian,Rhaetian,Upper Triassic,Upper Triassic,227.3,201.4,25.900000000000006
Plateosaurus elizae,Plateosaurus,Plateosauridae,,Sauropodomorpha,Saurischia,Herbivore,Rhaetian,Rhaetian,Upper Triassic,Upper Triassic,205.7,201.4,4.299999999999983
Plateosaurus engelhardti,Plateosaurus,Plateosauridae,,Sauropodomorpha,Saurischia,Herbivore,Carnian,Rhaetian,Upper Triassic,Upper Triassic,227.3,205.7,21.600000000000023
Plateosaurus erlenbergiensis,Plateosaurus,Plateosauridae,,Sauropodomorpha,Saurischia,Herbivore,Rhaetian,Rhaetian,Upper Triassic,Upper Triassic,205.7,201.4,4.299999999999983
Plateosaurus gracilis,Plateosaurus,Plateosauridae,,Sauropodomorpha,Saurischia,Herbivore,Carnian,Rhaetian,Upper Triassic,Upper Triassic,227.3,205.7,21.600000000000023
Plateosaurus longiceps,Plateosaurus,Plateosauridae,,Sauropodomorpha,Saurischia,Herbivore,Carnian,Rhaetian,Upper Triassic,Upper Triassic,227.3,201.4,25.900000000000006
Plateosaurus trossingensis,Plateosaurus,Plateosauridae,,Sauropodomorpha,Saurischia,Herbivore,Carnian,Rhaetian,Upper Triassic,Upper Triassic,227.3,205.7,21.600000000000023
Ruehleia bedheimensis,Ruehleia,,,Sauropodomorpha,Saurischia,,Carnian,Rhaetian,Upper Triassic,Upper Triassic,227.3,205.7,21.600000000000023
Unaysaurus tolentinoi,Unaysaurus,,,Sauropodomorpha,Saurischia,,Carnian,Rhaetian,Upper Triassic,Upper Triassic,227.3,205.7,21.600000000000023
Xixiposaurus suni,Xixiposaurus,,,Sauropodomorpha,Saurischia,,Hettangian,Sinemurian,Lower Jurassic,Lower Jurassic,201.4,192.9,8.5
Chromogisaurus novasi,Chromogisaurus,Saturnaliidae,,Sauropodomorpha,Saurischia,,Carnian,Carnian,Upper Triassic,Upper Triassic,237.0,227.3,9.699999999999989
Pampadromaeus barberenai,Pampadromaeus,Saturnaliidae,,Sauropodomorpha,Saurischia,,Carnian,Rhaetian,Upper Triassic,Upper Triassic,237.0,205.7,31.30000000000001
Panphagia protos,Panphagia,Saturnaliidae,,Sauropodomorpha,Saurischia,,Carnian,Carnian,Upper Triassic,Upper Triassic,237.0,227.3,9.699999999999989
Saturnalia tupiniquim,Saturnalia,Saturnaliidae,,Sauropodomorpha,Saurischia,,Carnian,Rhaetian,Upper Triassic,Upper Triassic,237.0,205.7,31.30000000000001
Arcusaurus pereirabdalorum,Arcusaurus,,,Sauropodomorpha,Saurischia,,Hettangian,Sinemurian,Lower Jurassic,Lower Jurassic,201.4,192.9,8.5
Asylosaurus yalensis,Asylosaurus,,,Sauropodomorpha,Saurischia,,Rhaetian,Rhaetian,Upper Triassic,Upper Triassic,205.7,201.4,4.299999999999983
Buriolestes schultzi,Buriolestes,,,Sauropodomorpha,Saurischia,,Carnian,Carnian,Upper Triassic,Upper Triassic,237.0,227.3,9.699999999999989
Efraasia minor,Efraasia,,,Sauropodomorpha,Saurischia,,Carnian,Rhaetian,Upper Triassic,Upper Triassic,227.3,205.7,21.600000000000023
Eoraptor lunensis,Eoraptor,,,Sauropodomorpha,Saurischia,,Carnian,Carnian,Upper Triassic,Upper Triassic,233.6,227.3,6.299999999999983
Kholumolumo ellenbergerorum,Kholumolumo,,,Sauropodomorpha,Saurischia,,Carnian,Rhaetian,Upper Triassic,Upper Triassic,227.3,205.7,21.600000000000023
Mbiresaurus raathi,Mbiresaurus,,,Sauropodomorpha,Saurischia,,Carnian,Carnian,Upper Triassic,Upper Triassic,237.0,227.3,9.699999999999989
Nambalia roychowdhurii,Nambalia,,,Sauropodomorpha,Saurischia,,Carnian,Rhaetian,Upper Triassic,Upper Triassic,227.3,205.7,21.600000000000023
Pantydraco caducus,Pantydraco,,,Sauropodomorpha,Saurischia,,Carnian,Carnian,Upper Triassic,Upper Triassic,237.0,227.3,9.699999999999989
Qianlong shouhu,Qianlong,,,Sauropodomorpha,Saurischia,,Sinemurian,Sinemurian,Lower Jurassic,Lower Jurassic,199.5,192.9,6.599999999999994
Thecodontosaurus antiquus,Thecodontosaurus,Thecodontosauridae,,Sauropodomorpha,Saurischia,,Carnian,Rhaetian,Upper Triassic,Upper Triassic,237.0,201.4,35.599999999999994
Thecodontosaurus minimus,Thecodontosaurus,Thecodontosauridae,,Sauropodomorpha,Saurischia,,Hettangian,Sinemurian,Lower Jurassic,Lower Jurassic,201.4,192.9,8.5
Abrosaurus dongpoensis,Abrosaurus,,Sauropoda,Sauropodomorpha,Saurischia,Herbivore,Bajocian,Oxfordian,Middle Jurassic,Upper Jurassic,170.9,154.8,16.099999999999994
Analong chuanjieensis,Analong,Mamenchisauridae,Sauropoda,Sauropodomorpha,Saurischia,Herbivore,Bajocian,Bajocian,Middle Jurassic,Middle Jurassic,170.9,168.2,2.700000000000017
Anhuilong diboensis,Anhuilong,Mamenchisauridae,Sauropoda,Sauropodomorpha,Saurischia,Herbivore,Aalenian,Callovian,Middle Jurassic,Middle Jurassic,174.7,161.5,13.199999999999989
Bellusaurus sui,Bellusaurus,,Sauropoda,Sauropodomorpha,Saurischia,Herbivore,Oxfordian,Oxfordian,Upper Jurassic,Upper Jurassic,161.5,154.8,6.699999999999989
Chuanjiesaurus anaensis,Chuanjiesaurus,Mamenchisauridae,Sauropoda,Sauropodomorpha,Saurischia,Herbivore,Bajocian,Bajocian,Middle Jurassic,Middle Jurassic,170.9,168.2,2.700000000000017
Daanosaurus zhangi,Daanosaurus,,Sauropoda,Sauropodomorpha,Saurischia,Herbivore,Kimmeridgian,Berriasian,Upper Jurassic,Lower Cretaceous,154.8,143.1,11.700000000000017
Eomamenchisaurus yuanmouensis,Eomamenchisaurus,Mamenchisauridae,Sauropoda,Sauropodomorpha,Saurischia,Herbivore,Aalenian,Callovian,Middle Jurassic,Middle Jurassic,174.7,161.5,13.199999999999989
Huangshanlong anhuiensis,Huangshanlong,Mamenchisauridae,Sauropoda,Sauropodomorpha,Saurischia,Herbivore,Aalenian,Callovian,Middle Jurassic,Middle Jurassic,174.7,161.5,13.199999999999989
Hudiesaurus sinojapanorum,Hudiesaurus,Mamenchisauridae,Sauropoda,Sauropodomorpha,Saurischia,Herbivore,Kimmeridgian,Berriasian,Upper Jurassic,Lower Cretaceous,152.21,143.1,9.110000000000014
Jingiella dongxingensis,Jingiella,Mamenchisauridae,Sauropoda,Sauropodomorpha,Saurischia,Herbivore,Kimmeridgian,Kimmeridgian,Upper Jurassic,Upper Jurassic,154.8,149.2,5.600000000000023
Klamelisaurus gobiensis,Klamelisaurus,Mamenchisauridae,Sauropoda,Sauropodomorpha,Saurischia,Herbivore,Callovian,Callovian,Middle Jurassic,Middle Jurassic,165.3,161.5,3.8000000000000114
Mamenchisaurus anyuensis,Mamenchisaurus,Mamenchisauridae,Sauropoda,Sauropodomorpha,Saurischia,Herbivore,Oxfordian,Aptian,Upper Jurassic,Lower Cretaceous,161.5,113.2,48.3
Mamenchisaurus constructus,Mamenchisaurus,Mamenchisauridae,Sauropoda,Sauropodomorpha,Saurischia,Herbivore,Oxfordian,Berriasian,Upper Jurassic,Lower Cretaceous,161.5,143.1,18.400000000000006
Mamenchisaurus hochuanensis,Mamenchisaurus,Mamenchisauridae,Sauropoda,Sauropodomorpha,Saurischia,Herbivore,Bathonian,Berriasian,Middle Jurassic,Lower Cretaceous,168.2,143.1,25.099999999999994
Mamenchisaurus jingyanensis,Mamenchisaurus,Mamenchisauridae,Sauropoda,Sauropodomorpha,Saurischia,Herbivore,Bathonian,Callovian,Middle Jurassic,Middle Jurassic,168.2,161.5,6.699999999999989
Mamenchisaurus sinocanadorum,Mamenchisaurus,Mamenchisauridae,Sauropoda,Sauropodomorpha,Saurischia,Herbivore,Oxfordian,Oxfordian,Upper Jurassic,Upper Jurassic,161.5,154.8,6.699999999999989
Mamenchisaurus youngi,Mamenchisaurus,Mamenchisauridae,Sauropoda,Sauropodomorpha,Saurischia,Herbivore,Bathonian,Callovian,Middle Jurassic,Middle Jurassic,168.2,161.5,6.699999999999989
Omeisaurus changshouensis,Omeisaurus,Mamenchisauridae,Sauropoda,Sauropodomorpha,Saurischia,Herbivore,Bathonian,Callovian,Middle Jurassic,Middle Jurassic,168.2,161.5,6.699999999999989
Omeisaurus fuxiensis,Omeisaurus,Mamenchisauridae,Sauropoda,Sauropodomorpha,Saurischia,Herbivore,Bathonian,Callovian,Middle Jurassic,Middle Jurassic,168.2,161.5,6.699999999999989
Omeisaurus jiaoi,Omeisaurus,Mamenchisauridae,Sauropoda,Sauropodomorpha,Saurischia,Herbivore,Bajocian,Oxfordian,Middle Jurassic,Upper Jurassic,170.9,154.8,16.099999999999994
Omeisaurus junghsiensis,Omeisaurus,Mamenchisauridae,Sauropoda,Sauropodomorpha,Saurischia,Herbivore,Bajocian,Berriasian,Middle Jurassic,Lower Cretaceous,170.9,143.1,27.80000000000001
Omeisaurus luoquanensis,Omeisaurus,Mamenchisauridae,Sauropoda,Sauropodomorpha,Saurischia,Herbivore,Oxfordian,Oxfordian,Upper Jurassic,Upper Jurassic,161.5,154.8,6.699999999999989
Omeisaurus maoianus,Omeisaurus,Mamenchisauridae,Sauropoda,Sauropodomorpha,Saurischia,Herbivore,Kimmeridgian,Berriasian,Upper Jurassic,Lower Cretaceous,154.8,143.1,11.700000000000017
Omeisaurus puxiani,Omeisaurus,Mamenchisauridae,Sauropoda,Sauropodomorpha,Saurischia,Herbivore,Bathonian,Callovian,Middle Jurassic,Middle Jurassic,168.2,161.5,6.699999999999989
Omeisaurus tianfuensis,Omeisaurus,Mamenchisauridae,Sauropoda,Sauropodomorpha,Saurischia,Herbivore,Bajocian,Oxfordian,Middle Jurassic,Upper Jurassic,170.9,154.8,16.099999999999994
Qijianglong guokr,Qijianglong,Mamenchisauridae,Sauropoda,Sauropodomorpha,Saurischia,Herbivore,Oxfordian,Berriasian,Upper Jurassic,Lower Cretaceous,161.5,143.1,18.400000000000006
Rhomaleopakhus turpanensis,Rhomaleopakhus,Mamenchisauridae,Sauropoda,Sauropodomorpha,Saurischia,Herbivore,Kimmeridgian,Berriasian,Upper Jurassic,Lower Cretaceous,152.21,143.1,9.110000000000014
Tonganosaurus hei,Tonganosaurus,Mamenchisauridae,Sauropoda,Sauropodomorpha,Saurischia,Herbivore,Hettangian,Toarcian,Lower Jurassic,Lower Jurassic,201.4,174.7,26.700000000000017
Wamweracaudia keranjei,Wamweracaudia,Mamenchisauridae,Sauropoda,Sauropodomorpha,Saurischia,Herbivore,Tithonian,Berriasian,Upper Jurassic,Lower Cretaceous,149.2,143.1,6.099999999999994
Xinjiangtitan shanshanesis,Xinjiangtitan,Mamenchisauridae,Sauropoda,Sauropodomorpha,Saurischia,Herbivore,Bathonian,Berriasian,Middle Jurassic,Lower Cretaceous,168.2,143.1,25.099999999999994
Yuanmousaurus jiangyiensis,Yuanmousaurus,Mamenchisauridae,Sauropoda,Sauropodomorpha,Saurischia,Herbivore,Aalenian,Callovian,Middle Jurassic,Middle Jurassic,174.7,161.5,13.199999999999989
Amargasaurus cazaui,Amargasaurus,Dicraeosauridae,Sauropoda,Sauropodomorpha,Saurischia,Herbivore,Barremian,Barremian,Lower Cretaceous,Lower Cretaceous,125.77,121.4,4.36999999999999
Amargatitanis macni,Amargatitanis,Dicraeosauridae,Sauropoda,Sauropodomorpha,Saurischia,Herbivore,Barremian,Barremian,Lower Cretaceous,Lower Cretaceous,125.77,121.4,4.36999999999999
Bajadasaurus pronuspinax,Bajadasaurus,Dicraeosauridae,Sauropoda,Sauropodomorpha,Saurischia,Herbivore,Valanginian,Valanginian,Lower Cretaceous,Lower Cretaceous,139.1,132.6,6.5
Brachytrachelopan mesai,Brachytrachelopan,Dicraeosauridae,Sauropoda,Sauropodomorpha,Saurischia,Herbivore,Kimmeridgian,Tithonian,Upper Jurassic,Upper Jurassic,154.8,145.06,9.740000000000009
Dicraeosaurus hansemanni,Dicraeosaurus,Dicraeosauridae,Sauropoda,Sauropodomorpha,Saurischia,Herbivore,Oxfordian,Berriasian,Upper Jurassic,Lower Cretaceous,161.5,143.1,18.400000000000006
Dicraeosaurus sattleri,Dicraeosaurus,Dicraeosauridae,Sauropoda,Sauropodomorpha,Saurischia,Herbivore,Kimmeridgian,Berriasian,Upper Jurassic,Lower Cretaceous,152.21,143.1,9.110000000000014
Dyslocosaurus polyonychius,Dyslocosaurus,Dicraeosauridae,Sauropoda,Sauropodomorpha,Saurischia,Herbivore,Kimmeridgian,Berriasian,Upper Jurassic,Lower Cretaceous,154.8,143.1,11.700000000000017
Kaatedocus siberi,Kaatedocus,,Sauropoda,Sauropodomorpha,Saurischia,Herbivore,Kimmeridgian,Kimmeridgian,Upper Jurassic,Upper Jurassic,154.8,149.2,5.600000000000023
Lingwulong shenqi,Lingwulong,Dicraeosauridae,Sauropoda,Sauropodomorpha,Saurischia,Herbivore,Aalenian,Callovian,Middle Jurassic,Middle Jurassic,174.7,161.5,13.199999999999989
Pilmatueia faundezi,Pilmatueia,Dicraeosauridae,Sauropoda,Sauropodomorpha,Saurischia,Herbivore,Valanginian,Valanginian,Lower Cretaceous,Lower Cretaceous,137.05,132.6,4.450000000000017
Smitanosaurus agilis,Smitanosaurus,Dicraeosauridae,Sauropoda,Sauropodomorpha,Saurischia,Herbivore,Kimmeridgian,Tithonian,Upper Jurassic,Upper Jurassic,152.21,145.06,7.150000000000006
Suuwassea emilieae,Suuwassea,Dicraeosauridae,Sauropoda,Sauropodomorpha,Saurischia,Herbivore,Kimmeridgian,Kimmeridgian,Upper Jurassic,Upper Jurassic,152.21,149.2,3.0100000000000193
Tharosaurus indicus,Tharosaurus,Dicraeosauridae,Sauropoda,Sauropodomorpha,Saurischia,Herbivore,Bathonian,Bathonian,Middle Jurassic,Middle Jurassic,168.2,165.3,2.8999999999999773
Ardetosaurus viator,Ardetosaurus,Diplodocidae,Sauropoda,Sauropodomorpha,Saurischia,Herbivore,Kimmeridgian,Kimmeridgian,Upper Jurassic,Upper Jurassic,154.8,149.2,5.600000000000023
Barosaurus lentus,Barosaurus,Diplodocidae,Sauropoda,Sauropodomorpha,Saurischia,Herbivore,Kimmeridgian,Berriasian,Upper Jurassic,Lower Cretaceous,154.8,143.1,11.700000000000017
Dinheirosaurus lourinhanensis,Dinheirosaurus,Diplodocidae,Sauropoda,Sauropodomorpha,Saurischia,Herbivore,Kimmeridgian,Kimmeridgian,Upper Jurassic,Upper Jurassic,152.21,149.2,3.0100000000000193
Diplodocus carnegii,Diplodocus,Diplodocidae,Sauropoda,Sauropodomorpha,Saurischia,Herbivore,Kimmeridgian,Berriasian,Upper Jurassic,Lower Cretaceous,154.8,143.1,11.700000000000017
Diplodocus hallorum,Diplodocus,Diplodocidae,Sauropoda,Sauropodomorpha,Saurischia,Herbivore,Kimmeridgian,Berriasian,Upper Jurassic,Lower Cretaceous,154.8,143.1,11.700000000000017
Diplodocus longus,Diplodocus,Diplodocidae,Sauropoda,Sauropodomorpha,Saurischia,Herbivore,Kimmeridgian,Berriasian,Upper Jurassic,Lower Cretaceous,154.8,143.1,11.700000000000017
Galeamopus hayi,Galeamopus,Diplodocidae,Sauropoda,Sauropodomorpha,Saurischia,Herbivore,Kimmeridgian,Berriasian,Upper Jurassic,Lower Cretaceous,154.8,143.1,11.700000000000017
Galeamopus pabsti,Galeamopus,Diplodocidae,Sauropoda,Sauropodomorpha,Saurischia,Herbivore,Kimmeridgian,Berriasian,Upper Jurassic,Lower Cretaceous,154.8,143.1,11.700000000000017
Leinkupal laticauda,Leinkupal,Diplodocidae,Sauropoda,Sauropodomorpha,Saurischia,Herbivore,Valanginian,Valanginian,Lower Cretaceous,Lower Cretaceous,139.1,132.6,6.5
Supersaurus vivianae,Supersaurus,Diplodocidae,Sauropoda,Sauropodomorpha,Saurischia,Herbivore,Kimmeridgian,Berriasian,Upper Jurassic,Lower Cretaceous,154.8,143.1,11.700000000000017
Tornieria africana,Tornieria,Diplodocidae,Sauropoda,Sauropodomorpha,Saurischia,Herbivore,Kimmeridgian,Berriasian,Upper Jurassic,Lower Cretaceous,152.21,143.1,9.110000000000014
Apatosaurus ajax,Apatosaurus,Diplodocidae,Sauropoda,Sauropodomorpha,Saurischia,Herbivore,Kimmeridgian,Berriasian,Upper Jurassic,Lower Cretaceous,154.8,143.1,11.700000000000017
Apatosaurus louisae,Apatosaurus,Diplodocidae,Sauropoda,Sauropodomorpha,Saurischia,Herbivore,Kimmeridgian,Berriasian,Upper Jurassic,Lower Cretaceous,154.8,143.1,11.700000000000017
Brontosaurus excelsus,Brontosaurus,Diplodocidae,Sauropoda,Sauropodomorpha,Saurischia,Herbivore,Kimmeridgian,Berriasian,Upper Jurassic,Lower Cretaceous,154.8,143.1,11.700000000000017
Brontosaurus parvus,Brontosaurus,Diplodocidae,Sauropoda,Sauropodomorpha,Saurischia,Herbivore,Kimmeridgian,Berriasian,Upper Jurassic,Lower Cretaceous,154.8,143.1,11.700000000000017
Brontosaurus yahnahpin,Brontosaurus,Diplodocidae,Sauropoda,Sauropodomorpha,Saurischia,Herbivore,Kimmeridgian,Berriasian,Upper Jurassic,Lower Cretaceous,154.8,143.1,11.700000000000017
Demandasaurus darwini,Demandasaurus,Rebbachisauridae,Sauropoda,Sauropodomorpha,Saurischia,Herbivore,Barremian,Aptian,Lower Cretaceous,Lower Cretaceous,125.77,119.57,6.200000000000003
Nigersaurus taqueti,Nigersaurus,Rebbachisauridae,Sauropoda,Sauropodomorpha,Saurischia,Herbivore,Aptian,Albian,Lower Cretaceous,Lower Cretaceous,121.4,100.5,20.900000000000006
Tataouinea hannibalis,Tataouinea,Rebbachisauridae,Sauropoda,Sauropodomorpha,Saurischia,Herbivore,Aptian,Albian,Lower Cretaceous,Lower Cretaceous,113.2,100.5,12.700000000000003
Cathartesaura anaerobica,Cathartesaura,Rebbachisauridae,Sauropoda,Sauropodomorpha,Saurischia,Herbivore,Cenomanian,Turonian,Upper Cretaceous,Upper Cretaceous,100.5,89.8,10.700000000000003
Katepensaurus goicoecheai,Katepensaurus,Rebbachisauridae,Sauropoda,Sauropodomorpha,Saurischia,Herbivore,Cenomanian,Turonian,Upper Cretaceous,Upper Cretaceous,100.5,89.8,10.700000000000003
Limaysaurus tessonei,Limaysaurus,Rebbachisauridae,Sauropoda,Sauropodomorpha,Saurischia,Herbivore,Cenomanian,Turonian,Upper Cretaceous,Upper Cretaceous,100.5,89.8,10.700000000000003
Nopcsaspondylus alarconensis,Nopcsaspondylus,Rebbachisauridae,Sauropoda,Sauropodomorpha,Saurischia,Herbivore,Cenomanian,Cenomanian,Upper Cretaceous,Upper Cretaceous,100.5,93.9,6.599999999999994
Rayososaurus agrioensis,Rayososaurus,Rebbachisauridae,Sauropoda,Sauropodomorpha,Saurischia,Herbivore,Cenomanian,Cenomanian,Upper Cretaceous,Upper Cretaceous,100.5,93.9,6.599999999999994
Rebbachisaurus garasbae,Rebbachisaurus,Rebbachisauridae,Sauropoda,Sauropodomorpha,Saurischia,Herbivore,Albian,Cenomanian,Lower Cretaceous,Upper Cretaceous,106.3,93.9,12.399999999999991
Agustinia ligabuei,Agustinia,Rebbachisauridae,Sauropoda,Sauropodomorpha,Saurischia,Herbivore,Aptian,Albian,Lower Cretaceous,Lower Cretaceous,113.2,100.5,12.700000000000003
Amazonsaurus maranhensis,Amazonsaurus,Rebbachisauridae,Sauropoda,Sauropodomorpha,Saurischia,Herbivore,Aptian,Albian,Lower Cretaceous,Lower Cretaceous,119.57,106.3,13.269999999999996
Campananeyen fragilissimus,Campananeyen,Rebbachisauridae,Sauropoda,Sauropodomorpha,Saurischia,Herbivore,Cenomanian,Cenomanian,Upper Cretaceous,Upper Cretaceous,100.5,93.9,6.599999999999994
Cienciargentina sanchezi,Cienciargentina,Rebbachisauridae,Sauropoda,Sauropodomorpha,Saurischia,Herbivore,Cenomanian,Cenomanian,Upper Cretaceous,Upper Cretaceous,100.5,93.9,6.599999999999994
Comahuesaurus windhauseni,Comahuesaurus,Rebbachisauridae,Sauropoda,Sauropodomorpha,Saurischia,Herbivore,Aptian,Albian,Lower Cretaceous,Lower Cretaceous,119.57,110.1,9.469999999999999
Histriasaurus boscarollii,Histriasaurus,Rebbachisauridae,Sauropoda,Sauropodomorpha,Saurischia,Herbivore,Hauterivian,Barremian,Lower Cretaceous,Lower Cretaceous,132.6,121.4,11.199999999999989
Itapeuasaurus cajapioensis,Itapeuasaurus,Rebbachisauridae,Sauropoda,Sauropodomorpha,Saurischia,Herbivore,Cenomanian,Cenomanian,Upper Cretaceous,Upper Cretaceous,100.5,93.9,6.599999999999994
Lavocatisaurus agrioensis,Lavocatisaurus,Rebbachisauridae,Sauropoda,Sauropodomorpha,Saurischia,Herbivore,Aptian,Albian,Lower Cretaceous,Lower Cretaceous,121.4,110.1,11.300000000000011
Maraapunisaurus fragillimus,Maraapunisaurus,Rebbachisauridae,Sauropoda,Sauropodomorpha,Saurischia,Herbivore,Tithonian,Berriasian,Upper Jurassic,Lower Cretaceous,149.2,143.1,6.099999999999994
Sidersaura marae,Sidersaura,Rebbachisauridae,Sauropoda,Sauropodomorpha,Saurischia,Herbivore,Cenomanian,Turonian,Upper Cretaceous,Upper Cretaceous,100.5,89.8,10.700000000000003
Xenoposeidon proneneukos,Xenoposeidon,Rebbachisauridae,Sauropoda,Sauropodomorpha,Saurischia,Herbivore,Valanginian,Valanginian,Lower Cretaceous,Lower Cretaceous,139.1,132.6,6.5
Zapalasaurus bonapartei,Zapalasaurus,Rebbachisauridae,Sauropoda,Sauropodomorpha,Saurischia,Herbivore,Barremian,Aptian,Lower Cretaceous,Lower Cretaceous,125.77,119.57,6.200000000000003
Amphicoelias altus,Amphicoelias,Diplodocidae,Sauropoda,Sauropodomorpha,Saurischia,Herbivore,Tithonian,Tithonian,Upper Jurassic,Upper Jurassic,149.2,145.06,4.139999999999986
Amphicoelias brontodiplodocus,Amphicoelias,Diplodocidae,Sauropoda,Sauropodomorpha,Saurischia,Herbivore,Oxfordian,Kimmeridgian,Upper Jurassic,Upper Jurassic,157.9,152.21,5.689999999999998
Haplocanthosaurus delfsi,Haplocanthosaurus,Haplocanthosauridae,Sauropoda,Sauropodomorpha,Saurischia,Herbivore,Kimmeridgian,Tithonian,Upper Jurassic,Upper Jurassic,152.21,145.06,7.150000000000006
Haplocanthosaurus priscus,Haplocanthosaurus,Haplocanthosauridae,Sauropoda,Sauropodomorpha,Saurischia,Herbivore,Kimmeridgian,Tithonian,Upper Jurassic,Upper Jurassic,152.21,145.06,7.150000000000006
Camarasaurus grandis,Camarasaurus,Camarasauridae,Sauropoda,Sauropodomorpha,Saurischia,Herbivore,Kimmeridgian,Berriasian,Upper Jurassic,Lower Cretaceous,154.8,143.1,11.700000000000017
Camarasaurus lentus,Camarasaurus,Camarasauridae,Sauropoda,Sauropodomorpha,Saurischia,Herbivore,Kimmeridgian,Berriasian,Upper Jurassic,Lower Cretaceous,154.8,143.1,11.700000000000017
Camarasaurus lewisi,Camarasaurus,Camarasauridae,Sauropoda,Sauropodomorpha,Saurischia,Herbivore,Kimmeridgian,Kimmeridgian,Upper Jurassic,Upper Jurassic,154.8,149.2,5.600000000000023
Camarasaurus supremus,Camarasaurus,Camarasauridae,Sauropoda,Sauropodomorpha,Saurischia,Herbivore,Kimmeridgian,Berriasian,Upper Jurassic,Lower Cretaceous,154.8,143.1,11.700000000000017
Morosaurus marchei,Camarasaurus,Camarasauridae,Sauropoda,Sauropodomorpha,Saurischia,Herbivore,Kimmeridgian,Kimmeridgian,Upper Jurassic,Upper Jurassic,152.21,149.2,3.0100000000000193
Lourinhasaurus alenquerensis,Lourinhasaurus,Camarasauridae,Sauropoda,Sauropodomorpha,Saurischia,Herbivore,Kimmeridgian,Tithonian,Upper Jurassic,Upper Jurassic,152.21,145.06,7.150000000000006
Europasaurus holgeri,Europasaurus,,Sauropoda,Sauropodomorpha,Saurischia,Herbivore,Kimmeridgian,Kimmeridgian,Upper Jurassic,Upper Jurassic,152.21,149.2,3.0100000000000193
Tehuelchesaurus benitezii,Tehuelchesaurus,Camarasauridae,Sauropoda,Sauropodomorpha,Saurischia,Herbivore,Oxfordian,Berriasian,Upper Jurassic,Lower Cretaceous,157.9,143.1,14.800000000000011
Diamantinasaurus matildae,Diamantinasaurus,,Sauropoda,Sauropodomorpha,Saurischia,Herbivore,Cenomanian,Turonian,Upper Cretaceous,Upper Cretaceous,100.5,89.8,10.700000000000003
Mansourasaurus shahinae,Mansourasaurus,,Titanosauria,Sauropodomorpha,Saurischia,Herbivore,Campanian,Campanian,Upper Cretaceous,Upper Cretaceous,83.6,72.2,11.399999999999991
Sarmientosaurus musacchioi,Sarmientosaurus,,Sauropoda,Sauropodomorpha,Saurischia,Herbivore,Cenomanian,Turonian,Upper Cretaceous,Upper Cretaceous,100.5,89.8,10.700000000000003
Savannasaurus elliottorum,Savannasaurus,,Sauropoda,Sauropodomorpha,Saurischia,Herbivore,Cenomanian,Turonian,Upper Cretaceous,Upper Cretaceous,100.5,89.8,10.700000000000003
Wintonotitan wattsi,Wintonotitan,,Sauropoda,Sauropodomorpha,Saurischia,Herbivore,Cenomanian,Turonian,Upper Cretaceous,Upper Cretaceous,100.5,89.8,10.700000000000003
Daxiatitan binglingi,Daxiatitan,,Titanosauria,Sauropodomorpha,Saurischia,Herbivore,Barremian,Aptian,Lower Cretaceous,Lower Cretaceous,125.77,113.2,12.569999999999993
Erketu ellisoni,Erketu,,Sauropoda,Sauropodomorpha,Saurischia,Herbivore,Cenomanian,Santonian,Upper Cretaceous,Upper Cretaceous,100.5,83.6,16.900000000000006
Euhelopus zdanskyi,Euhelopus,Euhelopodidae,Sauropoda,Sauropodomorpha,Saurischia,Herbivore,Berriasian,Valanginian,Lower Cretaceous,Lower Cretaceous,143.1,132.6,10.5
Gobititan shenzhouensis,Gobititan,,Sauropoda,Sauropodomorpha,Saurischia,Herbivore,Aptian,Albian,Lower Cretaceous,Lower Cretaceous,113.2,110.1,3.1000000000000085
Huabeisaurus allocotus,Huabeisaurus,Euhelopodidae,Sauropoda,Sauropodomorpha,Saurischia,Herbivore,Cenomanian,Campanian,Upper Cretaceous,Upper Cretaceous,100.5,72.2,28.299999999999997
Phuwiangosaurus sirindhornae,Phuwiangosaurus,Euhelopodidae,Sauropoda,Sauropodomorpha,Saurischia,Herbivore,Barremian,Barremian,Lower Cretaceous,Lower Cretaceous,125.77,121.4,4.36999999999999
Qiaowanlong kangxii,Qiaowanlong,Euhelopodidae,Sauropoda,Sauropodomorpha,Saurischia,Herbivore,Aptian,Aptian,Lower Cretaceous,Lower Cretaceous,121.4,113.2,8.200000000000003
Ruixinia zhangi,Ruixinia,,Sauropoda,Sauropodomorpha,Saurischia,Herbivore,Barremian,Aptian,Lower Cretaceous,Lower Cretaceous,125.77,119.57,6.200000000000003
Ruyangosaurus giganteus,Ruyangosaurus,,Titanosauria,Sauropodomorpha,Saurischia,Herbivore,Aptian,Albian,Lower Cretaceous,Lower Cretaceous,121.4,100.5,20.900000000000006
Silutitan sinensis,Silutitan,Euhelopodidae,Sauropoda,Sauropodomorpha,Saurischia,Herbivore,Valanginian,Valanginian,Lower Cretaceous,Lower Cretaceous,137.05,132.6,4.450000000000017
Tambatitanis amicitiae,Tambatitanis,,Titanosauria,Sauropodomorpha,Saurischia,Herbivore,Aptian,Albian,Lower Cretaceous,Lower Cretaceous,113.2,110.1,3.1000000000000085
Tangvayosaurus hoffeti,Tangvayosaurus,Euhelopodidae,Sauropoda,Sauropodomorpha,Saurischia,Herbivore,Aptian,Albian,Lower Cretaceous,Lower Cretaceous,121.4,100.5,20.900000000000006
Xianshanosaurus shijiagouensis,Xianshanosaurus,,Sauropoda,Sauropodomorpha,Saurischia,Herbivore,Aptian,Albian,Lower Cretaceous,Lower Cretaceous,121.4,100.5,20.900000000000006
Yongjinglong datangi,Yongjinglong,Euhelopodidae,Sauropoda,Sauropodomorpha,Saurischia,Herbivore,Barremian,Aptian,Lower Cretaceous,Lower Cretaceous,125.77,113.2,12.569999999999993
Angolatitan adamastor,Angolatitan,,Sauropoda,Sauropodomorpha,Saurischia,Herbivore,Coniacian,Santonian,Upper Cretaceous,Upper Cretaceous,89.8,85.7,4.099999999999994
Astrophocaudia slaughteri,Astrophocaudia,,Sauropoda,Sauropodomorpha,Saurischia,Herbivore,Aptian,Albian,Lower Cretaceous,Lower Cretaceous,113.2,110.1,3.1000000000000085
Australodocus bohetii,Australodocus,,Sauropoda,Sauropodomorpha,Saurischia,Herbivore,Tithonian,Berriasian,Upper Jurassic,Lower Cretaceous,149.2,143.1,6.099999999999994
Austrosaurus mckillopi,Austrosaurus,,Sauropoda,Sauropodomorpha,Saurischia,Herbivore,Albian,Albian,Lower Cretaceous,Lower Cretaceous,106.3,100.5,5.799999999999997
Brontomerus mcintoshi,Brontomerus,,Sauropoda,Sauropodomorpha,Saurischia,Herbivore,Aptian,Albian,Lower Cretaceous,Lower Cretaceous,121.4,100.5,20.900000000000006
Chubutisaurus insignis,Chubutisaurus,,Sauropoda,Sauropodomorpha,Saurischia,Herbivore,Aptian,Albian,Lower Cretaceous,Lower Cretaceous,119.57,110.1,9.469999999999999
Dongbeititan dongi,Dongbeititan,,Sauropoda,Sauropodomorpha,Saurischia,Herbivore,Barremian,Aptian,Lower Cretaceous,Lower Cretaceous,125.77,119.57,6.200000000000003
Europatitan eastwoodi,Europatitan,,Sauropoda,Sauropodomorpha,Saurischia,Herbivore,Barremian,Aptian,Lower Cretaceous,Lower Cretaceous,125.77,119.57,6.200000000000003
Gannansaurus sinensis,Gannansaurus,,Sauropoda,Sauropodomorpha,Saurischia,Herbivore,Campanian,Maastrichtian,Upper Cretaceous,Upper Cretaceous,72.2,66.0,6.200000000000003
Garumbatitan morellensis,Garumbatitan,,Sauropoda,Sauropodomorpha,Saurischia,Herbivore,Barremian,Barremian,Lower Cretaceous,Lower Cretaceous,125.77,121.4,4.36999999999999
Huanghetitan liujiaxiaensis,Huanghetitan,,Sauropoda,Sauropodomorpha,Saurischia,Herbivore,Barremian,Aptian,Lower Cretaceous,Lower Cretaceous,125.77,113.2,12.569999999999993
Jiangshanosaurus lixianensis,Jiangshanosaurus,,Sauropoda,Sauropodomorpha,Saurischia,Herbivore,Cenomanian,Turonian,Upper Cretaceous,Upper Cretaceous,100.5,89.8,10.700000000000003
Jiangxititan ganzhouensis,Jiangxititan,,Sauropoda,Sauropodomorpha,Saurischia,Herbivore,Campanian,Maastrichtian,Upper Cretaceous,Upper Cretaceous,72.2,66.0,6.200000000000003
Ligabuesaurus leanzai,Ligabuesaurus,,Sauropoda,Sauropodomorpha,Saurischia,Herbivore,Aptian,Albian,Lower Cretaceous,Lower Cretaceous,113.2,110.1,3.1000000000000085
Liubangosaurus hei,Liubangosaurus,,Sauropoda,Sauropodomorpha,Saurischia,Herbivore,Aptian,Aptian,Lower Cretaceous,Lower Cretaceous,121.4,113.2,8.200000000000003
Padillasaurus leivaensis,Padillasaurus,,Sauropoda,Sauropodomorpha,Saurischia,Herbivore,Barremian,Barremian,Lower Cretaceous,Lower Cretaceous,125.77,121.4,4.36999999999999
Sauroposeidon proteles,Sauroposeidon,,Sauropoda,Sauropodomorpha,Saurischia,Herbivore,Aptian,Cenomanian,Lower Cretaceous,Upper Cretaceous,121.4,93.9,27.5
Sibirotitan astrosacralis,Sibirotitan,,Sauropoda,Sauropodomorpha,Saurischia,Herbivore,Aptian,Aptian,Lower Cretaceous,Lower Cretaceous,121.4,113.2,8.200000000000003
Sonidosaurus saihangaobiensis,Sonidosaurus,,Titanosauria,Sauropodomorpha,Saurischia,Herbivore,Campanian,Campanian,Upper Cretaceous,Upper Cretaceous,83.6,72.2,11.399999999999991
Tastavinsaurus sanzi,Tastavinsaurus,,Sauropoda,Sauropodomorpha,Saurischia,Herbivore,Aptian,Aptian,Lower Cretaceous,Lower Cretaceous,121.4,119.57,1.8300000000000125
Triunfosaurus leonardii,Triunfosaurus,,Sauropoda,Sauropodomorpha,Saurischia,Herbivore,Berriasian,Hauterivian,Lower Cretaceous,Lower Cretaceous,143.1,125.77,17.33
Yunmenglong ruyangensis,Yunmenglong,,Sauropoda,Sauropodomorpha,Saurischia,Herbivore,Aptian,Albian,Lower Cretaceous,Lower Cretaceous,121.4,100.5,20.900000000000006
Austroposeidon magnificus,Austroposeidon,,Titanosauria,Sauropodomorpha,Saurischia,Herbivore,Campanian,Maastrichtian,Upper Cretaceous,Upper Cretaceous,83.6,66.0,17.599999999999994
Drusilasaura deseadensis,Drusilasaura,,Titanosauria,Sauropodomorpha,Saurischia,Herbivore,Cenomanian,Turonian,Upper Cretaceous,Upper Cretaceous,100.5,89.8,10.700000000000003
Futalognkosaurus dukei,Futalognkosaurus,,Titanosauria,Sauropodomorpha,Saurischia,Herbivore,Turonian,Santonian,Upper Cretaceous,Upper Cretaceous,93.9,85.7,8.200000000000003
Mendozasaurus neguyelap,Mendozasaurus,,Titanosauria,Sauropodomorpha,Saurischia,Herbivore,Coniacian,Santonian,Upper Cretaceous,Upper Cretaceous,89.8,85.7,4.099999999999994
Quetecsaurus rusconii,Quetecsaurus,,Titanosauria,Sauropodomorpha,Saurischia,Herbivore,Turonian,Turonian,Upper Cretaceous,Upper Cretaceous,93.9,89.8,4.1000000000000085
Traukutitan eocaudata,Traukutitan,,Titanosauria,Sauropodomorpha,Saurischia,Herbivore,Santonian,Santonian,Upper Cretaceous,Upper Cretaceous,85.7,83.6,2.1000000000000085
Adamantisaurus mezzalirai,Adamantisaurus,,Titanosauria,Sauropodomorpha,Saurischia,Herbivore,Campanian,Maastrichtian,Upper Cretaceous,Upper Cretaceous,83.6,66.0,17.599999999999994
Arrudatitan maximus,Arrudatitan,,Titanosauria,Sauropodomorpha,Saurischia,Herbivore,Campanian,Maastrichtian,Upper Cretaceous,Upper Cretaceous,83.6,66.0,17.599999999999994
Brasilotitan nemophagus,Brasilotitan,,Titanosauria,Sauropodomorpha,Saurischia,Herbivore,Campanian,Maastrichtian,Upper Cretaceous,Upper Cretaceous,83.6,66.0,17.599999999999994
Bravasaurus arrierosorum,Bravasaurus,,Titanosauria,Sauropodomorpha,Saurischia,Herbivore,Campanian,Maastrichtian,Upper Cretaceous,Upper Cretaceous,83.6,66.0,17.599999999999994
Chadititan calvoi,Chadititan,,Titanosauria,Sauropodomorpha,Saurischia,Herbivore,Campanian,Campanian,Upper Cretaceous,Upper Cretaceous,83.6,72.2,11.399999999999991
Maxakalisaurus topai,Maxakalisaurus,,Titanosauria,Sauropodomorpha,Saurischia,Herbivore,Campanian,Maastrichtian,Upper Cretaceous,Upper Cretaceous,83.6,66.0,17.599999999999994
Muyelensaurus pecheni,Muyelensaurus,,Titanosauria,Sauropodomorpha,Saurischia,Herbivore,Coniacian,Santonian,Upper Cretaceous,Upper Cretaceous,89.8,83.6,6.200000000000003
Overosaurus paradasorum,Overosaurus,,Titanosauria,Sauropodomorpha,Saurischia,Herbivore,Santonian,Santonian,Upper Cretaceous,Upper Cretaceous,85.7,83.6,2.1000000000000085
Pitekunsaurus macayai,Pitekunsaurus,,Titanosauria,Sauropodomorpha,Saurischia,Herbivore,Campanian,Campanian,Upper Cretaceous,Upper Cretaceous,83.6,72.2,11.399999999999991
Punatitan coughlini,Punatitan,,Titanosauria,Sauropodomorpha,Saurischia,Herbivore,Campanian,Maastrichtian,Upper Cretaceous,Upper Cretaceous,83.6,66.0,17.599999999999994
Rinconsaurus caudamirus,Rinconsaurus,,Titanosauria,Sauropodomorpha,Saurischia,Herbivore,Santonian,Santonian,Upper Cretaceous,Upper Cretaceous,85.7,83.6,2.1000000000000085
Rukwatitan bisepultus,Rukwatitan,,Titanosauria,Sauropodomorpha,Saurischia,Herbivore,Cenomanian,Campanian,Upper Cretaceous,Upper Cretaceous,100.5,72.2,28.299999999999997
Uberabatitan ribeiroi,Uberabatitan,,Titanosauria,Sauropodomorpha,Saurischia,Herbivore,Campanian,Maastrichtian,Upper Cretaceous,Upper Cretaceous,72.2,66.0,6.200000000000003
Chucarosaurus diripienda,Chucarosaurus,,Titanosauria,Sauropodomorpha,Saurischia,Herbivore,Cenomanian,Turonian,Upper Cretaceous,Upper Cretaceous,100.5,89.8,10.700000000000003
Notocolossus gonzalezparejasi,Notocolossus,,Titanosauria,Sauropodomorpha,Saurischia,Herbivore,Coniacian,Santonian,Upper Cretaceous,Upper Cretaceous,89.8,83.6,6.200000000000003
Puertasaurus reuili,Puertasaurus,,Titanosauria,Sauropodomorpha,Saurischia,Herbivore,Campanian,Campanian,Upper Cretaceous,Upper Cretaceous,83.6,72.2,11.399999999999991
Ampelosaurus atacis,Ampelosaurus,,Titanosauria,Sauropodomorpha,Saurischia,Herbivore,Campanian,Maastrichtian,Upper Cretaceous,Upper Cretaceous,83.6,66.0,17.599999999999994
Atsinganosaurus velauciensis,Atsinganosaurus,,Titanosauria,Sauropodomorpha,Saurischia,Herbivore,Campanian,Campanian,Upper Cretaceous,Upper Cretaceous,83.6,72.2,11.399999999999991
Garrigatitan meridionalis,Garrigatitan,,Titanosauria,Sauropodomorpha,Saurischia,Herbivore,Campanian,Campanian,Upper Cretaceous,Upper Cretaceous,83.6,72.2,11.399999999999991
Lirainosaurus astibiae,Lirainosaurus,,Titanosauria,Sauropodomorpha,Saurischia,Herbivore,Campanian,Maastrichtian,Upper Cretaceous,Upper Cretaceous,83.6,66.0,17.599999999999994
Argentinosaurus huinculensis,Argentinosaurus,,Titanosauria,Sauropodomorpha,Saurischia,Herbivore,Cenomanian,Turonian,Upper Cretaceous,Upper Cretaceous,100.5,89.8,10.700000000000003
Bonitasaura salgadoi,Bonitasaura,,Titanosauria,Sauropodomorpha,Saurischia,Herbivore,Santonian,Santonian,Upper Cretaceous,Upper Cretaceous,85.7,83.6,2.1000000000000085
Dreadnoughtus schrani,Dreadnoughtus,,Titanosauria,Sauropodomorpha,Saurischia,Herbivore,Campanian,Campanian,Upper Cretaceous,Upper Cretaceous,83.6,72.2,11.399999999999991
Inawentu oslatus,Inawentu,,Titanosauria,Sauropodomorpha,Saurischia,Herbivore,Santonian,Santonian,Upper Cretaceous,Upper Cretaceous,85.7,83.6,2.1000000000000085
Lohuecotitan pandafilandi,Lohuecotitan,,Titanosauria,Sauropodomorpha,Saurischia,Herbivore,Campanian,Maastrichtian,Upper Cretaceous,Upper Cretaceous,83.6,66.0,17.599999999999994
Magyarosaurus dacus,Magyarosaurus,,Titanosauria,Sauropodomorpha,Saurischia,Herbivore,Campanian,Maastrichtian,Upper Cretaceous,Upper Cretaceous,72.2,66.0,6.200000000000003
Menucocelsior arriagadai,Menucocelsior,,Titanosauria,Sauropodomorpha,Saurischia,Herbivore,Campanian,Maastrichtian,Upper Cretaceous,Upper Cretaceous,83.6,66.0,17.599999999999994
Normanniasaurus genceyi,Normanniasaurus,,Titanosauria,Sauropodomorpha,Saurischia,Herbivore,Albian,Albian,Lower Cretaceous,Lower Cretaceous,110.1,106.3,3.799999999999997
Paludititan nalatzensis,Paludititan,,Titanosauria,Sauropodomorpha,Saurischia,Herbivore,Campanian,Maastrichtian,Upper Cretaceous,Upper Cretaceous,72.2,66.0,6.200000000000003
Patagotitan mayorum,Patagotitan,,Titanosauria,Sauropodomorpha,Saurischia,Herbivore,Aptian,Albian,Lower Cretaceous,Lower Cretaceous,113.2,100.5,12.700000000000003
Petrustitan hungaricus,Petrustitan,,Titanosauria,Sauropodomorpha,Saurischia,Herbivore,Campanian,Maastrichtian,Upper Cretaceous,Upper Cretaceous,72.2,66.0,6.200000000000003
Aeolosaurus colhuehuapensis,Aeolosaurus,,Titanosauria,Sauropodomorpha,Saurischia,Herbivore,Campanian,Maastrichtian,Upper Cretaceous,Upper Cretaceous,83.6,66.0,17.599999999999994
Aeolosaurus rionegrinus,Aeolosaurus,,Titanosauria,Sauropodomorpha,Saurischia,Herbivore,Campanian,Maastrichtian,Upper Cretaceous,Upper Cretaceous,83.6,66.0,17.599999999999994
Baurutitan britoi,Baurutitan,,Titanosauria,Sauropodomorpha,Saurischia,Herbivore,Campanian,Maastrichtian,Upper Cretaceous,Upper Cretaceous,72.2,66.0,6.200000000000003
Caieiria allocaudata,Caieiria,,Titanosauria,Sauropodomorpha,Saurischia,Herbivore,Campanian,Maastrichtian,Upper Cretaceous,Upper Cretaceous,72.2,66.0,6.200000000000003
Gondwanatitan faustoi,Gondwanatitan,,Titanosauria,Sauropodomorpha,Saurischia,Herbivore,Campanian,Maastrichtian,Upper Cretaceous,Upper Cretaceous,83.6,66.0,17.599999999999994
Panamericansaurus schroederi,Panamericansaurus,,Titanosauria,Sauropodomorpha,Saurischia,Herbivore,Campanian,Maastrichtian,Upper Cretaceous,Upper Cretaceous,83.6,66.0,17.599999999999994
Opisthocoelicaudia skarzynskii,Opisthocoelicaudia,Saltasauridae,Titanosauria,Sauropodomorpha,Saurischia,Herbivore,Campanian,Maastrichtian,Upper Cretaceous,Upper Cretaceous,72.2,66.0,6.200000000000003
Neuquensaurus australis,Neuquensaurus,Saltasauridae,Titanosauria,Sauropodomorpha,Saurischia,Herbivore,Santonian,Maastrichtian,Upper Cretaceous,Upper Cretaceous,85.7,66.0,19.700000000000003
Saltasaurus loricatus,Saltasaurus,Saltasauridae,Titanosauria,Sauropodomorpha,Saurischia,Herbivore,Campanian,Maastrichtian,Upper Cretaceous,Upper Cretaceous,72.2,66.0,6.200000000000003
Alamosaurus sanjuanensis,Alamosaurus,Saltasauridae,Titanosauria,Sauropodomorpha,Saurischia,Herbivore,Campanian,Maastrichtian,Upper Cretaceous,Upper Cretaceous,83.6,66.0,17.599999999999994
Bonatitan reigi,Bonatitan,Saltasauridae,Titanosauria,Sauropodomorpha,Saurischia,Herbivore,Campanian,Maastrichtian,Upper Cretaceous,Upper Cretaceous,83.6,66.0,17.599999999999994
Ibirania parva,Ibirania,Saltasauridae,Titanosauria,Sauropodomorpha,Saurischia,Herbivore,Santonian,Campanian,Upper Cretaceous,Upper Cretaceous,85.7,72.2,13.5
Rocasaurus muniozi,Rocasaurus,Saltasauridae,Titanosauria,Sauropodomorpha,Saurischia,Herbivore,Campanian,Maastrichtian,Upper Cretaceous,Upper Cretaceous,83.6,66.0,17.599999999999994
Yamanasaurus lojaensis,Yamanasaurus,Saltasauridae,Titanosauria,Sauropodomorpha,Saurischia,Herbivore,Campanian,Maastrichtian,Upper Cretaceous,Upper Cretaceous,72.2,66.0,6.200000000000003
Abditosaurus kuehnei,Abditosaurus,Saltasauridae,Titanosauria,Sauropodomorpha,Saurischia,Herbivore,Campanian,Maastrichtian,Upper Cretaceous,Upper Cretaceous,72.2,66.0,6.200000000000003
Igai semkhu,Igai,Saltasauridae,Titanosauria,Sauropodomorpha,Saurischia,Herbivore,Campanian,Campanian,Upper Cretaceous,Upper Cretaceous,83.6,72.2,11.399999999999991
Qingxiusaurus youjiangensis,Qingxiusaurus,Saltasauridae,Titanosauria,Sauropodomorpha,Saurischia,Herbivore,Cenomanian,Maastrichtian,Upper Cretaceous,Upper Cretaceous,100.5,66.0,34.5
Qunkasaura pintiquiniestra,Qunkasaura,Saltasauridae,Titanosauria,Sauropodomorpha,Saurischia,Herbivore,Campanian,Maastrichtian,Upper Cretaceous,Upper Cretaceous,83.6,66.0,17.599999999999994
Zhuchengtitan zangjiazhuangensis,Zhuchengtitan,Saltasauridae,Titanosauria,Sauropodomorpha,Saurischia,Herbivore,Campanian,Campanian,Upper Cretaceous,Upper Cretaceous,83.6,72.2,11.399999999999991
Isisaurus colberti,Isisaurus,,Titanosauria,Sauropodomorpha,Saurischia,Herbivore,Campanian,Maastrichtian,Upper Cretaceous,Upper Cretaceous,72.2,66.0,6.200000000000003
Rapetosaurus krausei,Rapetosaurus,,Titanosauria,Sauropodomorpha,Saurischia,Herbivore,Campanian,Maastrichtian,Upper Cretaceous,Upper Cretaceous,72.2,66.0,6.200000000000003
Tapuiasaurus macedoi,Tapuiasaurus,,Titanosauria,Sauropodomorpha,Saurischia,Herbivore,Aptian,Aptian,Lower Cretaceous,Lower Cretaceous,121.4,113.2,8.200000000000003
Titanomachya gimenezi,Titanomachya,,Titanosauria,Sauropodomorpha,Saurischia,Herbivore,Campanian,Maastrichtian,Upper Cretaceous,Upper Cretaceous,72.2,66.0,6.200000000000003
Udelartitan celeste,Udelartitan,,Titanosauria,Sauropodomorpha,Saurischia,Herbivore,Cenomanian,Santonian,Upper Cretaceous,Upper Cretaceous,100.5,83.6,16.900000000000006
Nemegtosaurus mongoliensis,Nemegtosaurus,Nemegtosauridae,Titanosauria,Sauropodomorpha,Saurischia,Herbivore,Campanian,Maastrichtian,Upper Cretaceous,Upper Cretaceous,72.2,66.0,6.200000000000003
Quaesitosaurus orientalis,Quaesitosaurus,Nemegtosauridae,Titanosauria,Sauropodomorpha,Saurischia,Herbivore,Campanian,Campanian,Upper Cretaceous,Upper Cretaceous,83.6,72.2,11.399999999999991
Antarctosaurus wichmannianus,Antarctosaurus,,Titanosauria,Sauropodomorpha,Saurischia,Herbivore,Campanian,Maastrichtian,Upper Cretaceous,Upper Cretaceous,83.6,66.0,17.599999999999994
Arackar licanantay,Arackar,,Titanosauria,Sauropodomorpha,Saurischia,Herbivore,Campanian,Maastrichtian,Upper Cretaceous,Upper Cretaceous,83.6,66.0,17.599999999999994
Atacamatitan chilensis,Atacamatitan,,Titanosauria,Sauropodomorpha,Saurischia,Herbivore,Cenomanian,Maastrichtian,Upper Cretaceous,Upper Cretaceous,100.5,66.0,34.5
Bustingorrytitan shiva,Bustingorrytitan,,Titanosauria,Sauropodomorpha,Saurischia,Herbivore,Cenomanian,Cenomanian,Upper Cretaceous,Upper Cretaceous,100.5,93.9,6.599999999999994
Elaltitan lilloi,Elaltitan,,Titanosauria,Sauropodomorpha,Saurischia,Herbivore,Coniacian,Santonian,Upper Cretaceous,Upper Cretaceous,89.8,85.7,4.099999999999994
Epachthosaurus sciuttoi,Epachthosaurus,,Titanosauria,Sauropodomorpha,Saurischia,Herbivore,Cenomanian,Turonian,Upper Cretaceous,Upper Cretaceous,100.5,89.8,10.700000000000003
Jainosaurus septentrionalis,Jainosaurus,,Titanosauria,Sauropodomorpha,Saurischia,Herbivore,Campanian,Maastrichtian,Upper Cretaceous,Upper Cretaceous,72.2,66.0,6.200000000000003
Kaijutitan maui,Kaijutitan,,Titanosauria,Sauropodomorpha,Saurischia,Herbivore,Coniacian,Santonian,Upper Cretaceous,Upper Cretaceous,89.8,85.7,4.099999999999994
Malawisaurus dixeyi,Malawisaurus,,Titanosauria,Sauropodomorpha,Saurischia,Herbivore,Aptian,Aptian,Lower Cretaceous,Lower Cretaceous,121.4,113.2,8.200000000000003
Nullotitan glaciaris,Nullotitan,,Titanosauria,Sauropodomorpha,Saurischia,Herbivore,Campanian,Maastrichtian,Upper Cretaceous,Upper Cretaceous,72.2,66.0,6.200000000000003
Paralititan stromeri,Paralititan,,Titanosauria,Sauropodomorpha,Saurischia,Herbivore,Cenomanian,Cenomanian,Upper Cretaceous,Upper Cretaceous,100.5,93.9,6.599999999999994
Pellegrinisaurus powelli,Pellegrinisaurus,Saltasauridae,Titanosauria,Sauropodomorpha,Saurischia,Herbivore,Campanian,Campanian,Upper Cretaceous,Upper Cretaceous,83.6,72.2,11.399999999999991
Shingopana songwensis,Shingopana,,Titanosauria,Sauropodomorpha,Saurischia,Herbivore,Cenomanian,Campanian,Upper Cretaceous,Upper Cretaceous,100.5,72.2,28.299999999999997
Tengrisaurus starkovi,Tengrisaurus,,Titanosauria,Sauropodomorpha,Saurischia,Herbivore,Valanginian,Valanginian,Lower Cretaceous,Lower Cretaceous,137.05,132.6,4.450000000000017
Uriash kadici,Uriash,,Titanosauria,Sauropodomorpha,Saurischia,Herbivore,Campanian,Maastrichtian,Upper Cretaceous,Upper Cretaceous,72.2,66.0,6.200000000000003
Vahiny depereti,Vahiny,,Titanosauria,Sauropodomorpha,Saurischia,Herbivore,Campanian,Maastrichtian,Upper Cretaceous,Upper Cretaceous,72.2,66.0,6.200000000000003
Volgatitan simbirskiensis,Volgatitan,,Titanosauria,Sauropodomorpha,Saurischia,Herbivore,Hauterivian,Hauterivian,Lower Cretaceous,Lower Cretaceous,132.6,125.77,6.829999999999998
Abdarainurus barsboldi,Abdarainurus,,Titanosauria,Sauropodomorpha,Saurischia,Herbivore,Santonian,Campanian,Upper Cretaceous,Upper Cretaceous,85.7,72.2,13.5
Aegyptosaurus baharijensis,Aegyptosaurus,,Titanosauria,Sauropodomorpha,Saurischia,Herbivore,Berriasian,Cenomanian,Lower Cretaceous,Upper Cretaceous,143.1,93.9,49.19999999999999
Andesaurus delgadoi,Andesaurus,,Titanosauria,Sauropodomorpha,Saurischia,Herbivore,Cenomanian,Cenomanian,Upper Cretaceous,Upper Cretaceous,100.5,93.9,6.599999999999994
Argyrosaurus superbus,Argyrosaurus,,Titanosauria,Sauropodomorpha,Saurischia,Herbivore,Campanian,Maastrichtian,Upper Cretaceous,Upper Cretaceous,83.6,66.0,17.599999999999994
Baalsaurus mansillai,Baalsaurus,,Titanosauria,Sauropodomorpha,Saurischia,Herbivore,Turonian,Santonian,Upper Cretaceous,Upper Cretaceous,93.9,85.7,8.200000000000003
Baotianmansaurus henanensis,Baotianmansaurus,,Sauropoda,Sauropodomorpha,Saurischia,Herbivore,Turonian,Campanian,Upper Cretaceous,Upper Cretaceous,93.9,72.2,21.700000000000003
Barrosasaurus casamiquelai,Barrosasaurus,,Titanosauria,Sauropodomorpha,Saurischia,Herbivore,Turonian,Campanian,Upper Cretaceous,Upper Cretaceous,93.9,72.2,21.700000000000003
Borealosaurus wimani,Borealosaurus,,Titanosauria,Sauropodomorpha,Saurischia,Herbivore,Albian,Albian,Lower Cretaceous,Lower Cretaceous,106.3,100.5,5.799999999999997
Choconsaurus baileywillisi,Choconsaurus,,Titanosauria,Sauropodomorpha,Saurischia,Herbivore,Cenomanian,Cenomanian,Upper Cretaceous,Upper Cretaceous,100.5,93.9,6.599999999999994
Dongyangosaurus sinensis,Dongyangosaurus,,Titanosauria,Sauropodomorpha,Saurischia,Herbivore,Cenomanian,Turonian,Upper Cretaceous,Upper Cretaceous,100.5,89.8,10.700000000000003
Dzharatitanis kingi,Dzharatitanis,,Sauropoda,Sauropodomorpha,Saurischia,Herbivore,Turonian,Turonian,Upper Cretaceous,Upper Cretaceous,93.9,89.8,4.1000000000000085
Gandititan cavocaudatus,Gandititan,,Titanosauria,Sauropodomorpha,Saurischia,Herbivore,Cenomanian,Turonian,Upper Cretaceous,Upper Cretaceous,100.5,89.8,10.700000000000003
Hamititan xinjiangensis,Hamititan,,Titanosauria,Sauropodomorpha,Saurischia,Herbivore,Valanginian,Valanginian,Lower Cretaceous,Lower Cretaceous,137.05,132.6,4.450000000000017
Karongasaurus gittelmani,Karongasaurus,,Titanosauria,Sauropodomorpha,Saurischia,Herbivore,Aptian,Aptian,Lower Cretaceous,Lower Cretaceous,121.4,113.2,8.200000000000003
Laplatasaurus araukanicus,Laplatasaurus,,Titanosauria,Sauropodomorpha,Saurischia,Herbivore,Campanian,Campanian,Upper Cretaceous,Upper Cretaceous,83.6,72.2,11.399999999999991
Malarguesaurus florenciae,Malarguesaurus,,Titanosauria,Sauropodomorpha,Saurischia,Herbivore,Coniacian,Santonian,Upper Cretaceous,Upper Cretaceous,89.8,85.7,4.099999999999994
Mnyamawamtuka moyowamkia,Mnyamawamtuka,,Titanosauria,Sauropodomorpha,Saurischia,Herbivore,Aptian,Cenomanian,Lower Cretaceous,Upper Cretaceous,121.4,93.9,27.5
Mongolosaurus haplodon,Mongolosaurus,,Sauropoda,Sauropodomorpha,Saurischia,Herbivore,Aptian,Albian,Lower Cretaceous,Lower Cretaceous,121.4,100.5,20.900000000000006
Narambuenatitan palomoi,Narambuenatitan,,Titanosauria,Sauropodomorpha,Saurischia,Herbivore,Campanian,Campanian,Upper Cretaceous,Upper Cretaceous,83.6,72.2,11.399999999999991
Ninjatitan zapatai,Ninjatitan,,Titanosauria,Sauropodomorpha,Saurischia,Herbivore,Valanginian,Valanginian,Lower Cretaceous,Lower Cretaceous,139.1,132.6,6.5
Petrobrasaurus puestohernandezi,Petrobrasaurus,,Titanosauria,Sauropodomorpha,Saurischia,Herbivore,Coniacian,Santonian,Upper Cretaceous,Upper Cretaceous,89.8,83.6,6.200000000000003
Tiamat valdecii,Tiamat,,Titanosauria,Sauropodomorpha,Saurischia,Herbivore,Aptian,Cenomanian,Lower Cretaceous,Upper Cretaceous,113.2,93.9,19.299999999999997
Titanosaurus blanfordi,Titanosaurus,,Titanosauria,Sauropodomorpha,Saurischia,Herbivore,Campanian,Maastrichtian,Upper Cretaceous,Upper Cretaceous,72.2,66.0,6.200000000000003
Abydosaurus mcintoshi,Abydosaurus,Brachiosauridae,Sauropoda,Sauropodomorpha,Saurischia,Herbivore,Cenomanian,Cenomanian,Upper Cretaceous,Upper Cretaceous,100.5,93.9,6.599999999999994
Brachiosaurus altithorax,Brachiosaurus,Brachiosauridae,Sauropoda,Sauropodomorpha,Saurischia,Herbivore,Kimmeridgian,Berriasian,Upper Jurassic,Lower Cretaceous,154.8,143.1,11.700000000000017
Cedarosaurus weiskopfae,Cedarosaurus,Brachiosauridae,Sauropoda,Sauropodomorpha,Saurischia,Herbivore,Valanginian,Albian,Lower Cretaceous,Lower Cretaceous,137.05,110.1,26.950000000000017
Galvesaurus herreroi,Galvesaurus,Brachiosauridae,Sauropoda,Sauropodomorpha,Saurischia,Herbivore,Kimmeridgian,Tithonian,Upper Jurassic,Upper Jurassic,152.21,145.06,7.150000000000006
Giraffatitan brancai,Giraffatitan,Brachiosauridae,Sauropoda,Sauropodomorpha,Saurischia,Herbivore,Oxfordian,Berriasian,Upper Jurassic,Lower Cretaceous,161.5,143.1,18.400000000000006
Lusotitan atalaiensis,Lusotitan,Brachiosauridae,Sauropoda,Sauropodomorpha,Saurischia,Herbivore,Kimmeridgian,Tithonian,Upper Jurassic,Upper Jurassic,152.21,145.06,7.150000000000006
Sonorasaurus thompsoni,Sonorasaurus,Brachiosauridae,Sauropoda,Sauropodomorpha,Saurischia,Herbivore,Albian,Cenomanian,Lower Cretaceous,Upper Cretaceous,106.3,93.9,12.399999999999991
Soriatitan golmayensis,Soriatitan,Brachiosauridae,Sauropoda,Sauropodomorpha,Saurischia,Herbivore,Hauterivian,Barremian,Lower Cretaceous,Lower Cretaceous,132.6,121.4,11.199999999999989
Venenosaurus dicrocei,Venenosaurus,Brachiosauridae,Sauropoda,Sauropodomorpha,Saurischia,Herbivore,Aptian,Aptian,Lower Cretaceous,Lower Cretaceous,121.4,113.2,8.200000000000003
Vouivria damparisensis,Vouivria,Brachiosauridae,Sauropoda,Sauropodomorpha,Saurischia,Herbivore,Oxfordian,Oxfordian,Upper Jurassic,Upper Jurassic,161.5,154.8,6.699999999999989
Duriatitan humerocristatus,Duriatitan,,Sauropoda,Sauropodomorpha,Saurischia,Herbivore,Kimmeridgian,Valanginian,Upper Jurassic,Lower Cretaceous,154.8,137.05,17.75
Fukuititan nipponensis,Fukuititan,,Sauropoda,Sauropodomorpha,Saurischia,Herbivore,Aptian,Aptian,Lower Cretaceous,Lower Cretaceous,121.4,113.2,8.200000000000003
Fushanosaurus qitaiensis,Fushanosaurus,,Sauropoda,Sauropodomorpha,Saurischia,Herbivore,Oxfordian,Oxfordian,Upper Jurassic,Upper Jurassic,161.5,154.8,6.699999999999989
Fusuisaurus zhaoi,Fusuisaurus,,Sauropoda,Sauropodomorpha,Saurischia,Herbivore,Aptian,Aptian,Lower Cretaceous,Lower Cretaceous,121.4,113.2,8.200000000000003
Liaoningotitan sinensis,Liaoningotitan,Euhelopodidae,Sauropoda,Sauropodomorpha,Saurischia,Herbivore,Barremian,Aptian,Lower Cretaceous,Lower Cretaceous,125.77,119.57,6.200000000000003
Oceanotitan dantasi,Oceanotitan,,Sauropoda,Sauropodomorpha,Saurischia,Herbivore,Kimmeridgian,Kimmeridgian,Upper Jurassic,Upper Jurassic,152.21,149.2,3.0100000000000193
Ornithopsis hulkei,Ornithopsis,,Sauropoda,Sauropodomorpha,Saurischia,Herbivore,Hauterivian,Aptian,Lower Cretaceous,Lower Cretaceous,132.6,119.57,13.030000000000001
Pelorosaurus conybeari,Pelorosaurus,Brachiosauridae,Sauropoda,Sauropodomorpha,Saurischia,Herbivore,Valanginian,Hauterivian,Lower Cretaceous,Lower Cretaceous,137.05,125.77,11.280000000000015
Aragosaurus ischiaticus,Aragosaurus,,Sauropoda,Sauropodomorpha,Saurischia,Herbivore,Kimmeridgian,Berriasian,Upper Jurassic,Lower Cretaceous,154.8,143.1,11.700000000000017
Atlasaurus imelakei,Atlasaurus,,Sauropoda,Sauropodomorpha,Saurischia,Herbivore,Bathonian,Bathonian,Middle Jurassic,Middle Jurassic,168.2,165.3,2.8999999999999773
Dashanpusaurus dongi,Dashanpusaurus,,Sauropoda,Sauropodomorpha,Saurischia,Herbivore,Bajocian,Oxfordian,Middle Jurassic,Upper Jurassic,170.9,154.8,16.099999999999994
Yuzhoulong qurenensis,Yuzhoulong,,Sauropoda,Sauropodomorpha,Saurischia,Herbivore,Bathonian,Callovian,Middle Jurassic,Middle Jurassic,168.2,161.5,6.699999999999989
Amanzia greppini,Amanzia,,Sauropoda,Sauropodomorpha,Saurischia,Herbivore,Kimmeridgian,Kimmeridgian,Upper Jurassic,Upper Jurassic,154.8,152.21,2.5900000000000034
Losillasaurus giganteus,Losillasaurus,,Sauropoda,Sauropodomorpha,Saurischia,Herbivore,Kimmeridgian,Berriasian,Upper Jurassic,Lower Cretaceous,154.8,143.1,11.700000000000017
Mierasaurus bobyoungi,Mierasaurus,,Sauropoda,Sauropodomorpha,Saurischia,Herbivore,Valanginian,Valanginian,Lower Cretaceous,Lower Cretaceous,139.1,132.6,6.5
Moabosaurus utahensis,Moabosaurus,,Sauropoda,Sauropodomorpha,Saurischia,Herbivore,Valanginian,Valanginian,Lower Cretaceous,Lower Cretaceous,137.05,132.6,4.450000000000017
Narindasaurus thevenini,Narindasaurus,,Sauropoda,Sauropodomorpha,Saurischia,Herbivore,Bathonian,Bathonian,Middle Jurassic,Middle Jurassic,168.2,165.3,2.8999999999999773
Tendaguria tanzaniensis,Tendaguria,,Sauropoda,Sauropodomorpha,Saurischia,Herbivore,Tithonian,Berriasian,Upper Jurassic,Lower Cretaceous,149.2,143.1,6.099999999999994
Turiasaurus riodevensis,Turiasaurus,,Sauropoda,Sauropodomorpha,Saurischia,Herbivore,Kimmeridgian,Berriasian,Upper Jurassic,Lower Cretaceous,154.8,143.1,11.700000000000017
Zby atlanticus,Zby,,Sauropoda,Sauropodomorpha,Saurischia,Herbivore,Kimmeridgian,Kimmeridgian,Upper Jurassic,Upper Jurassic,152.21,149.2,3.0100000000000193
Chebsaurus algeriensis,Chebsaurus,Cetiosauridae,Sauropoda,Sauropodomorpha,Saurischia,Herbivore,Callovian,Callovian,Middle Jurassic,Middle Jurassic,165.3,161.5,3.8000000000000114
Patagosaurus fariasi,Patagosaurus,Cetiosauridae,Sauropoda,Sauropodomorpha,Saurischia,Herbivore,Toarcian,Toarcian,Lower Jurassic,Lower Jurassic,182.9,180.4,2.5
Protognathosaurus oxyodon,Protognathosaurus,,Sauropoda,Sauropodomorpha,Saurischia,Herbivore,Bajocian,Oxfordian,Middle Jurassic,Upper Jurassic,170.9,154.8,16.099999999999994
Bagualia alba,Bagualia,,Sauropoda,Sauropodomorpha,Saurischia,Herbivore,Toarcian,Toarcian,Lower Jurassic,Lower Jurassic,182.9,180.4,2.5
Cardiodon rugulosus,Cardiodon,,Sauropoda,Sauropodomorpha,Saurischia,Herbivore,Bathonian,Bathonian,Middle Jurassic,Middle Jurassic,168.2,165.3,2.8999999999999773
Cetiosauriscus stewarti,Cetiosauriscus,,Sauropoda,Sauropodomorpha,Saurischia,Herbivore,Callovian,Callovian,Middle Jurassic,Middle Jurassic,165.3,161.5,3.8000000000000114
Datousaurus bashanensis,Datousaurus,Mamenchisauridae,Sauropoda,Sauropodomorpha,Saurischia,Herbivore,Bajocian,Oxfordian,Middle Jurassic,Upper Jurassic,170.9,154.8,16.099999999999994
Dystrophaeus viaemalae,Dystrophaeus,,Sauropoda,Sauropodomorpha,Saurischia,Herbivore,Oxfordian,Oxfordian,Upper Jurassic,Upper Jurassic,157.9,154.8,3.0999999999999943
Ferganasaurus verzilini,Ferganasaurus,,Sauropoda,Sauropodomorpha,Saurischia,Herbivore,Callovian,Callovian,Middle Jurassic,Middle Jurassic,165.3,161.5,3.8000000000000114
Haestasaurus becklesii,Haestasaurus,,Sauropoda,Sauropodomorpha,Saurischia,Herbivore,Valanginian,Valanginian,Lower Cretaceous,Lower Cretaceous,139.1,132.6,6.5
Janenschia robusta,Janenschia,,Sauropoda,Sauropodomorpha,Saurischia,Herbivore,Tithonian,Berriasian,Upper Jurassic,Lower Cretaceous,149.2,143.1,6.099999999999994
Jobaria tiguidensis,Jobaria,,Sauropoda,Sauropodomorpha,Saurischia,Herbivore,Oxfordian,Berriasian,Upper Jurassic,Lower Cretaceous,161.5,143.1,18.400000000000006
Lapparentosaurus madagascariensis,Lapparentosaurus,,Sauropoda,Sauropodomorpha,Saurischia,Herbivore,Bathonian,Bathonian,Middle Jurassic,Middle Jurassic,168.2,165.3,2.8999999999999773
Nebulasaurus taito,Nebulasaurus,,Sauropoda,Sauropodomorpha,Saurischia,Herbivore,Aalenian,Bajocian,Middle Jurassic,Middle Jurassic,174.7,168.2,6.5
Perijasaurus lapaz,Perijasaurus,,Sauropoda,Sauropodomorpha,Saurischia,Herbivore,Toarcian,Aalenian,Lower Jurassic,Middle Jurassic,180.4,170.9,9.5
Rhoetosaurus brownei,Rhoetosaurus,,Sauropoda,Sauropodomorpha,Saurischia,Herbivore,Oxfordian,Oxfordian,Upper Jurassic,Upper Jurassic,161.5,154.8,6.699999999999989
Shunosaurus lii,Shunosaurus,,Sauropoda,Sauropodomorpha,Saurischia,Herbivore,Aalenian,Oxfordian,Middle Jurassic,Upper Jurassic,174.7,154.8,19.899999999999977
Amygdalodon patagonicus,Amygdalodon,,Sauropoda,Sauropodomorpha,Saurischia,Herbivore,Pliensbachian,Toarcian,Lower Jurassic,Lower Jurassic,192.9,182.9,10.0
Barapasaurus tagorei,Barapasaurus,,Sauropoda,Sauropodomorpha,Saurischia,Herbivore,Sinemurian,Pliensbachian,Lower Jurassic,Lower Jurassic,199.5,184.2,15.300000000000011
Cetiosaurus oxoniensis,Cetiosaurus,Cetiosauridae,Sauropoda,Sauropodomorpha,Saurischia,Herbivore,Bajocian,Bathonian,Middle Jurassic,Middle Jurassic,168.6,165.3,3.299999999999983
Spinophorosaurus nigerensis,Spinophorosaurus,,Sauropoda,Sauropodomorpha,Saurischia,Herbivore,Bajocian,Bathonian,Middle Jurassic,Middle Jurassic,170.9,165.3,5.599999999999994
Tazoudasaurus naimi,Tazoudasaurus,Vulcanodontidae,Sauropoda,Sauropodomorpha,Saurischia,Herbivore,Pliensbachian,Toarcian,Lower Jurassic,Lower Jurassic,192.9,174.7,18.200000000000017
Volkheimeria chubutensis,Volkheimeria,,Sauropoda,Sauropodomorpha,Saurischia,Herbivore,Toarcian,Toarcian,Lower Jurassic,Lower Jurassic,182.9,180.4,2.5
Antetonitrus ingenipes,Antetonitrus,Lessemsauridae,Sauropoda,Sauropodomorpha,Saurischia,Herbivore,Hettangian,Sinemurian,Lower Jurassic,Lower Jurassic,201.4,192.9,8.5
Ingentia prima,Ingentia,Lessemsauridae,Sauropoda,Sauropodomorpha,Saurischia,Herbivore,Carnian,Rhaetian,Upper Triassic,Upper Triassic,227.3,205.7,21.600000000000023
Lessemsaurus sauropoides,Lessemsaurus,Lessemsauridae,Sauropoda,Sauropodomorpha,Saurischia,Herbivore,Carnian,Rhaetian,Upper Triassic,Upper Triassic,227.3,205.7,21.600000000000023
Archaeodontosaurus descouensi,Archaeodontosaurus,,Sauropoda,Sauropodomorpha,Saurischia,Herbivore,Bathonian,Bathonian,Middle Jurassic,Middle Jurassic,168.2,165.3,2.8999999999999773
Chinshakiangosaurus chunghoensis,Chinshakiangosaurus,,Sauropoda,Sauropodomorpha,Saurischia,Herbivore,Hettangian,Hettangian,Lower Jurassic,Lower Jurassic,201.4,199.5,1.9000000000000057
Isanosaurus attavipachi,Isanosaurus,,Sauropoda,Sauropodomorpha,Saurischia,Herbivore,Pliensbachian,Toarcian,Lower Jurassic,Lower Jurassic,192.9,174.7,18.200000000000017
Kotasaurus yamanpalliensis,Kotasaurus,,Sauropoda,Sauropodomorpha,Saurischia,Herbivore,Sinemurian,Pliensbachian,Lower Jurassic,Lower Jurassic,199.5,184.2,15.300000000000011
Lamplughsaura dharmaramensis,Lamplughsaura,,,Sauropodomorpha,Saurischia,Herbivore,Hettangian,Sinemurian,Lower Jurassic,Lower Jurassic,201.4,192.9,8.5
Ohmdenosaurus liasicus,Ohmdenosaurus,,Sauropoda,Sauropodomorpha,Saurischia,Herbivore,Toarcian,Toarcian,Lower Jurassic,Lower Jurassic,182.9,180.4,2.5
Oplosaurus armatus,Oplosaurus,,Sauropoda,Sauropodomorpha,Saurischia,Herbivore,Valanginian,Barremian,Lower Cretaceous,Lower Cretaceous,137.05,121.4,15.650000000000006
Pulanesaura eocollum,Pulanesaura,,Sauropoda,Sauropodomorpha,Saurischia,Herbivore,Hettangian,Sinemurian,Lower Jurassic,Lower Jurassic,201.4,192.9,8.5
Sanpasaurus yaoi,Sanpasaurus,,Sauropoda,Sauropodomorpha,Saurischia,Herbivore,Toarcian,Toarcian,Lower Jurassic,Lower Jurassic,184.2,174.7,9.5
Vulcanodon karibaensis,Vulcanodon,Vulcanodontidae,Sauropoda,Sauropodomorpha,Saurischia,Herbivore,Sinemurian,Pliensbachian,Lower Jurassic,Lower Jurassic,199.5,184.2,15.300000000000011
Alwalkeria maleriensis,Alwalkeria,,,,Saurischia,,Carnian,Carnian,Upper Triassic,Upper Triassic,237.0,227.3,9.699999999999989
Nhandumirim waldsangae,Nhandumirim,Saturnaliidae,,Sauropodomorpha,Saurischia,,Carnian,Rhaetian,Upper Triassic,Upper Triassic,227.3,205.7,21.600000000000023
Crateropteryx colei,Crateropteryx,,,,,Carnivore,Bathonian,Bathonian,Middle Jurassic,Middle Jurassic,168.2,165.3,2.8999999999999773
Ichthyornis dispar,Ichthyornis,,Avialae,Theropoda,Saurischia,Piscivore,Coniacian,Campanian,Upper Cretaceous,Upper Cretaceous,89.8,72.2,17.599999999999994
Ichthyornis minusculus,Ichthyornis,,Avialae,Theropoda,Saurischia,Piscivore,Turonian,Turonian,Upper Cretaceous,Upper Cretaceous,93.9,89.8,4.1000000000000085
Janavis finalidens,Janavis,,Avialae,Theropoda,Saurischia,Carnivore,Campanian,Maastrichtian,Upper Cretaceous,Upper Cretaceous,72.2,66.0,6.200000000000003
Asiahesperornis bazhanovi,Asiahesperornis,Hesperornithidae,Avialae,Theropoda,Saurischia,Carnivore,Campanian,Maastrichtian,Upper Cretaceous,Upper Cretaceous,72.2,66.0,6.200000000000003
Canadaga arctica,Canadaga,Hesperornithidae,Avialae,Theropoda,Saurischia,Carnivore,Campanian,Maastrichtian,Upper Cretaceous,Upper Cretaceous,83.6,66.0,17.599999999999994
Hesperornis chowi,Hesperornis,Hesperornithidae,Avialae,Theropoda,Saurischia,Piscivore,Campanian,Campanian,Upper Cretaceous,Upper Cretaceous,83.6,72.2,11.399999999999991
Hesperornis crassipes,Hesperornis,Hesperornithidae,Avialae,Theropoda,Saurischia,Piscivore,Cenomanian,Maastrichtian,Upper Cretaceous,Upper Cretaceous,100.5,66.0,34.5
Hesperornis gracilis,Hesperornis,Hesperornithidae,Avialae,Theropoda,Saurischia,Piscivore,Cenomanian,Maastrichtian,Upper Cretaceous,Upper Cretaceous,100.5,66.0,34.5
Hesperornis lumgairi,Hesperornis,Hesperornithidae,Avialae,Theropoda,Saurischia,Piscivore,Campanian,Campanian,Upper Cretaceous,Upper Cretaceous,83.6,72.2,11.399999999999991
Hesperornis macdonaldi,Hesperornis,Hesperornithidae,Avialae,Theropoda,Saurischia,Piscivore,Campanian,Campanian,Upper Cretaceous,Upper Cretaceous,83.6,72.2,11.399999999999991
Hesperornis mengeli,Hesperornis,Hesperornithidae,Avialae,Theropoda,Saurischia,Piscivore,Campanian,Campanian,Upper Cretaceous,Upper Cretaceous,83.6,72.2,11.399999999999991
Hesperornis montanus,Hesperornis,Hesperornithidae,Avialae,Theropoda,Saurischia,Piscivore,Campanian,Campanian,Upper Cretaceous,Upper Cretaceous,83.6,72.2,11.399999999999991
Hesperornis regalis,Hesperornis,Hesperornithidae,Avialae,Theropoda,Saurischia,Piscivore,Santonian,Campanian,Upper Cretaceous,Upper Cretaceous,85.7,72.2,13.5
Hesperornis rossicus,Hesperornis,Hesperornithidae,Avialae,Theropoda,Saurischia,Piscivore,Campanian,Campanian,Upper Cretaceous,Upper Cretaceous,83.6,72.2,11.399999999999991
Parahesperornis alexi,Parahesperornis,Hesperornithidae,Avialae,Theropoda,Saurischia,Carnivore,Coniacian,Santonian,Upper Cretaceous,Upper Cretaceous,89.8,83.6,6.200000000000003
Baptornis advenus,Baptornis,Baptornithidae,Avialae,Theropoda,Saurischia,Carnivore,Coniacian,Santonian,Upper Cretaceous,Upper Cretaceous,89.8,83.6,6.200000000000003
Judinornis nogontsavensis,Judinornis,,Avialae,Theropoda,Saurischia,Carnivore,Campanian,Maastrichtian,Upper Cretaceous,Upper Cretaceous,72.2,66.0,6.200000000000003
Brodavis americanus,Brodavis,Brodavidae,Avialae,Theropoda,Saurischia,Carnivore,Campanian,Maastrichtian,Upper Cretaceous,Upper Cretaceous,72.2,66.0,6.200000000000003
Brodavis baileyi,Brodavis,Brodavidae,Avialae,Theropoda,Saurischia,Carnivore,Campanian,Maastrichtian,Upper Cretaceous,Upper Cretaceous,72.2,66.0,6.200000000000003
Brodavis mongoliensis,Brodavis,Brodavidae,Avialae,Theropoda,Saurischia,Carnivore,Campanian,Maastrichtian,Upper Cretaceous,Upper Cretaceous,72.2,66.0,6.200000000000003
Brodavis varneri,Brodavis,Brodavidae,Avialae,Theropoda,Saurischia,Carnivore,Campanian,Campanian,Upper Cretaceous,Upper Cretaceous,83.6,72.2,11.399999999999991
Chupkaornis keraorum,Chupkaornis,,Avialae,Theropoda,Saurischia,Carnivore,Coniacian,Santonian,Upper Cretaceous,Upper Cretaceous,89.8,83.6,6.200000000000003
Enaliornis barretti,Enaliornis,Enaliornithidae,Avialae,Theropoda,Saurischia,Carnivore,Albian,Albian,Lower Cretaceous,Lower Cretaceous,106.3,100.5,5.799999999999997
Enaliornis sedgwicki,Enaliornis,Enaliornithidae,Avialae,Theropoda,Saurischia,Carnivore,Albian,Albian,Lower Cretaceous,Lower Cretaceous,106.3,100.5,5.799999999999997
Fumicollis hoffmani,Fumicollis,Hesperornithidae,Avialae,Theropoda,Saurischia,Carnivore,Coniacian,Santonian,Upper Cretaceous,Upper Cretaceous,89.8,83.6,6.200000000000003
Pasquiaornis hardiei,Pasquiaornis,,Avialae,Theropoda,Saurischia,Carnivore,Cenomanian,Cenomanian,Upper Cretaceous,Upper Cretaceous,100.5,93.9,6.599999999999994
Pasquiaornis tankei,Pasquiaornis,,Avialae,Theropoda,Saurischia,Carnivore,Cenomanian,Cenomanian,Upper Cretaceous,Upper Cretaceous,100.5,93.9,6.599999999999994
Potamornis skutchi,Potamornis,,Avialae,Theropoda,Saurischia,Carnivore,Campanian,Maastrichtian,Upper Cretaceous,Upper Cretaceous,72.2,66.0,6.200000000000003
Abitusavis lii,Abitusavis,Yanornithidae,Avialae,Theropoda,Saurischia,Carnivore,Barremian,Aptian,Lower Cretaceous,Lower Cretaceous,125.77,119.57,6.200000000000003
Similiyanornis brevipectus,Similiyanornis,Yanornithidae,Avialae,Theropoda,Saurischia,Carnivore,Aptian,Aptian,Lower Cretaceous,Lower Cretaceous,121.4,113.2,8.200000000000003
Aberratiodontus wui,Yanornis,Songlingornithidae,Avialae,Theropoda,Saurischia,Carnivore,Aptian,Aptian,Lower Cretaceous,Lower Cretaceous,121.4,113.2,8.200000000000003
Yanornis guozhangi,Yanornis,Songlingornithidae,Avialae,Theropoda,Saurischia,Carnivore,Barremian,Aptian,Lower Cretaceous,Lower Cretaceous,125.77,119.57,6.200000000000003
Yanornis martini,Yanornis,Songlingornithidae,Avialae,Theropoda,Saurischia,Carnivore,Aptian,Aptian,Lower Cretaceous,Lower Cretaceous,121.4,113.2,8.200000000000003
Gargantuavis philoinos,Gargantuavis,Gargantuaviidae,Avialae,Theropoda,Saurischia,Carnivore,Campanian,Maastrichtian,Upper Cretaceous,Upper Cretaceous,83.6,66.0,17.599999999999994
Apatornis celer,Apatornis,,Avialae,Theropoda,Saurischia,Carnivore,Coniacian,Santonian,Upper Cretaceous,Upper Cretaceous,89.8,83.6,6.200000000000003
Archaeovolans repatriatus,Archaeovolans,Songlingornithidae,Avialae,Theropoda,Saurischia,Carnivore,Aptian,Aptian,Lower Cretaceous,Lower Cretaceous,121.4,113.2,8.200000000000003
Cerebavis cenomanica,Cerebavis,,Avialae,Theropoda,Saurischia,Carnivore,Cenomanian,Cenomanian,Upper Cretaceous,Upper Cretaceous,100.5,93.9,6.599999999999994
Changzuiornis ahgmi,Changzuiornis,Gansuidae,Avialae,Theropoda,Saurischia,Carnivore,Aptian,Aptian,Lower Cretaceous,Lower Cretaceous,121.4,113.2,8.200000000000003
Iaceornis marshi,Iaceornis,,Avialae,Theropoda,Saurischia,Carnivore,Santonian,Santonian,Upper Cretaceous,Upper Cretaceous,85.7,83.6,2.1000000000000085
Kookne yeutensis,Kookne,,Avialae,Theropoda,Saurischia,Carnivore,Campanian,Maastrichtian,Upper Cretaceous,Upper Cretaceous,72.2,66.0,6.200000000000003
Kuszholia mengi,Kuszholia,Kuszholiidae,Avialae,Theropoda,Saurischia,Carnivore,Turonian,Turonian,Upper Cretaceous,Upper Cretaceous,93.9,89.8,4.1000000000000085
Limenavis patagonica,Limenavis,,Avialae,Theropoda,Saurischia,Carnivore,Campanian,Maastrichtian,Upper Cretaceous,Upper Cretaceous,83.6,66.0,17.599999999999994
Tingmiatornis arctica,Tingmiatornis,,Avialae,Theropoda,Saurischia,Carnivore,Cenomanian,Cenomanian,Upper Cretaceous,Upper Cretaceous,100.5,93.9,6.599999999999994
Archaeornithura meemannae,Archaeornithura,Hongshanornithidae,Avialae,Theropoda,Saurischia,Carnivore,Hauterivian,Hauterivian,Lower Cretaceous,Lower Cretaceous,132.6,125.77,6.829999999999998
Hongshanornis longicresta,Hongshanornis,Hongshanornithidae,Avialae,Theropoda,Saurischia,Carnivore,Barremian,Aptian,Lower Cretaceous,Lower Cretaceous,125.77,119.57,6.200000000000003
Longicrusavis houi,Longicrusavis,Hongshanornithidae,Avialae,Theropoda,Saurischia,Carnivore,Barremian,Aptian,Lower Cretaceous,Lower Cretaceous,125.77,119.57,6.200000000000003
Parahongshanornis chaoyangensis,Parahongshanornis,Hongshanornithidae,Avialae,Theropoda,Saurischia,Carnivore,Aptian,Aptian,Lower Cretaceous,Lower Cretaceous,121.4,113.2,8.200000000000003
Songlingornis linghensis,Songlingornis,Songlingornithidae,Avialae,Theropoda,Saurischia,Carnivore,Aptian,Aptian,Lower Cretaceous,Lower Cretaceous,121.4,113.2,8.200000000000003
Tianyuornis cheni,Tianyuornis,Hongshanornithidae,Avialae,Theropoda,Saurischia,Carnivore,Barremian,Barremian,Lower Cretaceous,Lower Cretaceous,125.77,121.4,4.36999999999999
Yixianornis grabaui,Yixianornis,Songlingornithidae,Avialae,Theropoda,Saurischia,Carnivore,Aptian,Aptian,Lower Cretaceous,Lower Cretaceous,121.4,113.2,8.200000000000003
Mengciusornis dentatus,Mengciusornis,Schizoouridae,Avialae,Theropoda,Saurischia,Carnivore,Aptian,Aptian,Lower Cretaceous,Lower Cretaceous,121.4,113.2,8.200000000000003
Ambiortus dementjevi,Ambiortus,Ambiortidae,Avialae,Theropoda,Saurischia,Carnivore,Hauterivian,Barremian,Lower Cretaceous,Lower Cretaceous,132.6,121.4,11.199999999999989
Antarcticavis capelambensis,Antarcticavis,,Avialae,Theropoda,Saurischia,Carnivore,Campanian,Maastrichtian,Upper Cretaceous,Upper Cretaceous,72.2,66.0,6.200000000000003
Apsaravis ukhaana,Apsaravis,,Avialae,Theropoda,Saurischia,Carnivore,Campanian,Campanian,Upper Cretaceous,Upper Cretaceous,83.6,72.2,11.399999999999991
Archaeorhynchus spathula,Archaeorhynchus,,Avialae,Theropoda,Saurischia,Carnivore,Barremian,Aptian,Lower Cretaceous,Lower Cretaceous,125.77,113.2,12.569999999999993
Bellulia rectusunguis,Bellulia,,,,,Carnivore,Aptian,Aptian,Lower Cretaceous,Lower Cretaceous,121.4,113.2,8.200000000000003
Changmaornis houi,Changmaornis,,Avialae,Theropoda,Saurischia,Carnivore,Aptian,Aptian,Lower Cretaceous,Lower Cretaceous,121.4,113.2,8.200000000000003
Chaoyangia beishanensis,Chaoyangia,,Avialae,Theropoda,Saurischia,Carnivore,Aptian,Aptian,Lower Cretaceous,Lower Cretaceous,121.4,113.2,8.200000000000003
Dingavis longimaxilla,Dingavis,,Avialae,Theropoda,Saurischia,Carnivore,Aptian,Aptian,Lower Cretaceous,Lower Cretaceous,121.4,113.2,8.200000000000003
Eogranivora edentulata,Eogranivora,,Avialae,Theropoda,Saurischia,Carnivore,Barremian,Aptian,Lower Cretaceous,Lower Cretaceous,125.77,119.57,6.200000000000003
Gansus yumenensis,Gansus,Gansuidae,Avialae,Theropoda,Saurischia,Carnivore,Aptian,Aptian,Lower Cretaceous,Lower Cretaceous,121.4,113.2,8.200000000000003
Gansus zheni,Gansus,Gansuidae,Avialae,Theropoda,Saurischia,Carnivore,Aptian,Aptian,Lower Cretaceous,Lower Cretaceous,121.4,113.2,8.200000000000003
Hollanda luceria,Hollanda,,Avialae,Theropoda,Saurischia,Carnivore,Campanian,Campanian,Upper Cretaceous,Upper Cretaceous,83.6,72.2,11.399999999999991
Jianchangornis microdonta,Jianchangornis,,Avialae,Theropoda,Saurischia,Carnivore,Aptian,Aptian,Lower Cretaceous,Lower Cretaceous,121.4,113.2,8.200000000000003
Jiuquanornis niui,Jiuquanornis,,Avialae,Theropoda,Saurischia,Carnivore,Aptian,Aptian,Lower Cretaceous,Lower Cretaceous,121.4,113.2,8.200000000000003
Juehuaornis zhangi,Juehuaornis,,Avialae,Theropoda,Saurischia,Carnivore,Aptian,Aptian,Lower Cretaceous,Lower Cretaceous,121.4,113.2,8.200000000000003
Kaririavis mater,Kaririavis,,Avialae,Theropoda,Saurischia,Carnivore,Aptian,Aptian,Lower Cretaceous,Lower Cretaceous,119.57,113.2,6.36999999999999
Khinganornis hulunbuirensis,Khinganornis,Gansuidae,Avialae,Theropoda,Saurischia,Carnivore,Aptian,Aptian,Lower Cretaceous,Lower Cretaceous,121.4,119.57,1.8300000000000125
Liaoningornis longidigitris,Liaoningornis,Liaoningornithidae,Avialae,Theropoda,Saurischia,Carnivore,Barremian,Aptian,Lower Cretaceous,Lower Cretaceous,125.77,119.57,6.200000000000003
Patagopteryx deferrariisi,Patagopteryx,Patagopterygidae,Avialae,Theropoda,Saurischia,Carnivore,Santonian,Santonian,Upper Cretaceous,Upper Cretaceous,85.7,83.6,2.1000000000000085
Piscivoravis lii,Piscivoravis,Songlingornithidae,Avialae,Theropoda,Saurischia,Carnivore,Aptian,Aptian,Lower Cretaceous,Lower Cretaceous,121.4,113.2,8.200000000000003
Schizooura lii,Schizooura,Schizoouridae,Avialae,Theropoda,Saurischia,Carnivore,Aptian,Aptian,Lower Cretaceous,Lower Cretaceous,121.4,113.2,8.200000000000003
Vorona berivotrensis,Vorona,,Avialae,Theropoda,Saurischia,Carnivore,Campanian,Maastrichtian,Upper Cretaceous,Upper Cretaceous,72.2,66.0,6.200000000000003
Yumenornis huangi,Yumenornis,,Avialae,Theropoda,Saurischia,Carnivore,Aptian,Aptian,Lower Cretaceous,Lower Cretaceous,121.4,113.2,8.200000000000003
Zhongjianornis yangi,Zhongjianornis,Patagopterygidae,Avialae,Theropoda,Saurischia,Carnivore,Aptian,Aptian,Lower Cretaceous,Lower Cretaceous,121.4,113.2,8.200000000000003
Cratoavis cearensis,Cratoavis,,Avialae,Theropoda,Saurischia,Carnivore,Aptian,Aptian,Lower Cretaceous,Lower Cretaceous,119.57,113.2,6.36999999999999
Dalingheornis liweii,Dalingheornis,,Avialae,Theropoda,Saurischia,Carnivore,Barremian,Aptian,Lower Cretaceous,Lower Cretaceous,125.77,119.57,6.200000000000003
Elbretornis bonapartei,Elbretornis,,Avialae,Theropoda,Saurischia,Carnivore,Campanian,Maastrichtian,Upper Cretaceous,Upper Cretaceous,72.2,66.0,6.200000000000003
Enantiornis leali,Enantiornis,Enantiornithidae,Avialae,Theropoda,Saurischia,Carnivore,Campanian,Maastrichtian,Upper Cretaceous,Upper Cretaceous,72.2,66.0,6.200000000000003
Enantiornis martini,Enantiornis,Enantiornithidae,Avialae,Theropoda,Saurischia,Carnivore,Turonian,Turonian,Upper Cretaceous,Upper Cretaceous,93.9,89.8,4.1000000000000085
Enantiornis walkeri,Enantiornis,Enantiornithidae,Avialae,Theropoda,Saurischia,Carnivore,Turonian,Turonian,Upper Cretaceous,Upper Cretaceous,93.9,89.8,4.1000000000000085
Grabauornis lingyuanensis,Grabauornis,,Avialae,Theropoda,Saurischia,Carnivore,Barremian,Aptian,Lower Cretaceous,Lower Cretaceous,125.77,119.57,6.200000000000003
Martinavis cruzyensis,Martinavis,,Avialae,Theropoda,Saurischia,Carnivore,Campanian,Maastrichtian,Upper Cretaceous,Upper Cretaceous,83.6,66.0,17.599999999999994
Martinavis minor,Martinavis,,Avialae,Theropoda,Saurischia,Carnivore,Campanian,Maastrichtian,Upper Cretaceous,Upper Cretaceous,72.2,66.0,6.200000000000003
Martinavis saltariensis,Martinavis,,Avialae,Theropoda,Saurischia,Carnivore,Campanian,Maastrichtian,Upper Cretaceous,Upper Cretaceous,72.2,66.0,6.200000000000003
Martinavis vincei,Martinavis,,Avialae,Theropoda,Saurischia,Carnivore,Campanian,Maastrichtian,Upper Cretaceous,Upper Cretaceous,72.2,66.0,6.200000000000003
Martinavis whetstonei,Martinavis,,Avialae,Theropoda,Saurischia,Carnivore,Campanian,Maastrichtian,Upper Cretaceous,Upper Cretaceous,72.2,66.0,6.200000000000003
Abavornis bonaparti,Abavornis,,Avialae,Theropoda,Saurischia,Carnivore,Turonian,Turonian,Upper Cretaceous,Upper Cretaceous,93.9,89.8,4.1000000000000085
Alexornis antecedens,Alexornis,Alexornithidae,Avialae,Theropoda,Saurischia,Carnivore,Santonian,Santonian,Upper Cretaceous,Upper Cretaceous,85.7,83.6,2.1000000000000085
Explorornis nessovi,Explorornis,,Avialae,Theropoda,Saurischia,Carnivore,Turonian,Turonian,Upper Cretaceous,Upper Cretaceous,93.9,89.8,4.1000000000000085
Incolornis silvae,Incolornis,,Avialae,Theropoda,Saurischia,Carnivore,Turonian,Turonian,Upper Cretaceous,Upper Cretaceous,93.9,89.8,4.1000000000000085
Kizylkumavis cretacea,Kizylkumavis,,Avialae,Theropoda,Saurischia,Carnivore,Turonian,Turonian,Upper Cretaceous,Upper Cretaceous,93.9,89.8,4.1000000000000085
Lenesornis maltshevskyi,Lenesornis,,Avialae,Theropoda,Saurischia,Carnivore,Turonian,Turonian,Upper Cretaceous,Upper Cretaceous,93.9,89.8,4.1000000000000085
Nanantius eos,Nanantius,,Avialae,Theropoda,Saurischia,Carnivore,Albian,Albian,Lower Cretaceous,Lower Cretaceous,106.3,100.5,5.799999999999997
Sazavis prisca,Sazavis,,Avialae,Theropoda,Saurischia,Carnivore,Turonian,Turonian,Upper Cretaceous,Upper Cretaceous,93.9,89.8,4.1000000000000085
Zhyraornis kashkarovi,Zhyraornis,Zhyraornithidae,Avialae,Theropoda,Saurischia,Carnivore,Cenomanian,Turonian,Upper Cretaceous,Upper Cretaceous,100.5,89.8,10.700000000000003
Zhyraornis logunovi,Zhyraornis,Zhyraornithidae,Avialae,Theropoda,Saurischia,Carnivore,Turonian,Turonian,Upper Cretaceous,Upper Cretaceous,93.9,89.8,4.1000000000000085
Gurilynia nessovi,Gurilynia,,Avialae,Theropoda,Saurischia,Carnivore,Campanian,Maastrichtian,Upper Cretaceous,Upper Cretaceous,72.2,66.0,6.200000000000003
Alethoalaornis agitornis,Alethoalaornis,,,,,Carnivore,Aptian,Aptian,Lower Cretaceous,Lower Cretaceous,121.4,113.2,8.200000000000003
Gracilornis jiufotangensis,Gracilornis,,Avialae,Theropoda,Saurischia,Carnivore,Aptian,Aptian,Lower Cretaceous,Lower Cretaceous,121.4,113.2,8.200000000000003
Longchengornis sanyanensis,Longchengornis,,Avialae,Theropoda,Saurischia,Carnivore,Aptian,Aptian,Lower Cretaceous,Lower Cretaceous,121.4,113.2,8.200000000000003
Dapingfangornis sentisorhinus,Dapingfangornis,,Avialae,Theropoda,Saurischia,Carnivore,Aptian,Aptian,Lower Cretaceous,Lower Cretaceous,121.4,113.2,8.200000000000003
Avisaurus archibaldi,Avisaurus,Avisauridae,Avialae,Theropoda,Saurischia,Carnivore,Campanian,Maastrichtian,Upper Cretaceous,Upper Cretaceous,72.2,66.0,6.200000000000003
Bauxitornis mindszentyae,Bauxitornis,Avisauridae,Avialae,Theropoda,Saurischia,Carnivore,Santonian,Santonian,Upper Cretaceous,Upper Cretaceous,85.7,83.6,2.1000000000000085
Enantiophoenix electrophyla,Enantiophoenix,Avisauridae,Avialae,Theropoda,Saurischia,Carnivore,Cenomanian,Cenomanian,Upper Cretaceous,Upper Cretaceous,100.5,93.9,6.599999999999994
Gettyia gloriae,Gettyia,Avisauridae,Avialae,Theropoda,Saurischia,Carnivore,Campanian,Campanian,Upper Cretaceous,Upper Cretaceous,83.6,72.2,11.399999999999991
Halimornis thompsoni,Halimornis,Avisauridae,Avialae,Theropoda,Saurischia,Carnivore,Campanian,Campanian,Upper Cretaceous,Upper Cretaceous,83.6,72.2,11.399999999999991
Intiornis inexpectatus,Intiornis,Avisauridae,Avialae,Theropoda,Saurischia,Carnivore,Campanian,Campanian,Upper Cretaceous,Upper Cretaceous,83.6,72.2,11.399999999999991
Mirarce eatoni,Mirarce,Avisauridae,Avialae,Theropoda,Saurischia,Carnivore,Campanian,Campanian,Upper Cretaceous,Upper Cretaceous,83.6,72.2,11.399999999999991
Neuquenornis volans,Neuquenornis,Avisauridae,Avialae,Theropoda,Saurischia,Carnivore,Santonian,Santonian,Upper Cretaceous,Upper Cretaceous,85.7,83.6,2.1000000000000085
Soroavisaurus australis,Soroavisaurus,Avisauridae,Avialae,Theropoda,Saurischia,Carnivore,Campanian,Maastrichtian,Upper Cretaceous,Upper Cretaceous,72.2,66.0,6.200000000000003
Bohaiornis guoi,Bohaiornis,Bohaiornithidae,Avialae,Theropoda,Saurischia,Carnivore,Aptian,Aptian,Lower Cretaceous,Lower Cretaceous,121.4,113.2,8.200000000000003
Longusunguis kurochkini,Longusunguis,Bohaiornithidae,Avialae,Theropoda,Saurischia,Carnivore,Aptian,Aptian,Lower Cretaceous,Lower Cretaceous,121.4,113.2,8.200000000000003
Parabohaiornis martini,Parabohaiornis,Bohaiornithidae,Avialae,Theropoda,Saurischia,Carnivore,Aptian,Aptian,Lower Cretaceous,Lower Cretaceous,121.4,113.2,8.200000000000003
Shenqiornis mengi,Shenqiornis,Bohaiornithidae,Avialae,Theropoda,Saurischia,Carnivore,Oxfordian,Barremian,Upper Jurassic,Lower Cretaceous,161.5,121.4,40.099999999999994
Sulcavis geeorum,Sulcavis,Bohaiornithidae,Avialae,Theropoda,Saurischia,Carnivore,Aptian,Aptian,Lower Cretaceous,Lower Cretaceous,121.4,113.2,8.200000000000003
Zhouornis hani,Zhouornis,Bohaiornithidae,Avialae,Theropoda,Saurischia,Carnivore,Aptian,Aptian,Lower Cretaceous,Lower Cretaceous,121.4,113.2,8.200000000000003
Boluochia zhengi,Boluochia,Longipterygidae,Avialae,Theropoda,Saurischia,Carnivore,Aptian,Aptian,Lower Cretaceous,Lower Cretaceous,121.4,113.2,8.200000000000003
Camptodontornis yangi,Camptodontornis,Longipterygidae,Avialae,Theropoda,Saurischia,Carnivore,Aptian,Aptian,Lower Cretaceous,Lower Cretaceous,121.4,113.2,8.200000000000003
Longipteryx chaoyangensis,Longipteryx,Longipterygidae,Avialae,Theropoda,Saurischia,Carnivore,Aptian,Aptian,Lower Cretaceous,Lower Cretaceous,121.4,113.2,8.200000000000003
Longirostravis hani,Longirostravis,Longipterygidae,Avialae,Theropoda,Saurischia,Carnivore,Barremian,Aptian,Lower Cretaceous,Lower Cretaceous,125.77,119.57,6.200000000000003
Rapaxavis pani,Rapaxavis,Longipterygidae,Avialae,Theropoda,Saurischia,Carnivore,Aptian,Aptian,Lower Cretaceous,Lower Cretaceous,121.4,113.2,8.200000000000003
Shanweiniao cooperorum,Shanweiniao,Longipterygidae,Avialae,Theropoda,Saurischia,Carnivore,Barremian,Aptian,Lower Cretaceous,Lower Cretaceous,125.77,119.57,6.200000000000003
Shengjingornis yangi,Shengjingornis,Longipterygidae,Avialae,Theropoda,Saurischia,Carnivore,Aptian,Aptian,Lower Cretaceous,Lower Cretaceous,121.4,113.2,8.200000000000003
Chiappeavis magnapremaxillo,Chiappeavis,Pengornithidae,Avialae,Theropoda,Saurischia,Carnivore,Aptian,Aptian,Lower Cretaceous,Lower Cretaceous,121.4,113.2,8.200000000000003
Eopengornis martini,Eopengornis,,,,,Carnivore,Hauterivian,Hauterivian,Lower Cretaceous,Lower Cretaceous,132.6,125.77,6.829999999999998
Parapengornis eurycaudatus,Parapengornis,Pengornithidae,Avialae,Theropoda,Saurischia,Carnivore,Barremian,Aptian,Lower Cretaceous,Lower Cretaceous,125.77,113.2,12.569999999999993
Pengornis houi,Pengornis,Pengornithidae,Avialae,Theropoda,Saurischia,Carnivore,Aptian,Aptian,Lower Cretaceous,Lower Cretaceous,121.4,113.2,8.200000000000003
Yuanchuavis kompsosoura,Yuanchuavis,Pengornithidae,Avialae,Theropoda,Saurischia,Carnivore,Berriasian,Albian,Lower Cretaceous,Lower Cretaceous,143.1,100.5,42.599999999999994
Avimaia schweitzerae,Avimaia,,Avialae,Theropoda,Saurischia,Carnivore,Aptian,Aptian,Lower Cretaceous,Lower Cretaceous,121.4,113.2,8.200000000000003
Brevirostruavis macrohyoideus,Brevirostruavis,,Avialae,Theropoda,Saurischia,Carnivore,Aptian,Aptian,Lower Cretaceous,Lower Cretaceous,121.4,113.2,8.200000000000003
Castignovolucris sebei,Castignovolucris,,Avialae,Theropoda,Saurischia,Carnivore,Campanian,Maastrichtian,Upper Cretaceous,Upper Cretaceous,83.6,66.0,17.599999999999994
Cathayornis yandica,Cathayornis,,Avialae,Theropoda,Saurischia,Carnivore,Aptian,Aptian,Lower Cretaceous,Lower Cretaceous,121.4,113.2,8.200000000000003
Concornis lacustris,Concornis,Avisauridae,Avialae,Theropoda,Saurischia,Carnivore,Barremian,Barremian,Lower Cretaceous,Lower Cretaceous,125.77,121.4,4.36999999999999
Cruralispennia multidonta,Cruralispennia,,Avialae,Theropoda,Saurischia,Carnivore,Hauterivian,Hauterivian,Lower Cretaceous,Lower Cretaceous,132.6,125.77,6.829999999999998
Dunhuangia cuii,Dunhuangia,,Avialae,Theropoda,Saurischia,Carnivore,Aptian,Aptian,Lower Cretaceous,Lower Cretaceous,121.4,113.2,8.200000000000003
Elektorornis chenguangi,Elektorornis,,Avialae,Theropoda,Saurischia,Carnivore,Cenomanian,Cenomanian,Upper Cretaceous,Upper Cretaceous,100.5,93.9,6.599999999999994
Elsornis keni,Elsornis,,Avialae,Theropoda,Saurischia,Carnivore,Campanian,Campanian,Upper Cretaceous,Upper Cretaceous,83.6,72.2,11.399999999999991
Eoalulavis hoyasi,Eoalulavis,,Avialae,Theropoda,Saurischia,Carnivore,Barremian,Barremian,Lower Cretaceous,Lower Cretaceous,125.77,121.4,4.36999999999999
Eocathayornis walkeri,Eocathayornis,,Avialae,Theropoda,Saurischia,Carnivore,Aptian,Aptian,Lower Cretaceous,Lower Cretaceous,121.4,113.2,8.200000000000003
Eoenantiornis buhleri,Eoenantiornis,Eoenantiornithidae,Avialae,Theropoda,Saurischia,Carnivore,Barremian,Aptian,Lower Cretaceous,Lower Cretaceous,125.77,119.57,6.200000000000003
Evgenavis nobilis,Evgenavis,,Avialae,Theropoda,Saurischia,Carnivore,Barremian,Aptian,Lower Cretaceous,Lower Cretaceous,125.77,113.2,12.569999999999993
Falcatakely forsterae,Falcatakely,,Avialae,Theropoda,Saurischia,Carnivore,Campanian,Maastrichtian,Upper Cretaceous,Upper Cretaceous,72.2,66.0,6.200000000000003
Feitianius paradisi,Feitianius,,Avialae,Theropoda,Saurischia,Carnivore,Aptian,Aptian,Lower Cretaceous,Lower Cretaceous,121.4,113.2,8.200000000000003
Flexomornis howei,Flexomornis,,Avialae,Theropoda,Saurischia,Carnivore,Cenomanian,Cenomanian,Upper Cretaceous,Upper Cretaceous,100.5,93.9,6.599999999999994
Fortipesavis prehendens,Fortipesavis,,Avialae,Theropoda,Saurischia,Carnivore,Cenomanian,Cenomanian,Upper Cretaceous,Upper Cretaceous,100.5,93.9,6.599999999999994
Fortunguavis xiaotaizicus,Fortunguavis,,,,,Carnivore,Aptian,Aptian,Lower Cretaceous,Lower Cretaceous,121.4,113.2,8.200000000000003
Gobipipus reshetovi,Gobipipus,,Avialae,Theropoda,Saurischia,Carnivore,Campanian,Campanian,Upper Cretaceous,Upper Cretaceous,83.6,72.2,11.399999999999991
Gobipteryx minuta,Gobipteryx,Gobipterygidae,Avialae,Theropoda,Saurischia,Carnivore,Campanian,Campanian,Upper Cretaceous,Upper Cretaceous,83.6,72.2,11.399999999999991
Gretcheniao sinensis,Gretcheniao,,,,,Carnivore,Barremian,Aptian,Lower Cretaceous,Lower Cretaceous,125.77,119.57,6.200000000000003
Holbotia ponomarenkoi,Holbotia,,,,,Carnivore,Hauterivian,Barremian,Lower Cretaceous,Lower Cretaceous,132.6,121.4,11.199999999999989
Houornis caudatus,Houornis,,Avialae,Theropoda,Saurischia,Carnivore,Aptian,Aptian,Lower Cretaceous,Lower Cretaceous,121.4,113.2,8.200000000000003
Huoshanornis huji,Huoshanornis,,Avialae,Theropoda,Saurischia,Carnivore,Aptian,Aptian,Lower Cretaceous,Lower Cretaceous,121.4,113.2,8.200000000000003
Iberomesornis romerali,Iberomesornis,Iberomesornithidae,Avialae,Theropoda,Saurischia,Carnivore,Barremian,Barremian,Lower Cretaceous,Lower Cretaceous,125.77,121.4,4.36999999999999
Junornis houi,Junornis,,Avialae,Theropoda,Saurischia,Carnivore,Barremian,Aptian,Lower Cretaceous,Lower Cretaceous,125.77,119.57,6.200000000000003
Lectavis bretincola,Lectavis,,Avialae,Theropoda,Saurischia,Carnivore,Campanian,Maastrichtian,Upper Cretaceous,Upper Cretaceous,72.2,66.0,6.200000000000003
Linyiornis amoena,Linyiornis,,,,,Carnivore,Aptian,Aptian,Lower Cretaceous,Lower Cretaceous,121.4,113.2,8.200000000000003
Microenantiornis vulgaris,Microenantiornis,,,,,Carnivore,Aptian,Aptian,Lower Cretaceous,Lower Cretaceous,121.4,113.2,8.200000000000003
Monoenantiornis sihedangia,Monoenantiornis,,,,,Carnivore,Aptian,Aptian,Lower Cretaceous,Lower Cretaceous,121.4,113.2,8.200000000000003
Musivavis amabilis,Musivavis,,Avialae,Theropoda,Saurischia,Carnivore,Aptian,Aptian,Lower Cretaceous,Lower Cretaceous,121.4,113.2,8.200000000000003
Navaornis hestiae,Navaornis,,Avialae,Theropoda,Saurischia,Carnivore,Campanian,Maastrichtian,Upper Cretaceous,Upper Cretaceous,83.6,66.0,17.599999999999994
Noguerornis gonzalezi,Noguerornis,,Avialae,Theropoda,Saurischia,Carnivore,Barremian,Barremian,Lower Cretaceous,Lower Cretaceous,125.77,121.4,4.36999999999999
Orienantius ritteri,Orienantius,,Avialae,Theropoda,Saurischia,Carnivore,Hauterivian,Hauterivian,Lower Cretaceous,Lower Cretaceous,132.6,125.77,6.829999999999998
Otogornis genghisi,Otogornis,,,,,Carnivore,Barremian,Barremian,Lower Cretaceous,Lower Cretaceous,125.77,121.4,4.36999999999999
Paraprotopteryx gracilis,Paraprotopteryx,,Avialae,Theropoda,Saurischia,Carnivore,Hauterivian,Hauterivian,Lower Cretaceous,Lower Cretaceous,132.6,125.77,6.829999999999998
Parvavis chuxiongensis,Parvavis,,Avialae,Theropoda,Saurischia,Carnivore,Turonian,Santonian,Upper Cretaceous,Upper Cretaceous,93.9,83.6,10.300000000000011
Piscivorenantiornis inusitatus,Piscivorenantiornis,,Avialae,Theropoda,Saurischia,Carnivore,Aptian,Aptian,Lower Cretaceous,Lower Cretaceous,121.4,113.2,8.200000000000003
Protopteryx fengningensis,Protopteryx,Protopterygidae,Avialae,Theropoda,Saurischia,Carnivore,Hauterivian,Barremian,Lower Cretaceous,Lower Cretaceous,132.6,121.4,11.199999999999989
Pterygornis dapingfangensis,Pterygornis,,,,,Carnivore,Aptian,Aptian,Lower Cretaceous,Lower Cretaceous,121.4,113.2,8.200000000000003
Qiliania graffini,Qiliania,,Avialae,Theropoda,Saurischia,Carnivore,Aptian,Aptian,Lower Cretaceous,Lower Cretaceous,121.4,113.2,8.200000000000003
Shangyang graciles,Shangyang,,,,,Carnivore,Aptian,Aptian,Lower Cretaceous,Lower Cretaceous,121.4,113.2,8.200000000000003
Sinornis santensis,Sinornis,,Avialae,Theropoda,Saurischia,Carnivore,Aptian,Aptian,Lower Cretaceous,Lower Cretaceous,121.4,113.2,8.200000000000003
Vescornis hebeiensis,Vescornis,Gobipterygidae,Avialae,Theropoda,Saurischia,Carnivore,Barremian,Aptian,Lower Cretaceous,Lower Cretaceous,125.77,119.57,6.200000000000003
Xiangornis shenmi,Xiangornis,,Avialae,Theropoda,Saurischia,Carnivore,Aptian,Aptian,Lower Cretaceous,Lower Cretaceous,121.4,113.2,8.200000000000003
Yatenavis ieujensis,Yatenavis,,Avialae,Theropoda,Saurischia,Carnivore,Campanian,Maastrichtian,Upper Cretaceous,Upper Cretaceous,72.2,66.0,6.200000000000003
Yuanjiawaornis viriosus,Yuanjiawaornis,,Avialae,Theropoda,Saurischia,Carnivore,Aptian,Aptian,Lower Cretaceous,Lower Cretaceous,121.4,113.2,8.200000000000003
Yungavolucris brevipedalis,Yungavolucris,,Avialae,Theropoda,Saurischia,Carnivore,Campanian,Maastrichtian,Upper Cretaceous,Upper Cretaceous,72.2,66.0,6.200000000000003
Yuornis junchangi,Yuornis,,Avialae,Theropoda,Saurischia,Carnivore,Campanian,Maastrichtian,Upper Cretaceous,Upper Cretaceous,72.2,66.0,6.200000000000003
Alamitornis minutus,Alamitornis,,Avialae,Theropoda,Saurischia,Carnivore,Campanian,Maastrichtian,Upper Cretaceous,Upper Cretaceous,83.6,66.0,17.599999999999994
Xinghaiornis lini,Xinghaiornis,,Avialae,Theropoda,Saurischia,Carnivore,Barremian,Aptian,Lower Cretaceous,Lower Cretaceous,125.77,119.57,6.200000000000003
Kompsornis longicaudus,Kompsornis,,Avialae,Theropoda,Saurischia,Carnivore,Aptian,Aptian,Lower Cretaceous,Lower Cretaceous,121.4,113.2,8.200000000000003
Neimengornis rectusmim,Neimengornis,,Avialae,Theropoda,Saurischia,Carnivore,Aptian,Aptian,Lower Cretaceous,Lower Cretaceous,121.4,113.2,8.200000000000003
Alcmonavis poeschli,Alcmonavis,,Avialae,Theropoda,Saurischia,Carnivore,Tithonian,Tithonian,Upper Jurassic,Upper Jurassic,149.2,145.06,4.139999999999986
Archaeopteryx albersdoerferi,Archaeopteryx,Archaeopterygidae,Non-Avian,Theropoda,Saurischia,"Piscivore, insectivore",Tithonian,Tithonian,Upper Jurassic,Upper Jurassic,149.2,145.06,4.139999999999986
Archaeopteryx lithographica,Archaeopteryx,Archaeopterygidae,Non-Avian,Theropoda,Saurischia,"Piscivore, insectivore",Tithonian,Tithonian,Upper Jurassic,Upper Jurassic,149.2,145.06,4.139999999999986
Jurapteryx recurva,Archaeopteryx,Archaeopterygidae,Non-Avian,Theropoda,Saurischia,"Piscivore, insectivore",Tithonian,Tithonian,Upper Jurassic,Upper Jurassic,149.2,145.06,4.139999999999986
Aurornis xui,Aurornis,Anchiornithidae,Non-Avian,Theropoda,Saurischia,Carnivore,Bathonian,Kimmeridgian,Middle Jurassic,Upper Jurassic,168.2,152.21,15.98999999999998
Baminornis zhenghensis,Baminornis,,Avialae,Theropoda,Saurischia,Carnivore,Kimmeridgian,Tithonian,Upper Jurassic,Upper Jurassic,152.21,145.06,7.150000000000006
Dalianraptor cuhe,Dalianraptor,,Avialae,Theropoda,Saurischia,Carnivore,Aptian,Aptian,Lower Cretaceous,Lower Cretaceous,121.4,113.2,8.200000000000003
Fujianvenator prodigiosus,Fujianvenator,Anchiornithidae,Non-Avian,Theropoda,Saurischia,Carnivore,Kimmeridgian,Tithonian,Upper Jurassic,Upper Jurassic,152.21,145.06,7.150000000000006
Fukuipteryx prima,Fukuipteryx,,Avialae,Theropoda,Saurischia,Carnivore,Aptian,Aptian,Lower Cretaceous,Lower Cretaceous,121.4,113.2,8.200000000000003
Ilerdopteryx viai,Ilerdopteryx,,Avialae,Theropoda,Saurischia,Carnivore,Barremian,Barremian,Lower Cretaceous,Lower Cretaceous,125.77,121.4,4.36999999999999
Changchengornis hengdaoziensis,Changchengornis,Confuciusornithidae,Avialae,Theropoda,Saurischia,Carnivore,Barremian,Aptian,Lower Cretaceous,Lower Cretaceous,125.77,119.57,6.200000000000003
Confuciusornis dui,Confuciusornis,Confuciusornithidae,Avialae,Theropoda,Saurischia,Carnivore,Barremian,Aptian,Lower Cretaceous,Lower Cretaceous,125.77,119.57,6.200000000000003
Confuciusornis sanctus,Confuciusornis,Confuciusornithidae,Avialae,Theropoda,Saurischia,Carnivore,Barremian,Aptian,Lower Cretaceous,Lower Cretaceous,125.77,113.2,12.569999999999993
Eoconfuciusornis zhengi,Eoconfuciusornis,,Avialae,Theropoda,Saurischia,Carnivore,Hauterivian,Barremian,Lower Cretaceous,Lower Cretaceous,132.6,121.4,11.199999999999989
Jibeinia luanhera,Jibeinia,,Avialae,Theropoda,Saurischia,Carnivore,Barremian,Aptian,Lower Cretaceous,Lower Cretaceous,125.77,119.57,6.200000000000003
Yangavis confucii,Yangavis,Confuciusornithidae,Avialae,Theropoda,Saurischia,Carnivore,Aptian,Aptian,Lower Cretaceous,Lower Cretaceous,121.4,113.2,8.200000000000003
Chongmingia zhengi,Chongmingia,Jinguofortisidae,Avialae,Theropoda,Saurischia,Carnivore,Aptian,Aptian,Lower Cretaceous,Lower Cretaceous,121.4,113.2,8.200000000000003
Cratonavis zhui,Cratonavis,Jinguofortisidae,Avialae,Theropoda,Saurischia,Carnivore,Aptian,Aptian,Lower Cretaceous,Lower Cretaceous,121.4,113.2,8.200000000000003
Jinguofortis perplexus,Jinguofortis,Jinguofortisidae,Avialae,Theropoda,Saurischia,Carnivore,Barremian,Barremian,Lower Cretaceous,Lower Cretaceous,125.77,121.4,4.36999999999999
Sapeornis chaoyangensis,Sapeornis,Omnivoropterygidae,Avialae,Theropoda,Saurischia,Carnivore,Barremian,Aptian,Lower Cretaceous,Lower Cretaceous,125.77,113.2,12.569999999999993
Gallornis straeleni,Gallornis,Zhyraornithidae,Avialae,Theropoda,Saurischia,Carnivore,Hauterivian,Hauterivian,Lower Cretaceous,Lower Cretaceous,132.6,125.77,6.829999999999998
Torotix clemensi,Torotix,Torotigidae,Avialae,Theropoda,Saurischia,Carnivore,Campanian,Maastrichtian,Upper Cretaceous,Upper Cretaceous,72.2,66.0,6.200000000000003
Tytthostonyx glauconiticus,Tytthostonyx,Tytthostonychidae,Avialae,Theropoda,Saurischia,Carnivore,Campanian,Campanian,Upper Cretaceous,Upper Cretaceous,72.2,61.66,10.540000000000006
Lonchodytes estesi,Lonchodytes,Tytthostonychidae,Avialae,Theropoda,Saurischia,Carnivore,Campanian,Maastrichtian,Upper Cretaceous,Upper Cretaceous,72.2,66.0,6.200000000000003
Horezmavis eocretacea,Horezmavis,,,,,Carnivore,Cenomanian,Cenomanian,Upper Cretaceous,Upper Cretaceous,100.5,93.9,6.599999999999994
Maaqwi cascadensis,Maaqwi,Vegaviidae,Avialae,Theropoda,Saurischia,Herbivore,Campanian,Campanian,Upper Cretaceous,Upper Cretaceous,83.6,72.2,11.399999999999991
Neogaeornis wetzeli,Neogaeornis,Vegaviidae,Avialae,Theropoda,Saurischia,Herbivore,Campanian,Maastrichtian,Upper Cretaceous,Upper Cretaceous,72.2,66.0,6.200000000000003
Polarornis gregorii,Polarornis,Vegaviidae,Avialae,Theropoda,Saurischia,Herbivore,Campanian,Maastrichtian,Upper Cretaceous,Upper Cretaceous,72.2,66.0,6.200000000000003
Teviornis gobiensis,Teviornis,Presbyornithidae,Avialae,Theropoda,Saurischia,Herbivore,Campanian,Maastrichtian,Upper Cretaceous,Upper Cretaceous,72.2,66.0,6.200000000000003
Anatalavis rex,Anatalavis,Presbyornithidae,Avialae,Theropoda,Saurischia,Herbivore,Campanian,Maastrichtian,Upper Cretaceous,Upper Cretaceous,72.2,66.0,6.200000000000003
Vegavis iaai,Vegavis,Vegaviidae,Avialae,Theropoda,Saurischia,Herbivore,Campanian,Maastrichtian,Upper Cretaceous,Upper Cretaceous,72.2,66.0,6.200000000000003
Asteriornis maastrichtensis,Asteriornis,Vegaviidae,Avialae,Theropoda,Saurischia,Carnivore,Campanian,Maastrichtian,Upper Cretaceous,Upper Cretaceous,72.2,66.0,6.200000000000003
Praeornis sharovi,Praeornis,Praeornithidae,Avialae,Theropoda,Saurischia,Carnivore,Oxfordian,Oxfordian,Upper Jurassic,Upper Jurassic,161.5,154.8,6.699999999999989
Ceramornis major,Ceramornis,Cimolopterygidae,Avialae,Theropoda,Saurischia,Carnivore,Campanian,Maastrichtian,Upper Cretaceous,Upper Cretaceous,72.2,66.0,6.200000000000003
Cimolopteryx maxima,Cimolopteryx,Cimolopterygidae,Avialae,Theropoda,Saurischia,Carnivore,Campanian,Maastrichtian,Upper Cretaceous,Upper Cretaceous,72.2,66.0,6.200000000000003
Cimolopteryx rara,Cimolopteryx,Cimolopterygidae,Avialae,Theropoda,Saurischia,Carnivore,Campanian,Maastrichtian,Upper Cretaceous,Upper Cretaceous,72.2,66.0,6.200000000000003
Lamarqueavis australis,Lamarqueavis,Cimolopterygidae,Avialae,Theropoda,Saurischia,Carnivore,Campanian,Maastrichtian,Upper Cretaceous,Upper Cretaceous,83.6,66.0,17.599999999999994
Lamarqueavis minima,Lamarqueavis,Cimolopterygidae,Avialae,Theropoda,Saurischia,Carnivore,Campanian,Maastrichtian,Upper Cretaceous,Upper Cretaceous,72.2,66.0,6.200000000000003
Lamarqueavis petra,Lamarqueavis,Cimolopterygidae,Avialae,Theropoda,Saurischia,Carnivore,Campanian,Maastrichtian,Upper Cretaceous,Upper Cretaceous,72.2,66.0,6.200000000000003
Laornis edvardsianus,Laornis,Laornithidae,Avialae,Theropoda,Saurischia,Carnivore,Campanian,Maastrichtian,Upper Cretaceous,Upper Cretaceous,72.2,66.0,6.200000000000003
Palaeotringa littoralis,Palaeotringa,Laornithidae,Avialae,Theropoda,Saurischia,Carnivore,Campanian,Campanian,Upper Cretaceous,Upper Cretaceous,72.2,61.66,10.540000000000006
Palaeotringa vagans,Palaeotringa,Laornithidae,Avialae,Theropoda,Saurischia,Carnivore,Campanian,Maastrichtian,Upper Cretaceous,Upper Cretaceous,72.2,66.0,6.200000000000003
Graculavus augustus,Graculavus,Laornithidae,Avialae,Theropoda,Saurischia,Carnivore,Campanian,Maastrichtian,Upper Cretaceous,Upper Cretaceous,72.2,66.0,6.200000000000003
Graculavus velox,Graculavus,Laornithidae,Avialae,Theropoda,Saurischia,Carnivore,Campanian,Campanian,Upper Cretaceous,Upper Cretaceous,72.2,61.66,10.540000000000006
Telmatornis priscus,Telmatornis,Laornithidae,Avialae,Theropoda,Saurischia,Carnivore,Campanian,Campanian,Upper Cretaceous,Upper Cretaceous,72.2,61.66,10.540000000000006
Volgavis marina,Volgavis,,,,,Carnivore,Campanian,Maastrichtian,Upper Cretaceous,Upper Cretaceous,72.2,66.0,6.200000000000003
Mystiornis cyrili,Mystiornis,Avisauridae,Avialae,Theropoda,Saurischia,Carnivore,Aptian,Aptian,Lower Cretaceous,Lower Cretaceous,121.4,113.2,8.200000000000003
Omnivoropteryx sinousaorum,Omnivoropteryx,Omnivoropterygidae,Avialae,Theropoda,Saurischia,Carnivore,Aptian,Aptian,Lower Cretaceous,Lower Cretaceous,121.4,113.2,8.200000000000003
Yandangornis longicaudus,Yandangornis,Yandangithidae,Avialae,Theropoda,Saurischia,Carnivore,Campanian,Campanian,Upper Cretaceous,Upper Cretaceous,83.6,72.2,11.399999999999991
Ignotornis yangi,Ignotornis,Laornithidae,Avialae,Theropoda,Saurischia,Carnivore,Aptian,Albian,Lower Cretaceous,Lower Cretaceous,121.4,100.5,20.900000000000006
Jeholornis curvipes,Jeholornis,Jeholornithidae,Avialae,Theropoda,Saurischia,Carnivore,Barremian,Aptian,Lower Cretaceous,Lower Cretaceous,125.77,119.57,6.200000000000003
Jeholornis palmapenis,Jeholornis,Jeholornithidae,Avialae,Theropoda,Saurischia,Carnivore,Aptian,Aptian,Lower Cretaceous,Lower Cretaceous,121.4,113.2,8.200000000000003
Jeholornis prima,Jeholornis,Jeholornithidae,Avialae,Theropoda,Saurischia,Carnivore,Aptian,Aptian,Lower Cretaceous,Lower Cretaceous,121.4,113.2,8.200000000000003
Jixiangornis orientalis,Jixiangornis,,Avialae,Theropoda,Saurischia,Carnivore,Barremian,Aptian,Lower Cretaceous,Lower Cretaceous,125.77,119.57,6.200000000000003
Platanavis nana,Platanavis,,,,,Carnivore,Turonian,Turonian,Upper Cretaceous,Upper Cretaceous,93.9,89.8,4.1000000000000085
Proornis coreae,Proornis,,,,,Carnivore,Berriasian,Albian,Lower Cretaceous,Lower Cretaceous,143.1,100.5,42.599999999999994
Shenzhouraptor sinensis,Shenzhouraptor,Jeholornithidae,Avialae,Theropoda,Saurischia,Carnivore,Barremian,Aptian,Lower Cretaceous,Lower Cretaceous,125.77,119.57,6.200000000000003
Yacoraitichnus avis,Yacoraitichnus,,,,,Carnivore,Campanian,Maastrichtian,Upper Cretaceous,Upper Cretaceous,72.2,66.0,6.200000000000003
Boreonykus certekorum,Boreonykus,Dromaeosauridae,Non-Avian,Theropoda,Saurischia,Carnivore,Campanian,Campanian,Upper Cretaceous,Upper Cretaceous,83.6,72.2,11.399999999999991
Dakotaraptor steini,Dakotaraptor,,Non-Avian,Theropoda,Saurischia,Carnivore,Campanian,Maastrichtian,Upper Cretaceous,Upper Cretaceous,72.2,66.0,6.200000000000003
Dromaeosaurus albertensis,Dromaeosaurus,Dromaeosauridae,Non-Avian,Theropoda,Saurischia,Carnivore,Albian,Maastrichtian,Lower Cretaceous,Upper Cretaceous,110.1,66.0,44.099999999999994
Itemirus medullaris,Itemirus,Dromaeosauridae,Non-Avian,Theropoda,Saurischia,Carnivore,Turonian,Turonian,Upper Cretaceous,Upper Cretaceous,93.9,89.8,4.1000000000000085
Yurgovuchia doellingi,Yurgovuchia,Dromaeosauridae,Non-Avian,Theropoda,Saurischia,Carnivore,Valanginian,Valanginian,Lower Cretaceous,Lower Cretaceous,139.1,132.6,6.5
Atrociraptor marshalli,Atrociraptor,Dromaeosauridae,Non-Avian,Theropoda,Saurischia,Carnivore,Campanian,Maastrichtian,Upper Cretaceous,Upper Cretaceous,83.6,66.0,17.599999999999994
Saurornitholestes langstoni,Saurornitholestes,Dromaeosauridae,Non-Avian,Theropoda,Saurischia,Carnivore,Campanian,Maastrichtian,Upper Cretaceous,Upper Cretaceous,83.6,66.0,17.599999999999994
Saurornitholestes sullivani,Saurornitholestes,Dromaeosauridae,Non-Avian,Theropoda,Saurischia,Carnivore,Campanian,Campanian,Upper Cretaceous,Upper Cretaceous,83.6,72.2,11.399999999999991
Acheroraptor temertyorum,Acheroraptor,Dromaeosauridae,Non-Avian,Theropoda,Saurischia,Carnivore,Campanian,Maastrichtian,Upper Cretaceous,Upper Cretaceous,72.2,66.0,6.200000000000003
Dineobellator notohesperus,Dineobellator,Dromaeosauridae,Non-Avian,Theropoda,Saurischia,Carnivore,Campanian,Maastrichtian,Upper Cretaceous,Upper Cretaceous,72.2,66.0,6.200000000000003
Kansaignathus sogdianus,Kansaignathus,Dromaeosauridae,Non-Avian,Theropoda,Saurischia,Carnivore,Santonian,Santonian,Upper Cretaceous,Upper Cretaceous,85.7,83.6,2.1000000000000085
Linheraptor exquisitus,Linheraptor,Dromaeosauridae,Non-Avian,Theropoda,Saurischia,Carnivore,Campanian,Campanian,Upper Cretaceous,Upper Cretaceous,83.6,72.2,11.399999999999991
Tsaagan mangas,Tsaagan,Dromaeosauridae,Non-Avian,Theropoda,Saurischia,Carnivore,Campanian,Campanian,Upper Cretaceous,Upper Cretaceous,83.6,72.2,11.399999999999991
Velociraptor mongoliensis,Velociraptor,Dromaeosauridae,Non-Avian,Theropoda,Saurischia,Carnivore,Coniacian,Maastrichtian,Upper Cretaceous,Upper Cretaceous,89.8,66.0,23.799999999999997
Velociraptor osmolskae,Velociraptor,Dromaeosauridae,Non-Avian,Theropoda,Saurischia,Carnivore,Campanian,Campanian,Upper Cretaceous,Upper Cretaceous,83.6,72.2,11.399999999999991
Achillobator giganticus,Achillobator,Dromaeosauridae,Non-Avian,Theropoda,Saurischia,Carnivore,Cenomanian,Santonian,Upper Cretaceous,Upper Cretaceous,100.5,83.6,16.900000000000006
Adasaurus mongoliensis,Adasaurus,Dromaeosauridae,Non-Avian,Theropoda,Saurischia,Carnivore,Campanian,Maastrichtian,Upper Cretaceous,Upper Cretaceous,72.2,66.0,6.200000000000003
Deinonychus antirrhopus,Deinonychus,Dromaeosauridae,Non-Avian,Theropoda,Saurischia,Carnivore,Aptian,Cenomanian,Lower Cretaceous,Upper Cretaceous,121.4,93.9,27.5
Utahraptor ostrommaysi,Utahraptor,Dromaeosauridae,Non-Avian,Theropoda,Saurischia,Carnivore,Valanginian,Valanginian,Lower Cretaceous,Lower Cretaceous,137.05,132.6,4.450000000000017
Vectiraptor greeni,Vectiraptor,Dromaeosauridae,Non-Avian,Theropoda,Saurischia,Carnivore,Barremian,Barremian,Lower Cretaceous,Lower Cretaceous,125.77,121.4,4.36999999999999
Halszkaraptor escuilliei,Halszkaraptor,Dromaeosauridae,Non-Avian,Theropoda,Saurischia,Carnivore,Campanian,Campanian,Upper Cretaceous,Upper Cretaceous,83.6,72.2,11.399999999999991
Hulsanpes perlei,Hulsanpes,Dromaeosauridae,Non-Avian,Theropoda,Saurischia,Carnivore,Campanian,Campanian,Upper Cretaceous,Upper Cretaceous,83.6,72.2,11.399999999999991
Mahakala omnogovae,Mahakala,Dromaeosauridae,Non-Avian,Theropoda,Saurischia,Carnivore,Campanian,Campanian,Upper Cretaceous,Upper Cretaceous,83.6,72.2,11.399999999999991
Natovenator polydontus,Natovenator,Dromaeosauridae,Non-Avian,Theropoda,Saurischia,Carnivore,Campanian,Campanian,Upper Cretaceous,Upper Cretaceous,83.6,72.2,11.399999999999991
Changyuraptor yangi,Changyuraptor,Dromaeosauridae,Non-Avian,Theropoda,Saurischia,Carnivore,Barremian,Aptian,Lower Cretaceous,Lower Cretaceous,125.77,119.57,6.200000000000003
Graciliraptor lujiatunensis,Graciliraptor,Dromaeosauridae,Non-Avian,Theropoda,Saurischia,Carnivore,Barremian,Aptian,Lower Cretaceous,Lower Cretaceous,125.77,119.57,6.200000000000003
Hesperonychus elizabethae,Hesperonychus,,Non-Avian,Theropoda,Saurischia,Carnivore,Campanian,Campanian,Upper Cretaceous,Upper Cretaceous,83.6,72.2,11.399999999999991
Microraptor gui,Microraptor,Dromaeosauridae,Non-Avian,Theropoda,Saurischia,Carnivore,Aptian,Aptian,Lower Cretaceous,Lower Cretaceous,121.4,113.2,8.200000000000003
Microraptor hanqingi,Microraptor,Dromaeosauridae,Non-Avian,Theropoda,Saurischia,Carnivore,Aptian,Aptian,Lower Cretaceous,Lower Cretaceous,121.4,113.2,8.200000000000003
Microraptor zhaoianus,Microraptor,Dromaeosauridae,Non-Avian,Theropoda,Saurischia,Carnivore,Aptian,Aptian,Lower Cretaceous,Lower Cretaceous,121.4,113.2,8.200000000000003
Shanag ashile,Shanag,Dromaeosauridae,Non-Avian,Theropoda,Saurischia,Carnivore,Berriasian,Albian,Lower Cretaceous,Lower Cretaceous,143.1,100.5,42.599999999999994
Sinornithosaurus millenii,Sinornithosaurus,Dromaeosauridae,Non-Avian,Theropoda,Saurischia,Carnivore,Barremian,Aptian,Lower Cretaceous,Lower Cretaceous,125.77,119.57,6.200000000000003
Zhongjianosaurus yangi,Zhongjianosaurus,Dromaeosauridae,Non-Avian,Theropoda,Saurischia,Carnivore,Aptian,Aptian,Lower Cretaceous,Lower Cretaceous,121.4,113.2,8.200000000000003
Austroraptor cabazai,Austroraptor,Dromaeosauridae,Non-Avian,Theropoda,Saurischia,Carnivore,Campanian,Maastrichtian,Upper Cretaceous,Upper Cretaceous,83.6,66.0,17.599999999999994
Buitreraptor gonzalezorum,Buitreraptor,Dromaeosauridae,Non-Avian,Theropoda,Saurischia,Carnivore,Cenomanian,Cenomanian,Upper Cretaceous,Upper Cretaceous,100.5,93.9,6.599999999999994
Diuqin lechiguanae,Diuqin,Dromaeosauridae,Non-Avian,Theropoda,Saurischia,Carnivore,Santonian,Santonian,Upper Cretaceous,Upper Cretaceous,85.7,83.6,2.1000000000000085
Neuquenraptor argentinus,Neuquenraptor,Dromaeosauridae,Non-Avian,Theropoda,Saurischia,Carnivore,Turonian,Santonian,Upper Cretaceous,Upper Cretaceous,93.9,85.7,8.200000000000003
Rahonavis ostromi,Rahonavis,,Non-Avian,Theropoda,Saurischia,Carnivore,Campanian,Maastrichtian,Upper Cretaceous,Upper Cretaceous,72.2,66.0,6.200000000000003
Unenlagia comahuensis,Unenlagia,Dromaeosauridae,Non-Avian,Theropoda,Saurischia,Carnivore,Turonian,Santonian,Upper Cretaceous,Upper Cretaceous,93.9,85.7,8.200000000000003
Unenlagia paynemili,Unenlagia,Dromaeosauridae,Non-Avian,Theropoda,Saurischia,Carnivore,Turonian,Santonian,Upper Cretaceous,Upper Cretaceous,93.9,85.7,8.200000000000003
Ypupiara lopai,Ypupiara,Dromaeosauridae,Non-Avian,Theropoda,Saurischia,Carnivore,Campanian,Maastrichtian,Upper Cretaceous,Upper Cretaceous,72.2,66.0,6.200000000000003
Balaur bondoc,Balaur,,Non-Avian,Theropoda,Saurischia,Carnivore,Campanian,Maastrichtian,Upper Cretaceous,Upper Cretaceous,72.2,66.0,6.200000000000003
Bambiraptor feinbergi,Bambiraptor,Dromaeosauridae,Non-Avian,Theropoda,Saurischia,Carnivore,Campanian,Campanian,Upper Cretaceous,Upper Cretaceous,83.6,72.2,11.399999999999991
Daurlong wangi,Daurlong,Dromaeosauridae,Non-Avian,Theropoda,Saurischia,Carnivore,Aptian,Aptian,Lower Cretaceous,Lower Cretaceous,121.4,119.57,1.8300000000000125
Dromaeosauroides bornholmensis,Dromaeosauroides,Dromaeosauridae,Non-Avian,Theropoda,Saurischia,Carnivore,Valanginian,Valanginian,Lower Cretaceous,Lower Cretaceous,139.1,137.05,2.049999999999983
Imperobator antarcticus,Imperobator,Dromaeosauridae,Non-Avian,Theropoda,Saurischia,Carnivore,Campanian,Maastrichtian,Upper Cretaceous,Upper Cretaceous,72.2,66.0,6.200000000000003
Kuru kulla,Kuru,Dromaeosauridae,Non-Avian,Theropoda,Saurischia,Carnivore,Campanian,Campanian,Upper Cretaceous,Upper Cretaceous,83.6,72.2,11.399999999999991
Luanchuanraptor henanensis,Luanchuanraptor,Dromaeosauridae,Non-Avian,Theropoda,Saurischia,Carnivore,Campanian,Maastrichtian,Upper Cretaceous,Upper Cretaceous,72.2,66.0,6.200000000000003
Nuthetes destructor,Nuthetes,,Non-Avian,Theropoda,Saurischia,Carnivore,Berriasian,Valanginian,Lower Cretaceous,Lower Cretaceous,143.1,139.1,4.0
Pyroraptor olympius,Pyroraptor,Dromaeosauridae,Non-Avian,Theropoda,Saurischia,Carnivore,Campanian,Maastrichtian,Upper Cretaceous,Upper Cretaceous,83.6,66.0,17.599999999999994
Asiamericana asiatica,Richardoestesia,,Non-Avian,Theropoda,Saurischia,Carnivore,Turonian,Turonian,Upper Cretaceous,Upper Cretaceous,93.9,89.8,4.1000000000000085
Richardoestesia asiatica,Richardoestesia,,Non-Avian,Theropoda,Saurischia,Carnivore,Cenomanian,Turonian,Upper Cretaceous,Upper Cretaceous,100.5,89.8,10.700000000000003
Richardoestesia gilmorei,Richardoestesia,,Non-Avian,Theropoda,Saurischia,Carnivore,Kimmeridgian,Maastrichtian,Upper Jurassic,Upper Cretaceous,152.21,66.0,86.21000000000001
Richardoestesia isosceles,Richardoestesia,,Non-Avian,Theropoda,Saurischia,Carnivore,Cenomanian,Maastrichtian,Upper Cretaceous,Upper Cretaceous,100.5,66.0,34.5
Shri devi,Shri,Dromaeosauridae,Non-Avian,Theropoda,Saurischia,Carnivore,Campanian,Campanian,Upper Cretaceous,Upper Cretaceous,83.6,72.2,11.399999999999991
Tianyuraptor ostromi,Tianyuraptor,Dromaeosauridae,Non-Avian,Theropoda,Saurischia,Carnivore,Barremian,Aptian,Lower Cretaceous,Lower Cretaceous,125.77,119.57,6.200000000000003
Variraptor mechinorum,Variraptor,Dromaeosauridae,Non-Avian,Theropoda,Saurischia,Carnivore,Campanian,Maastrichtian,Upper Cretaceous,Upper Cretaceous,83.6,66.0,17.599999999999994
Wulong bohaiensis,Wulong,Dromaeosauridae,Non-Avian,Theropoda,Saurischia,Carnivore,Aptian,Aptian,Lower Cretaceous,Lower Cretaceous,121.4,113.2,8.200000000000003
Zhenyuanlong suni,Zhenyuanlong,Dromaeosauridae,Non-Avian,Theropoda,Saurischia,Carnivore,Barremian,Aptian,Lower Cretaceous,Lower Cretaceous,125.77,119.57,6.200000000000003
Jinfengopteryx elegans,Jinfengopteryx,Troodontidae,Non-Avian,Theropoda,Saurischia,"Carnivore, omnivore",Barremian,Barremian,Lower Cretaceous,Lower Cretaceous,125.77,121.4,4.36999999999999
Liaoningvenator curriei,Liaoningvenator,Troodontidae,Non-Avian,Theropoda,Saurischia,"Carnivore, omnivore",Barremian,Aptian,Lower Cretaceous,Lower Cretaceous,125.77,119.57,6.200000000000003
Philovenator curriei,Philovenator,Troodontidae,Non-Avian,Theropoda,Saurischia,"Carnivore, omnivore",Campanian,Campanian,Upper Cretaceous,Upper Cretaceous,83.6,72.2,11.399999999999991
Tamarro insperatus,Tamarro,Troodontidae,Non-Avian,Theropoda,Saurischia,"Carnivore, omnivore",Campanian,Maastrichtian,Upper Cretaceous,Upper Cretaceous,72.2,66.0,6.200000000000003
Jianianhualong tengi,Jianianhualong,Troodontidae,Non-Avian,Theropoda,Saurischia,"Carnivore, omnivore",Barremian,Aptian,Lower Cretaceous,Lower Cretaceous,125.77,119.57,6.200000000000003
Mei long,Mei,Troodontidae,Non-Avian,Theropoda,Saurischia,"Carnivore, omnivore",Barremian,Aptian,Lower Cretaceous,Lower Cretaceous,125.77,119.57,6.200000000000003
Sinovenator changii,Sinovenator,Troodontidae,Non-Avian,Theropoda,Saurischia,"Carnivore, omnivore",Barremian,Aptian,Lower Cretaceous,Lower Cretaceous,125.77,119.57,6.200000000000003
Xiaotingia zhengi,Xiaotingia,Anchiornithidae,Non-Avian,Theropoda,Saurischia,"Carnivore, omnivore",Bathonian,Kimmeridgian,Middle Jurassic,Upper Jurassic,168.2,152.21,15.98999999999998
Borogovia gracilicrus,Borogovia,Troodontidae,Non-Avian,Theropoda,Saurischia,"Carnivore, omnivore",Campanian,Maastrichtian,Upper Cretaceous,Upper Cretaceous,72.2,66.0,6.200000000000003
Byronosaurus jaffei,Byronosaurus,Troodontidae,Non-Avian,Theropoda,Saurischia,"Carnivore, omnivore",Campanian,Campanian,Upper Cretaceous,Upper Cretaceous,83.6,72.2,11.399999999999991
Hypnovenator matsubaraetoheorum,Hypnovenator,Troodontidae,Non-Avian,Theropoda,Saurischia,"Carnivore, omnivore",Aptian,Albian,Lower Cretaceous,Lower Cretaceous,113.2,106.3,6.900000000000006
Latenivenatrix mcmasterae,Latenivenatrix,Troodontidae,Non-Avian,Theropoda,Saurischia,"Carnivore, omnivore",Campanian,Campanian,Upper Cretaceous,Upper Cretaceous,83.6,72.2,11.399999999999991
Linhevenator tani,Linhevenator,Troodontidae,Non-Avian,Theropoda,Saurischia,"Carnivore, omnivore",Campanian,Campanian,Upper Cretaceous,Upper Cretaceous,83.6,72.2,11.399999999999991
Saurornithoides mongoliensis,Saurornithoides,Troodontidae,Non-Avian,Theropoda,Saurischia,"Carnivore, omnivore",Campanian,Maastrichtian,Upper Cretaceous,Upper Cretaceous,83.6,66.0,17.599999999999994
Sinornithoides youngi,Sinornithoides,Troodontidae,Non-Avian,Theropoda,Saurischia,"Carnivore, omnivore",Valanginian,Albian,Lower Cretaceous,Lower Cretaceous,137.05,100.5,36.55000000000001
Stenonychosaurus inequalis,Stenonychosaurus,Troodontidae,Non-Avian,Theropoda,Saurischia,"Carnivore, omnivore",Campanian,Maastrichtian,Upper Cretaceous,Upper Cretaceous,83.6,66.0,17.599999999999994
Talos sampsoni,Talos,Troodontidae,Non-Avian,Theropoda,Saurischia,"Carnivore, omnivore",Campanian,Campanian,Upper Cretaceous,Upper Cretaceous,83.6,72.2,11.399999999999991
Troodon formosus,Troodon,Troodontidae,Non-Avian,Theropoda,Saurischia,"Carnivore, omnivore",Campanian,Maastrichtian,Upper Cretaceous,Upper Cretaceous,83.6,66.0,17.599999999999994
Urbacodon itemirensis,Urbacodon,Troodontidae,Non-Avian,Theropoda,Saurischia,"Carnivore, omnivore",Cenomanian,Cenomanian,Upper Cretaceous,Upper Cretaceous,100.5,93.9,6.599999999999994
Urbacodon norelli,Urbacodon,Troodontidae,Non-Avian,Theropoda,Saurischia,"Carnivore, omnivore",Campanian,Campanian,Upper Cretaceous,Upper Cretaceous,83.6,72.2,11.399999999999991
Zanabazar junior,Zanabazar,Troodontidae,Non-Avian,Theropoda,Saurischia,"Carnivore, omnivore",Campanian,Maastrichtian,Upper Cretaceous,Upper Cretaceous,72.2,66.0,6.200000000000003
Albertavenator curriei,Albertavenator,Troodontidae,Non-Avian,Theropoda,Saurischia,"Carnivore, omnivore",Campanian,Maastrichtian,Upper Cretaceous,Upper Cretaceous,83.6,66.0,17.599999999999994
Almas ukhaa,Almas,Troodontidae,Non-Avian,Theropoda,Saurischia,"Carnivore, omnivore",Campanian,Campanian,Upper Cretaceous,Upper Cretaceous,83.6,72.2,11.399999999999991
Anchiornis huxleyi,Anchiornis,Anchiornithidae,Non-Avian,Theropoda,Saurischia,"Carnivore, omnivore",Bathonian,Kimmeridgian,Middle Jurassic,Upper Jurassic,168.2,152.21,15.98999999999998
Archaeornithoides deinosauriscus,Archaeornithoides,Troodontidae,Non-Avian,Theropoda,Saurischia,"Carnivore, omnivore",Campanian,Campanian,Upper Cretaceous,Upper Cretaceous,83.6,72.2,11.399999999999991
Daliansaurus liaoningensis,Daliansaurus,Troodontidae,Non-Avian,Theropoda,Saurischia,"Carnivore, omnivore",Barremian,Aptian,Lower Cretaceous,Lower Cretaceous,125.77,119.57,6.200000000000003
Geminiraptor suarezarum,Geminiraptor,Troodontidae,Non-Avian,Theropoda,Saurischia,"Carnivore, omnivore",Valanginian,Valanginian,Lower Cretaceous,Lower Cretaceous,137.05,132.6,4.450000000000017
Gobivenator mongoliensis,Gobivenator,Troodontidae,Non-Avian,Theropoda,Saurischia,"Carnivore, omnivore",Campanian,Campanian,Upper Cretaceous,Upper Cretaceous,83.6,72.2,11.399999999999991
Harenadraco prima,Harenadraco,Troodontidae,Non-Avian,Theropoda,Saurischia,"Carnivore, omnivore",Campanian,Campanian,Upper Cretaceous,Upper Cretaceous,83.6,72.2,11.399999999999991
Hesperornithoides miessleri,Hesperornithoides,Troodontidae,Non-Avian,Theropoda,Saurischia,"Carnivore, omnivore",Kimmeridgian,Berriasian,Upper Jurassic,Lower Cretaceous,154.8,143.1,11.700000000000017
Papiliovenator neimengguensis,Papiliovenator,Troodontidae,Non-Avian,Theropoda,Saurischia,"Carnivore, omnivore",Campanian,Campanian,Upper Cretaceous,Upper Cretaceous,83.6,72.2,11.399999999999991
Pectinodon bakkeri,Pectinodon,Troodontidae,Non-Avian,Theropoda,Saurischia,"Carnivore, omnivore",Campanian,Maastrichtian,Upper Cretaceous,Upper Cretaceous,72.2,66.0,6.200000000000003
Sinusonasus magnodens,Sinusonasus,Troodontidae,Non-Avian,Theropoda,Saurischia,"Carnivore, omnivore",Barremian,Aptian,Lower Cretaceous,Lower Cretaceous,125.77,119.57,6.200000000000003
Tochisaurus nemegtensis,Tochisaurus,Troodontidae,Non-Avian,Theropoda,Saurischia,"Carnivore, omnivore",Campanian,Maastrichtian,Upper Cretaceous,Upper Cretaceous,72.2,66.0,6.200000000000003
Xixiasaurus henanensis,Xixiasaurus,Troodontidae,Non-Avian,Theropoda,Saurischia,"Carnivore, omnivore",Coniacian,Campanian,Upper Cretaceous,Upper Cretaceous,89.8,72.2,17.599999999999994
Pamparaptor micros,Pamparaptor,Dromaeosauridae,Non-Avian,Theropoda,Saurischia,Carnivore,Turonian,Santonian,Upper Cretaceous,Upper Cretaceous,93.9,85.7,8.200000000000003
Caihong juji,Caihong,Anchiornithidae,Non-Avian,Theropoda,Saurischia,Carnivore,Oxfordian,Oxfordian,Upper Jurassic,Upper Jurassic,161.5,154.8,6.699999999999989
Eosinopteryx brevipenna,Eosinopteryx,Anchiornithidae,Non-Avian,Theropoda,Saurischia,Carnivore,Bathonian,Kimmeridgian,Middle Jurassic,Upper Jurassic,168.2,152.21,15.98999999999998
Epidendrosaurus ningchengensis,Epidendrosaurus,Scansoriopterygidae,Non-Avian,Theropoda,Saurischia,Carnivore,Callovian,Callovian,Middle Jurassic,Middle Jurassic,165.3,161.5,3.8000000000000114
Epidexipteryx hui,Epidexipteryx,Scansoriopterygidae,Non-Avian,Theropoda,Saurischia,Carnivore,Callovian,Callovian,Middle Jurassic,Middle Jurassic,165.3,161.5,3.8000000000000114
Overoraptor chimentoi,Overoraptor,,Non-Avian,Theropoda,Saurischia,Carnivore,Cenomanian,Turonian,Upper Cretaceous,Upper Cretaceous,100.5,89.8,10.700000000000003
Paronychodon asiaticus,Paronychodon,Troodontidae,Non-Avian,Theropoda,Saurischia,Carnivore,Cenomanian,Turonian,Upper Cretaceous,Upper Cretaceous,100.5,89.8,10.700000000000003
Pedopenna daohugouensis,Pedopenna,Anchiornithidae,Non-Avian,Theropoda,Saurischia,Carnivore,Callovian,Callovian,Middle Jurassic,Middle Jurassic,165.3,161.5,3.8000000000000114
Pneumatoraptor fodori,Pneumatoraptor,,Non-Avian,Theropoda,Saurischia,Carnivore,Santonian,Santonian,Upper Cretaceous,Upper Cretaceous,85.7,83.6,2.1000000000000085
Serikornis sungei,Serikornis,Anchiornithidae,Non-Avian,Theropoda,Saurischia,Carnivore,Oxfordian,Oxfordian,Upper Jurassic,Upper Jurassic,161.5,154.8,6.699999999999989
Zhongornis haoae,Zhongornis,,Avialae,Theropoda,Saurischia,Carnivore,Barremian,Aptian,Lower Cretaceous,Lower Cretaceous,125.77,119.57,6.200000000000003
Anzu wyliei,Anzu,Caenagnathidae,Non-Avian,Theropoda,Saurischia,Omnivore,Campanian,Maastrichtian,Upper Cretaceous,Upper Cretaceous,72.2,66.0,6.200000000000003
Apatoraptor pennatus,Apatoraptor,Caenagnathidae,Non-Avian,Theropoda,Saurischia,Omnivore,Campanian,Maastrichtian,Upper Cretaceous,Upper Cretaceous,72.2,66.0,6.200000000000003
Caenagnathasia martinsoni,Caenagnathasia,Caenagnathidae,Non-Avian,Theropoda,Saurischia,Omnivore,Turonian,Turonian,Upper Cretaceous,Upper Cretaceous,93.9,89.8,4.1000000000000085
Caenagnathus collinsi,Caenagnathus,Caenagnathidae,Non-Avian,Theropoda,Saurischia,Omnivore,Campanian,Campanian,Upper Cretaceous,Upper Cretaceous,83.6,72.2,11.399999999999991
Citipes elegans,Citipes,Caenagnathidae,Non-Avian,Theropoda,Saurischia,Omnivore,Campanian,Maastrichtian,Upper Cretaceous,Upper Cretaceous,83.6,66.0,17.599999999999994
Elmisaurus rarus,Elmisaurus,Caenagnathidae,Non-Avian,Theropoda,Saurischia,Omnivore,Campanian,Maastrichtian,Upper Cretaceous,Upper Cretaceous,72.2,66.0,6.200000000000003
Epichirostenotes curriei,Epichirostenotes,Caenagnathidae,Non-Avian,Theropoda,Saurischia,Omnivore,Campanian,Campanian,Upper Cretaceous,Upper Cretaceous,83.6,72.2,11.399999999999991
Hagryphus giganteus,Hagryphus,Caenagnathidae,Non-Avian,Theropoda,Saurischia,Omnivore,Campanian,Campanian,Upper Cretaceous,Upper Cretaceous,83.6,72.2,11.399999999999991
Anomalipes zhaoi,Anomalipes,Caenagnathidae,Non-Avian,Theropoda,Saurischia,Omnivore,Campanian,Campanian,Upper Cretaceous,Upper Cretaceous,83.6,72.2,11.399999999999991
Beibeilong sinensis,Beibeilong,Caenagnathidae,Non-Avian,Theropoda,Saurischia,Omnivore,Cenomanian,Turonian,Upper Cretaceous,Upper Cretaceous,100.5,89.8,10.700000000000003
Chirostenotes pergracilis,Chirostenotes,Caenagnathidae,Non-Avian,Theropoda,Saurischia,Omnivore,Campanian,Campanian,Upper Cretaceous,Upper Cretaceous,83.6,72.2,11.399999999999991
Eoneophron infernalis,Eoneophron,Caenagnathidae,Non-Avian,Theropoda,Saurischia,Omnivore,Campanian,Maastrichtian,Upper Cretaceous,Upper Cretaceous,72.2,66.0,6.200000000000003
Gigantoraptor erlianensis,Gigantoraptor,Caenagnathidae,Non-Avian,Theropoda,Saurischia,Omnivore,Campanian,Campanian,Upper Cretaceous,Upper Cretaceous,83.6,72.2,11.399999999999991
Leptorhynchos elegans,Leptorhynchos,Caenagnathidae,Non-Avian,Theropoda,Saurischia,Omnivore,Campanian,Campanian,Upper Cretaceous,Upper Cretaceous,83.6,72.2,11.399999999999991
Leptorhynchos gaddisi,Leptorhynchos,Caenagnathidae,Non-Avian,Theropoda,Saurischia,Omnivore,Campanian,Campanian,Upper Cretaceous,Upper Cretaceous,83.6,72.2,11.399999999999991
Microvenator celer,Microvenator,Caenagnathidae,Non-Avian,Theropoda,Saurischia,Omnivore,Aptian,Cenomanian,Lower Cretaceous,Upper Cretaceous,121.4,93.9,27.5
Similicaudipteryx yixianensis,Similicaudipteryx,Caudipteridae,Non-Avian,Theropoda,Saurischia,Omnivore,Aptian,Aptian,Lower Cretaceous,Lower Cretaceous,121.4,113.2,8.200000000000003
Xingtianosaurus ganqi,Xingtianosaurus,Caudipteridae,Non-Avian,Theropoda,Saurischia,Omnivore,Barremian,Aptian,Lower Cretaceous,Lower Cretaceous,125.77,119.57,6.200000000000003
Citipati osmolskae,Citipati,Oviraptoridae,Non-Avian,Theropoda,Saurischia,Omnivore,Campanian,Campanian,Upper Cretaceous,Upper Cretaceous,83.6,72.2,11.399999999999991
Corythoraptor jacobsi,Corythoraptor,Oviraptoridae,Non-Avian,Theropoda,Saurischia,Omnivore,Campanian,Maastrichtian,Upper Cretaceous,Upper Cretaceous,72.2,66.0,6.200000000000003
Huanansaurus ganzhouensis,Huanansaurus,Oviraptoridae,Non-Avian,Theropoda,Saurischia,Omnivore,Campanian,Maastrichtian,Upper Cretaceous,Upper Cretaceous,72.2,66.0,6.200000000000003
Rinchenia mongoliensis,Rinchenia,Oviraptoridae,Non-Avian,Theropoda,Saurischia,Omnivore,Campanian,Maastrichtian,Upper Cretaceous,Upper Cretaceous,72.2,66.0,6.200000000000003
Tongtianlong limosus,Tongtianlong,Oviraptoridae,Non-Avian,Theropoda,Saurischia,Omnivore,Campanian,Maastrichtian,Upper Cretaceous,Upper Cretaceous,72.2,66.0,6.200000000000003
Wulatelong gobiensis,Wulatelong,Oviraptoridae,Non-Avian,Theropoda,Saurischia,Omnivore,Campanian,Campanian,Upper Cretaceous,Upper Cretaceous,83.6,72.2,11.399999999999991
Banji long,Banji,Oviraptoridae,Non-Avian,Theropoda,Saurischia,Omnivore,Campanian,Maastrichtian,Upper Cretaceous,Upper Cretaceous,72.2,66.0,6.200000000000003
Conchoraptor gracilis,Conchoraptor,Oviraptoridae,Non-Avian,Theropoda,Saurischia,Omnivore,Campanian,Campanian,Upper Cretaceous,Upper Cretaceous,83.6,72.2,11.399999999999991
Ganzhousaurus nankangensis,Ganzhousaurus,Oviraptoridae,Non-Avian,Theropoda,Saurischia,Omnivore,Campanian,Maastrichtian,Upper Cretaceous,Upper Cretaceous,72.2,66.0,6.200000000000003
Heyuannia huangi,Heyuannia,Oviraptoridae,Non-Avian,Theropoda,Saurischia,Omnivore,Campanian,Maastrichtian,Upper Cretaceous,Upper Cretaceous,72.2,66.0,6.200000000000003
Heyuannia yanshini,Heyuannia,Oviraptoridae,Non-Avian,Theropoda,Saurischia,Omnivore,Campanian,Campanian,Upper Cretaceous,Upper Cretaceous,83.6,72.2,11.399999999999991
Jiangxisaurus ganzhouensis,Jiangxisaurus,Oviraptoridae,Non-Avian,Theropoda,Saurischia,Omnivore,Campanian,Maastrichtian,Upper Cretaceous,Upper Cretaceous,72.2,66.0,6.200000000000003
Khaan mckennai,Khaan,Oviraptoridae,Non-Avian,Theropoda,Saurischia,Omnivore,Campanian,Campanian,Upper Cretaceous,Upper Cretaceous,83.6,72.2,11.399999999999991
Machairasaurus leptonychus,Machairasaurus,Oviraptoridae,Non-Avian,Theropoda,Saurischia,Omnivore,Campanian,Campanian,Upper Cretaceous,Upper Cretaceous,83.6,72.2,11.399999999999991
Nemegtomaia barsboldi,Nemegtomaia,Oviraptoridae,Non-Avian,Theropoda,Saurischia,Omnivore,Campanian,Maastrichtian,Upper Cretaceous,Upper Cretaceous,83.6,66.0,17.599999999999994
Oksoko avarsan,Oksoko,Oviraptoridae,Non-Avian,Theropoda,Saurischia,Omnivore,Campanian,Maastrichtian,Upper Cretaceous,Upper Cretaceous,72.2,66.0,6.200000000000003
Shixinggia oblita,Shixinggia,Oviraptoridae,Non-Avian,Theropoda,Saurischia,Omnivore,Campanian,Maastrichtian,Upper Cretaceous,Upper Cretaceous,72.2,66.0,6.200000000000003
Gobiraptor minutus,Gobiraptor,Oviraptoridae,Non-Avian,Theropoda,Saurischia,Omnivore,Campanian,Maastrichtian,Upper Cretaceous,Upper Cretaceous,72.2,66.0,6.200000000000003
Luoyanggia liudianensis,Luoyanggia,Oviraptoridae,Non-Avian,Theropoda,Saurischia,Omnivore,Aptian,Albian,Lower Cretaceous,Lower Cretaceous,121.4,100.5,20.900000000000006
Nankangia jiangxiensis,Nankangia,,Non-Avian,Theropoda,Saurischia,Omnivore,Campanian,Maastrichtian,Upper Cretaceous,Upper Cretaceous,72.2,66.0,6.200000000000003
Oviraptor philoceratops,Oviraptor,Oviraptoridae,Non-Avian,Theropoda,Saurischia,Herbivore,Campanian,Campanian,Upper Cretaceous,Upper Cretaceous,83.6,72.2,11.399999999999991
Yulong mini,Yulong,Oviraptoridae,Non-Avian,Theropoda,Saurischia,Omnivore,Campanian,Maastrichtian,Upper Cretaceous,Upper Cretaceous,72.2,66.0,6.200000000000003
Avimimus nemegtensis,Avimimus,Avimimidae,Non-Avian,Theropoda,Saurischia,Omnivore,Campanian,Maastrichtian,Upper Cretaceous,Upper Cretaceous,72.2,66.0,6.200000000000003
Avimimus portentosus,Avimimus,Avimimidae,Non-Avian,Theropoda,Saurischia,Omnivore,Campanian,Maastrichtian,Upper Cretaceous,Upper Cretaceous,83.6,66.0,17.599999999999994
Caudipteryx dongi,Caudipteryx,Caudipteridae,Non-Avian,Theropoda,Saurischia,Omnivore,Barremian,Aptian,Lower Cretaceous,Lower Cretaceous,125.77,119.57,6.200000000000003
Caudipteryx zoui,Caudipteryx,Caudipteridae,Non-Avian,Theropoda,Saurischia,Omnivore,Barremian,Aptian,Lower Cretaceous,Lower Cretaceous,125.77,119.57,6.200000000000003
Incisivosaurus gauthieri,Incisivosaurus,,Non-Avian,Theropoda,Saurischia,Omnivore,Barremian,Aptian,Lower Cretaceous,Lower Cretaceous,125.77,119.57,6.200000000000003
Ningyuansaurus wangi,Ningyuansaurus,,Non-Avian,Theropoda,Saurischia,Omnivore,Barremian,Aptian,Lower Cretaceous,Lower Cretaceous,125.77,119.57,6.200000000000003
Protarchaeopteryx robusta,Protarchaeopteryx,,Non-Avian,Theropoda,Saurischia,Omnivore,Barremian,Aptian,Lower Cretaceous,Lower Cretaceous,125.77,119.57,6.200000000000003
Saurexallopus zerbsti,Saurexallopus,,Non-Avian,Theropoda,Saurischia,Omnivore,Campanian,Maastrichtian,Upper Cretaceous,Upper Cretaceous,72.2,66.0,6.200000000000003
Yuanyanglong bainian,Yuanyanglong,,Non-Avian,Theropoda,Saurischia,Omnivore,Aptian,Albian,Lower Cretaceous,Lower Cretaceous,121.4,100.5,20.900000000000006
Ambopteryx longibrachium,Ambopteryx,Scansoriopterygidae,Non-Avian,Theropoda,Saurischia,Carnivore,Oxfordian,Berriasian,Upper Jurassic,Lower Cretaceous,161.5,143.1,18.400000000000006
Scansoriopteryx heilmanni,Scansoriopteryx,Scansoriopterygidae,Non-Avian,Theropoda,Saurischia,Carnivore,Barremian,Aptian,Lower Cretaceous,Lower Cretaceous,125.77,119.57,6.200000000000003
Yi qi,Yi,Scansoriopterygidae,Non-Avian,Theropoda,Saurischia,Carnivore,Callovian,Oxfordian,Middle Jurassic,Upper Jurassic,165.3,154.8,10.5
Migmanychion laiyang,Migmanychion,,Non-Avian,Theropoda,Saurischia,Carnivore,Aptian,Aptian,Lower Cretaceous,Lower Cretaceous,121.4,119.57,1.8300000000000125
Yixianosaurus longimanus,Yixianosaurus,,Non-Avian,Theropoda,Saurischia,Carnivore,Barremian,Aptian,Lower Cretaceous,Lower Cretaceous,125.77,119.57,6.200000000000003
Deinocheirus mirificus,Deinocheirus,Deinocheiridae,Non-Avian,Theropoda,Saurischia,"Herbivore, omnivore",Campanian,Maastrichtian,Upper Cretaceous,Upper Cretaceous,72.2,66.0,6.200000000000003
Garudimimus brevipes,Garudimimus,,Non-Avian,Theropoda,Saurischia,"Herbivore, omnivore",Cenomanian,Santonian,Upper Cretaceous,Upper Cretaceous,100.5,83.6,16.900000000000006
Harpymimus okladnikovi,Harpymimus,Harpymimidae,Non-Avian,Theropoda,Saurischia,"Herbivore, omnivore",Albian,Albian,Lower Cretaceous,Lower Cretaceous,110.1,100.5,9.599999999999994
Paraxenisaurus normalensis,Paraxenisaurus,Deinocheiridae,Non-Avian,Theropoda,Saurischia,"Herbivore, omnivore",Campanian,Campanian,Upper Cretaceous,Upper Cretaceous,83.6,72.2,11.399999999999991
Tyrannomimus fukuiensis,Tyrannomimus,Deinocheiridae,Non-Avian,Theropoda,Saurischia,"Herbivore, omnivore",Aptian,Aptian,Lower Cretaceous,Lower Cretaceous,121.4,113.2,8.200000000000003
Lepidocheirosaurus natatilis,Lepidocheirosaurus,,,Neornithischia,Ornithischia,"Herbivore, omnivore",Bathonian,Berriasian,Middle Jurassic,Lower Cretaceous,168.2,143.1,25.099999999999994
Aepyornithomimus tugrikinensis,Aepyornithomimus,Ornithomimidae,Non-Avian,Theropoda,Saurischia,"Herbivore, omnivore",Campanian,Campanian,Upper Cretaceous,Upper Cretaceous,83.6,72.2,11.399999999999991
Anserimimus planinychus,Anserimimus,Ornithomimidae,Non-Avian,Theropoda,Saurischia,"Herbivore, omnivore",Campanian,Maastrichtian,Upper Cretaceous,Upper Cretaceous,72.2,66.0,6.200000000000003
Archaeornithomimus asiaticus,Archaeornithomimus,Ornithomimidae,Non-Avian,Theropoda,Saurischia,"Herbivore, omnivore",Coniacian,Campanian,Upper Cretaceous,Upper Cretaceous,89.8,72.2,17.599999999999994
Dromiceiomimus brevitertius,Dromiceiomimus,Ornithomimidae,Non-Avian,Theropoda,Saurischia,"Herbivore, omnivore",Campanian,Maastrichtian,Upper Cretaceous,Upper Cretaceous,72.2,66.0,6.200000000000003
Gallimimus bullatus,Gallimimus,Ornithomimidae,Non-Avian,Theropoda,Saurischia,"Herbivore, omnivore",Campanian,Maastrichtian,Upper Cretaceous,Upper Cretaceous,72.2,66.0,6.200000000000003
Ornithomimus edmontonicus,Ornithomimus,Ornithomimidae,Non-Avian,Theropoda,Saurischia,"Herbivore, omnivore",Campanian,Maastrichtian,Upper Cretaceous,Upper Cretaceous,83.6,66.0,17.599999999999994
Ornithomimus minutus,Ornithomimus,Ornithomimidae,Non-Avian,Theropoda,Saurischia,"Herbivore, omnivore",Campanian,Maastrichtian,Upper Cretaceous,Upper Cretaceous,72.2,66.0,6.200000000000003
Ornithomimus tenuis,Ornithomimus,Ornithomimidae,Non-Avian,Theropoda,Saurischia,"Herbivore, omnivore",Campanian,Campanian,Upper Cretaceous,Upper Cretaceous,83.6,72.2,11.399999999999991
Ornithomimus velox,Ornithomimus,Ornithomimidae,Non-Avian,Theropoda,Saurischia,"Herbivore, omnivore",Campanian,Maastrichtian,Upper Cretaceous,Upper Cretaceous,72.2,66.0,6.200000000000003
Qiupalong henanensis,Qiupalong,Ornithomimidae,Non-Avian,Theropoda,Saurischia,"Herbivore, omnivore",Campanian,Maastrichtian,Upper Cretaceous,Upper Cretaceous,72.2,66.0,6.200000000000003
Rativates evadens,Rativates,Ornithomimidae,Non-Avian,Theropoda,Saurischia,"Herbivore, omnivore",Campanian,Campanian,Upper Cretaceous,Upper Cretaceous,83.6,72.2,11.399999999999991
Sinornithomimus dongi,Sinornithomimus,Ornithomimidae,Non-Avian,Theropoda,Saurischia,"Herbivore, omnivore",Turonian,Turonian,Upper Cretaceous,Upper Cretaceous,93.9,89.8,4.1000000000000085
Struthiomimus altus,Struthiomimus,Ornithomimidae,Non-Avian,Theropoda,Saurischia,"Herbivore, omnivore",Campanian,Campanian,Upper Cretaceous,Upper Cretaceous,83.6,72.2,11.399999999999991
Tototlmimus packardensis,Tototlmimus,Ornithomimidae,Non-Avian,Theropoda,Saurischia,"Herbivore, omnivore",Campanian,Campanian,Upper Cretaceous,Upper Cretaceous,83.6,72.2,11.399999999999991
Afromimus tenerensis,Afromimus,Noasauridae,Non-Avian,Theropoda,Saurischia,"Herbivore, omnivore",Aptian,Albian,Lower Cretaceous,Lower Cretaceous,113.2,100.5,12.700000000000003
Arkansaurus fridayi,Arkansaurus,,Non-Avian,Theropoda,Saurischia,"Herbivore, omnivore",Aptian,Albian,Lower Cretaceous,Lower Cretaceous,113.2,100.5,12.700000000000003
Aviatyrannis jurassica,Aviatyrannis,,Non-Avian,Theropoda,Saurischia,"Herbivore, omnivore",Kimmeridgian,Kimmeridgian,Upper Jurassic,Upper Jurassic,154.8,149.2,5.600000000000023
Beishanlong grandis,Beishanlong,Deinocheiridae,Non-Avian,Theropoda,Saurischia,"Herbivore, omnivore",Aptian,Aptian,Lower Cretaceous,Lower Cretaceous,121.4,113.2,8.200000000000003
Hexing qingyi,Hexing,,Non-Avian,Theropoda,Saurischia,"Herbivore, omnivore",Barremian,Aptian,Lower Cretaceous,Lower Cretaceous,125.77,119.57,6.200000000000003
Kinnareemimus khonkaenensis,Kinnareemimus,,Non-Avian,Theropoda,Saurischia,"Herbivore, omnivore",Barremian,Barremian,Lower Cretaceous,Lower Cretaceous,125.77,121.4,4.36999999999999
Nqwebasaurus thwazi,Nqwebasaurus,,Non-Avian,Theropoda,Saurischia,"Herbivore, omnivore",Berriasian,Valanginian,Lower Cretaceous,Lower Cretaceous,143.1,132.6,10.5
Pelecanimimus polyodon,Pelecanimimus,,Non-Avian,Theropoda,Saurischia,"Herbivore, omnivore",Barremian,Barremian,Lower Cretaceous,Lower Cretaceous,125.77,121.4,4.36999999999999
Shenzhousaurus orientalis,Shenzhousaurus,,Non-Avian,Theropoda,Saurischia,"Herbivore, omnivore",Barremian,Aptian,Lower Cretaceous,Lower Cretaceous,125.77,119.57,6.200000000000003
Duonychus tsogtbaatari,Duonychus,Therizinosauridae,Non-Avian,Theropoda,Saurischia,Herbivore,Cenomanian,Santonian,Upper Cretaceous,Upper Cretaceous,100.5,83.6,16.900000000000006
Enigmosaurus mongoliensis,Enigmosaurus,,Non-Avian,Theropoda,Saurischia,Herbivore,Cenomanian,Santonian,Upper Cretaceous,Upper Cretaceous,100.5,83.6,16.900000000000006
Erliansaurus bellamanus,Erliansaurus,Therizinosauridae,Non-Avian,Theropoda,Saurischia,Herbivore,Campanian,Campanian,Upper Cretaceous,Upper Cretaceous,83.6,72.2,11.399999999999991
Eshanosaurus deguchiianus,Eshanosaurus,,Non-Avian,Theropoda,Saurischia,Herbivore,Hettangian,Hettangian,Lower Jurassic,Lower Jurassic,201.4,199.5,1.9000000000000057
Nanshiungosaurus bohlini,Nanshiungosaurus,Therizinosauridae,Non-Avian,Theropoda,Saurischia,Herbivore,Aptian,Albian,Lower Cretaceous,Lower Cretaceous,113.2,110.1,3.1000000000000085
Nanshiungosaurus brevispinus,Nanshiungosaurus,Therizinosauridae,Non-Avian,Theropoda,Saurischia,Herbivore,Campanian,Maastrichtian,Upper Cretaceous,Upper Cretaceous,72.2,66.0,6.200000000000003
Neimongosaurus yangi,Neimongosaurus,Therizinosauridae,Non-Avian,Theropoda,Saurischia,Herbivore,Campanian,Campanian,Upper Cretaceous,Upper Cretaceous,83.6,72.2,11.399999999999991
Nothronychus graffami,Nothronychus,Therizinosauridae,Non-Avian,Theropoda,Saurischia,Herbivore,Turonian,Turonian,Upper Cretaceous,Upper Cretaceous,93.9,89.8,4.1000000000000085
Nothronychus mckinleyi,Nothronychus,Therizinosauridae,Non-Avian,Theropoda,Saurischia,Herbivore,Turonian,Turonian,Upper Cretaceous,Upper Cretaceous,93.9,89.8,4.1000000000000085
Paralitherizinosaurus japonicus,Paralitherizinosaurus,Therizinosauridae,Non-Avian,Theropoda,Saurischia,Herbivore,Campanian,Campanian,Upper Cretaceous,Upper Cretaceous,83.6,72.2,11.399999999999991
Segnosaurus galbinensis,Segnosaurus,Therizinosauridae,Non-Avian,Theropoda,Saurischia,Herbivore,Cenomanian,Santonian,Upper Cretaceous,Upper Cretaceous,100.5,83.6,16.900000000000006
Suzhousaurus megatherioides,Suzhousaurus,,Non-Avian,Theropoda,Saurischia,Herbivore,Aptian,Albian,Lower Cretaceous,Lower Cretaceous,121.4,110.1,11.300000000000011
Therizinosaurus cheloniformis,Therizinosaurus,Therizinosauridae,Non-Avian,Theropoda,Saurischia,Herbivore,Campanian,Maastrichtian,Upper Cretaceous,Upper Cretaceous,72.2,66.0,6.200000000000003
Alxasaurus elesitaiensis,Alxasaurus,,Non-Avian,Theropoda,Saurischia,Herbivore,Aptian,Aptian,Lower Cretaceous,Lower Cretaceous,121.4,113.2,8.200000000000003
Beipiaosaurus inexpectus,Beipiaosaurus,,Non-Avian,Theropoda,Saurischia,Herbivore,Barremian,Aptian,Lower Cretaceous,Lower Cretaceous,125.77,119.57,6.200000000000003
Martharaptor greenriverensis,Martharaptor,,Non-Avian,Theropoda,Saurischia,Herbivore,Valanginian,Valanginian,Lower Cretaceous,Lower Cretaceous,137.05,132.6,4.450000000000017
Erlikosaurus andrewsi,Erlikosaurus,Therizinosauridae,Non-Avian,Theropoda,Saurischia,Carnivore,Cenomanian,Santonian,Upper Cretaceous,Upper Cretaceous,100.5,83.6,16.900000000000006
Falcarius utahensis,Falcarius,,Non-Avian,Theropoda,Saurischia,Carnivore,Berriasian,Valanginian,Lower Cretaceous,Lower Cretaceous,143.1,132.6,10.5
Fukuivenator paradoxus,Fukuivenator,,Non-Avian,Theropoda,Saurischia,Carnivore,Aptian,Aptian,Lower Cretaceous,Lower Cretaceous,121.4,113.2,8.200000000000003
Jianchangosaurus yixianensis,Jianchangosaurus,,Non-Avian,Theropoda,Saurischia,Carnivore,Barremian,Aptian,Lower Cretaceous,Lower Cretaceous,125.77,119.57,6.200000000000003
Lingyuanosaurus sihedangensis,Lingyuanosaurus,,Non-Avian,Theropoda,Saurischia,Carnivore,Aptian,Aptian,Lower Cretaceous,Lower Cretaceous,121.4,113.2,8.200000000000003
Aerosteon riocoloradensis,Aerosteon,Megaraptoridae,Non-Avian,Theropoda,Saurischia,Carnivore,Campanian,Campanian,Upper Cretaceous,Upper Cretaceous,83.6,72.2,11.399999999999991
Australovenator wintonensis,Australovenator,Megaraptoridae,Non-Avian,Theropoda,Saurischia,Carnivore,Barremian,Turonian,Lower Cretaceous,Upper Cretaceous,125.77,89.8,35.97
Maip macrothorax,Maip,Megaraptoridae,Non-Avian,Theropoda,Saurischia,Carnivore,Campanian,Maastrichtian,Upper Cretaceous,Upper Cretaceous,72.2,66.0,6.200000000000003
Megaraptor namunhuaiquii,Megaraptor,Megaraptoridae,Non-Avian,Theropoda,Saurischia,Carnivore,Turonian,Santonian,Upper Cretaceous,Upper Cretaceous,93.9,85.7,8.200000000000003
Murusraptor barrosaensis,Murusraptor,Megaraptoridae,Non-Avian,Theropoda,Saurischia,Carnivore,Coniacian,Santonian,Upper Cretaceous,Upper Cretaceous,89.8,85.7,4.099999999999994
Orkoraptor burkei,Orkoraptor,Megaraptoridae,Non-Avian,Theropoda,Saurischia,Carnivore,Campanian,Campanian,Upper Cretaceous,Upper Cretaceous,83.6,72.2,11.399999999999991
Tratayenia rosalesi,Tratayenia,Megaraptoridae,Non-Avian,Theropoda,Saurischia,Carnivore,Santonian,Santonian,Upper Cretaceous,Upper Cretaceous,85.7,83.6,2.1000000000000085
Aoniraptor libertatem,Aoniraptor,,Non-Avian,Theropoda,Saurischia,Carnivore,Cenomanian,Turonian,Upper Cretaceous,Upper Cretaceous,100.5,89.8,10.700000000000003
Phuwiangvenator yaemniyomi,Phuwiangvenator,,Non-Avian,Theropoda,Saurischia,Carnivore,Barremian,Barremian,Lower Cretaceous,Lower Cretaceous,125.77,121.4,4.36999999999999
Siats meekerorum,Siats,Megaraptoridae,Non-Avian,Theropoda,Saurischia,Carnivore,Cenomanian,Cenomanian,Upper Cretaceous,Upper Cretaceous,100.5,93.9,6.599999999999994
Vayuraptor nongbualamphuensis,Vayuraptor,,Non-Avian,Theropoda,Saurischia,Carnivore,Barremian,Barremian,Lower Cretaceous,Lower Cretaceous,125.77,121.4,4.36999999999999
Albinykus baatar,Albinykus,Alvarezsauridae,Non-Avian,Theropoda,Saurischia,Carnivore,Santonian,Campanian,Upper Cretaceous,Upper Cretaceous,85.7,72.2,13.5
Ceratonykus oculatus,Ceratonykus,Alvarezsauridae,Non-Avian,Theropoda,Saurischia,Carnivore,Campanian,Campanian,Upper Cretaceous,Upper Cretaceous,83.6,72.2,11.399999999999991
Dzharaonyx eski,Dzharaonyx,Alvarezsauridae,Non-Avian,Theropoda,Saurischia,Carnivore,Turonian,Turonian,Upper Cretaceous,Upper Cretaceous,93.9,89.8,4.1000000000000085
Jaculinykus yaruui,Jaculinykus,Alvarezsauridae,Non-Avian,Theropoda,Saurischia,Carnivore,Campanian,Campanian,Upper Cretaceous,Upper Cretaceous,83.6,72.2,11.399999999999991
Khulsanurus magnificus,Khulsanurus,Alvarezsauridae,Non-Avian,Theropoda,Saurischia,Carnivore,Campanian,Campanian,Upper Cretaceous,Upper Cretaceous,83.6,72.2,11.399999999999991
Linhenykus monodactylus,Linhenykus,Alvarezsauridae,Non-Avian,Theropoda,Saurischia,Carnivore,Campanian,Campanian,Upper Cretaceous,Upper Cretaceous,83.6,72.2,11.399999999999991
Mononykus olecranus,Mononykus,Alvarezsauridae,Non-Avian,Theropoda,Saurischia,Carnivore,Campanian,Maastrichtian,Upper Cretaceous,Upper Cretaceous,72.2,66.0,6.200000000000003
Ondogurvel alifanovi,Ondogurvel,Alvarezsauridae,Non-Avian,Theropoda,Saurischia,Carnivore,Campanian,Campanian,Upper Cretaceous,Upper Cretaceous,83.6,72.2,11.399999999999991
Parvicursor remotus,Parvicursor,Alvarezsauridae,Non-Avian,Theropoda,Saurischia,Carnivore,Campanian,Campanian,Upper Cretaceous,Upper Cretaceous,83.6,72.2,11.399999999999991
Shuvuuia deserti,Shuvuuia,Alvarezsauridae,Non-Avian,Theropoda,Saurischia,Carnivore,Campanian,Campanian,Upper Cretaceous,Upper Cretaceous,83.6,72.2,11.399999999999991
Xixianykus zhangi,Xixianykus,Alvarezsauridae,Non-Avian,Theropoda,Saurischia,Carnivore,Coniacian,Santonian,Upper Cretaceous,Upper Cretaceous,89.8,83.6,6.200000000000003
Achillesaurus manazzonei,Achillesaurus,,Non-Avian,Theropoda,Saurischia,Carnivore,Santonian,Santonian,Upper Cretaceous,Upper Cretaceous,85.7,83.6,2.1000000000000085
Albertonykus borealis,Albertonykus,Alvarezsauridae,Non-Avian,Theropoda,Saurischia,Carnivore,Campanian,Maastrichtian,Upper Cretaceous,Upper Cretaceous,72.2,66.0,6.200000000000003
Alnashetri cerropoliciensis,Alnashetri,,Non-Avian,Theropoda,Saurischia,Carnivore,Cenomanian,Cenomanian,Upper Cretaceous,Upper Cretaceous,100.5,93.9,6.599999999999994
Alvarezsaurus calvoi,Alvarezsaurus,Alvarezsauridae,Non-Avian,Theropoda,Saurischia,Carnivore,Santonian,Santonian,Upper Cretaceous,Upper Cretaceous,85.7,83.6,2.1000000000000085
Elopteryx nopcsai,Elopteryx,,Non-Avian,Theropoda,Saurischia,Carnivore,Campanian,Maastrichtian,Upper Cretaceous,Upper Cretaceous,72.2,66.0,6.200000000000003
Trierarchuncus prairiensis,Trierarchuncus,Alvarezsauridae,Non-Avian,Theropoda,Saurischia,Carnivore,Campanian,Maastrichtian,Upper Cretaceous,Upper Cretaceous,72.2,66.0,6.200000000000003
Bannykus wulatensis,Bannykus,,Non-Avian,Theropoda,Saurischia,Carnivore,Aptian,Aptian,Lower Cretaceous,Lower Cretaceous,121.4,113.2,8.200000000000003
Bonapartenykus ultimus,Bonapartenykus,,Non-Avian,Theropoda,Saurischia,Carnivore,Campanian,Maastrichtian,Upper Cretaceous,Upper Cretaceous,83.6,66.0,17.599999999999994
Haplocheirus sollers,Haplocheirus,,Non-Avian,Theropoda,Saurischia,Carnivore,Oxfordian,Oxfordian,Upper Jurassic,Upper Jurassic,161.5,154.8,6.699999999999989
Nemegtonykus citus,Nemegtonykus,Alvarezsauridae,Non-Avian,Theropoda,Saurischia,Carnivore,Campanian,Maastrichtian,Upper Cretaceous,Upper Cretaceous,72.2,66.0,6.200000000000003
Patagonykus puertai,Patagonykus,,Non-Avian,Theropoda,Saurischia,Carnivore,Turonian,Santonian,Upper Cretaceous,Upper Cretaceous,93.9,85.7,8.200000000000003
Qiupanykus zhangi,Qiupanykus,Alvarezsauridae,Non-Avian,Theropoda,Saurischia,Carnivore,Campanian,Maastrichtian,Upper Cretaceous,Upper Cretaceous,72.2,66.0,6.200000000000003
Tugulusaurus faciles,Tugulusaurus,,Non-Avian,Theropoda,Saurischia,Carnivore,Valanginian,Albian,Lower Cretaceous,Lower Cretaceous,137.05,100.5,36.55000000000001
Xiyunykus pengi,Xiyunykus,,Non-Avian,Theropoda,Saurischia,Carnivore,Valanginian,Valanginian,Lower Cretaceous,Lower Cretaceous,137.05,132.6,4.450000000000017
Aorun zhaoi,Aorun,,Non-Avian,Theropoda,Saurischia,Carnivore,Callovian,Callovian,Middle Jurassic,Middle Jurassic,165.3,161.5,3.8000000000000114
Shishugounykus inexpectus,Shishugounykus,,Non-Avian,Theropoda,Saurischia,Carnivore,Oxfordian,Oxfordian,Upper Jurassic,Upper Jurassic,161.5,154.8,6.699999999999989
Guanlong wucaii,Guanlong,Proceratosauridae,Non-Avian,Theropoda,Saurischia,Carnivore,Oxfordian,Oxfordian,Upper Jurassic,Upper Jurassic,161.5,154.8,6.699999999999989
Kileskus aristotocus,Kileskus,Proceratosauridae,Non-Avian,Theropoda,Saurischia,Carnivore,Bathonian,Bathonian,Middle Jurassic,Middle Jurassic,168.2,165.3,2.8999999999999773
Proceratosaurus bradleyi,Proceratosaurus,Proceratosauridae,Non-Avian,Theropoda,Saurischia,Carnivore,Bathonian,Bathonian,Middle Jurassic,Middle Jurassic,168.2,165.3,2.8999999999999773
Sinotyrannus kazuoensis,Sinotyrannus,Proceratosauridae,Non-Avian,Theropoda,Saurischia,Carnivore,Aptian,Aptian,Lower Cretaceous,Lower Cretaceous,121.4,113.2,8.200000000000003
Yutyrannus huali,Yutyrannus,Proceratosauridae,Non-Avian,Theropoda,Saurischia,Carnivore,Barremian,Aptian,Lower Cretaceous,Lower Cretaceous,125.77,119.57,6.200000000000003
Albertosaurus sarcophagus,Albertosaurus,Tyrannosauridae,Non-Avian,Theropoda,Saurischia,Carnivore,Campanian,Maastrichtian,Upper Cretaceous,Upper Cretaceous,83.6,66.0,17.599999999999994
Gorgosaurus libratus,Gorgosaurus,Tyrannosauridae,Non-Avian,Theropoda,Saurischia,Carnivore,Campanian,Campanian,Upper Cretaceous,Upper Cretaceous,83.6,72.2,11.399999999999991
Daspletosaurus horneri,Daspletosaurus,Tyrannosauridae,Non-Avian,Theropoda,Saurischia,Carnivore,Campanian,Campanian,Upper Cretaceous,Upper Cretaceous,83.6,72.2,11.399999999999991
Daspletosaurus torosus,Daspletosaurus,Tyrannosauridae,Non-Avian,Theropoda,Saurischia,Carnivore,Campanian,Campanian,Upper Cretaceous,Upper Cretaceous,83.6,72.2,11.399999999999991
Daspletosaurus wilsoni,Daspletosaurus,Tyrannosauridae,Non-Avian,Theropoda,Saurischia,Carnivore,Campanian,Campanian,Upper Cretaceous,Upper Cretaceous,83.6,72.2,11.399999999999991
Thanatotheristes degrootorum,Thanatotheristes,Tyrannosauridae,Non-Avian,Theropoda,Saurischia,Carnivore,Campanian,Campanian,Upper Cretaceous,Upper Cretaceous,83.6,72.2,11.399999999999991
Bistahieversor sealeyi,Bistahieversor,,Non-Avian,Theropoda,Saurischia,Carnivore,Campanian,Campanian,Upper Cretaceous,Upper Cretaceous,83.6,72.2,11.399999999999991
Dynamoterror dynastes,Dynamoterror,Tyrannosauridae,Non-Avian,Theropoda,Saurischia,Carnivore,Campanian,Campanian,Upper Cretaceous,Upper Cretaceous,83.6,72.2,11.399999999999991
Labocania aguillonae,Labocania,Tyrannosauridae,Non-Avian,Theropoda,Saurischia,Carnivore,Campanian,Campanian,Upper Cretaceous,Upper Cretaceous,83.6,72.2,11.399999999999991
Labocania anomala,Labocania,Tyrannosauridae,Non-Avian,Theropoda,Saurischia,Carnivore,Santonian,Campanian,Upper Cretaceous,Upper Cretaceous,85.7,72.2,13.5
Teratophoneus curriei,Teratophoneus,Tyrannosauridae,Non-Avian,Theropoda,Saurischia,Carnivore,Campanian,Campanian,Upper Cretaceous,Upper Cretaceous,83.6,72.2,11.399999999999991
Alioramus remotus,Alioramus,Tyrannosauridae,Non-Avian,Theropoda,Saurischia,Carnivore,Campanian,Maastrichtian,Upper Cretaceous,Upper Cretaceous,72.2,66.0,6.200000000000003
Alioramus sinensis,Alioramus,Tyrannosauridae,Non-Avian,Theropoda,Saurischia,Carnivore,Campanian,Maastrichtian,Upper Cretaceous,Upper Cretaceous,72.2,66.0,6.200000000000003
Tarbosaurus bataar,Tarbosaurus,Tyrannosauridae,Non-Avian,Theropoda,Saurischia,Carnivore,Coniacian,Maastrichtian,Upper Cretaceous,Upper Cretaceous,89.8,66.0,23.799999999999997
Tyrannosaurus mcraeensis,Tyrannosaurus,Tyrannosauridae,Non-Avian,Theropoda,Saurischia,Carnivore,Campanian,Maastrichtian,Upper Cretaceous,Upper Cretaceous,83.6,66.0,17.599999999999994
Tyrannosaurus rex,Tyrannosaurus,Tyrannosauridae,Non-Avian,Theropoda,Saurischia,Carnivore,Campanian,Maastrichtian,Upper Cretaceous,Upper Cretaceous,83.6,66.0,17.599999999999994
Zhuchengtyrannus magnus,Zhuchengtyrannus,Tyrannosauridae,Non-Avian,Theropoda,Saurischia,Carnivore,Campanian,Campanian,Upper Cretaceous,Upper Cretaceous,83.6,72.2,11.399999999999991
Asiatyrannus xui,Asiatyrannus,Tyrannosauridae,Non-Avian,Theropoda,Saurischia,Carnivore,Campanian,Maastrichtian,Upper Cretaceous,Upper Cretaceous,72.2,66.0,6.200000000000003
Lythronax argestes,Lythronax,Tyrannosauridae,Non-Avian,Theropoda,Saurischia,Carnivore,Campanian,Campanian,Upper Cretaceous,Upper Cretaceous,83.6,72.2,11.399999999999991
Nanuqsaurus hoglundi,Nanuqsaurus,Tyrannosauridae,Non-Avian,Theropoda,Saurischia,Carnivore,Campanian,Maastrichtian,Upper Cretaceous,Upper Cretaceous,72.2,66.0,6.200000000000003
Bagaraatan ostromi,Bagaraatan,,Non-Avian,Theropoda,Saurischia,Carnivore,Campanian,Maastrichtian,Upper Cretaceous,Upper Cretaceous,72.2,66.0,6.200000000000003
Yezosaurus mikasaensis,Yezosaurus,,,,,Carnivore,Santonian,Campanian,Upper Cretaceous,Upper Cretaceous,85.7,72.2,13.5
Alectrosaurus olseni,Alectrosaurus,,Non-Avian,Theropoda,Saurischia,Carnivore,Campanian,Campanian,Upper Cretaceous,Upper Cretaceous,83.6,72.2,11.399999999999991
Appalachiosaurus montgomeriensis,Appalachiosaurus,,Non-Avian,Theropoda,Saurischia,Carnivore,Santonian,Maastrichtian,Upper Cretaceous,Upper Cretaceous,85.7,66.0,19.700000000000003
Calamosaurus foxi,Calamosaurus,Compsognathidae,Non-Avian,Theropoda,Saurischia,Carnivore,Barremian,Aptian,Lower Cretaceous,Lower Cretaceous,125.77,119.57,6.200000000000003
Dilong paradoxus,Dilong,,Non-Avian,Theropoda,Saurischia,Carnivore,Barremian,Aptian,Lower Cretaceous,Lower Cretaceous,125.77,119.57,6.200000000000003
Dryptosaurus aquilunguis,Dryptosaurus,Dryptosauridae,Non-Avian,Theropoda,Saurischia,Carnivore,Campanian,Maastrichtian,Upper Cretaceous,Upper Cretaceous,83.6,66.0,17.599999999999994
Eotyrannus lengi,Eotyrannus,,Non-Avian,Theropoda,Saurischia,Carnivore,Hauterivian,Barremian,Lower Cretaceous,Lower Cretaceous,132.6,121.4,11.199999999999989
Gualicho shinyae,Gualicho,,Non-Avian,Theropoda,Saurischia,Carnivore,Cenomanian,Turonian,Upper Cretaceous,Upper Cretaceous,100.5,89.8,10.700000000000003
Jinbeisaurus wangi,Jinbeisaurus,,Non-Avian,Theropoda,Saurischia,Carnivore,Cenomanian,Campanian,Upper Cretaceous,Upper Cretaceous,100.5,72.2,28.299999999999997
Juratyrant langhami,Juratyrant,Stokesosauridae,Non-Avian,Theropoda,Saurischia,Carnivore,Tithonian,Berriasian,Upper Jurassic,Lower Cretaceous,145.06,143.1,1.960000000000008
Moros intrepidus,Moros,,Non-Avian,Theropoda,Saurischia,Carnivore,Cenomanian,Cenomanian,Upper Cretaceous,Upper Cretaceous,100.5,93.9,6.599999999999994
Raptorex kriegsteini,Raptorex,Tyrannosauridae,Non-Avian,Theropoda,Saurischia,Carnivore,Barremian,Maastrichtian,Lower Cretaceous,Upper Cretaceous,125.77,66.0,59.769999999999996
Santanaraptor placidus,Santanaraptor,,Non-Avian,Theropoda,Saurischia,Carnivore,Aptian,Aptian,Lower Cretaceous,Lower Cretaceous,119.57,113.2,6.36999999999999
Stokesosaurus clevelandi,Stokesosaurus,Stokesosauridae,Non-Avian,Theropoda,Saurischia,Carnivore,Kimmeridgian,Berriasian,Upper Jurassic,Lower Cretaceous,154.8,143.1,11.700000000000017
Suskityrannus hazelae,Suskityrannus,,Non-Avian,Theropoda,Saurischia,Carnivore,Turonian,Turonian,Upper Cretaceous,Upper Cretaceous,93.9,89.8,4.1000000000000085
Timimus hermani,Timimus,,Non-Avian,Theropoda,Saurischia,Carnivore,Aptian,Albian,Lower Cretaceous,Lower Cretaceous,113.2,110.1,3.1000000000000085
Timurlengia euotica,Timurlengia,,Non-Avian,Theropoda,Saurischia,Carnivore,Turonian,Turonian,Upper Cretaceous,Upper Cretaceous,93.9,89.8,4.1000000000000085
Xiongguanlong baimoensis,Xiongguanlong,,Non-Avian,Theropoda,Saurischia,Carnivore,Aptian,Aptian,Lower Cretaceous,Lower Cretaceous,121.4,113.2,8.200000000000003
Aniksosaurus darwini,Aniksosaurus,,Non-Avian,Theropoda,Saurischia,Carnivore,Cenomanian,Turonian,Upper Cretaceous,Upper Cretaceous,100.5,89.8,10.700000000000003
Aristosuchus pusillus,Aristosuchus,Compsognathidae,Non-Avian,Theropoda,Saurischia,Carnivore,Barremian,Aptian,Lower Cretaceous,Lower Cretaceous,125.77,119.57,6.200000000000003
Compsognathus longipes,Compsognathus,Compsognathidae,Non-Avian,Theropoda,Saurischia,"Carnivore, insectivore",Kimmeridgian,Tithonian,Upper Jurassic,Upper Jurassic,154.8,145.06,9.740000000000009
Huaxiagnathus orientalis,Huaxiagnathus,Compsognathidae,Non-Avian,Theropoda,Saurischia,Carnivore,Barremian,Aptian,Lower Cretaceous,Lower Cretaceous,125.77,119.57,6.200000000000003
Mirischia asymmetrica,Mirischia,Compsognathidae,Non-Avian,Theropoda,Saurischia,Carnivore,Aptian,Aptian,Lower Cretaceous,Lower Cretaceous,119.57,113.2,6.36999999999999
Ornitholestes hermanni,Ornitholestes,,Non-Avian,Theropoda,Saurischia,Carnivore,Kimmeridgian,Berriasian,Upper Jurassic,Lower Cretaceous,154.8,143.1,11.700000000000017
Scipionyx samniticus,Scipionyx,,Non-Avian,Theropoda,Saurischia,Carnivore,Aptian,Albian,Lower Cretaceous,Lower Cretaceous,113.2,110.1,3.1000000000000085
Sinocalliopteryx gigas,Sinocalliopteryx,Compsognathidae,Non-Avian,Theropoda,Saurischia,Carnivore,Barremian,Aptian,Lower Cretaceous,Lower Cretaceous,125.77,119.57,6.200000000000003
Xunmenglong yingliangis,Xunmenglong,Compsognathidae,Non-Avian,Theropoda,Saurischia,Carnivore,Hauterivian,Hauterivian,Lower Cretaceous,Lower Cretaceous,132.6,125.77,6.829999999999998
Aratasaurus museunacionali,Aratasaurus,,Non-Avian,Theropoda,Saurischia,Carnivore,Aptian,Albian,Lower Cretaceous,Lower Cretaceous,113.2,110.1,3.1000000000000085
Bicentenaria argentina,Bicentenaria,,Non-Avian,Theropoda,Saurischia,Carnivore,Cenomanian,Cenomanian,Upper Cretaceous,Upper Cretaceous,100.5,93.9,6.599999999999994
Brasileosaurus pachecoi,Brasileosaurus,,,,,Carnivore,Campanian,Maastrichtian,Upper Cretaceous,Upper Cretaceous,83.6,66.0,17.599999999999994
Coelurus fragilis,Coelurus,Coeluridae,Non-Avian,Theropoda,Saurischia,Carnivore,Kimmeridgian,Berriasian,Upper Jurassic,Lower Cretaceous,154.8,143.1,11.700000000000017
Juravenator starki,Juravenator,,Non-Avian,Theropoda,Saurischia,Carnivore,Kimmeridgian,Kimmeridgian,Upper Jurassic,Upper Jurassic,152.21,149.2,3.0100000000000193
Kol ghuva,Kol,,Non-Avian,Theropoda,Saurischia,Carnivore,Campanian,Campanian,Upper Cretaceous,Upper Cretaceous,83.6,72.2,11.399999999999991
Lourinhanosaurus antunesi,Lourinhanosaurus,,Non-Avian,Theropoda,Saurischia,Carnivore,Kimmeridgian,Tithonian,Upper Jurassic,Upper Jurassic,152.21,145.06,7.150000000000006
Nedcolbertia justinhoffmanni,Nedcolbertia,,Non-Avian,Theropoda,Saurischia,Carnivore,Valanginian,Valanginian,Lower Cretaceous,Lower Cretaceous,137.05,132.6,4.450000000000017
Sinosauropteryx prima,Sinosauropteryx,Compsognathidae,Non-Avian,Theropoda,Saurischia,Carnivore,Barremian,Aptian,Lower Cretaceous,Lower Cretaceous,125.77,119.57,6.200000000000003
Tanycolagreus topwilsoni,Tanycolagreus,,Non-Avian,Theropoda,Saurischia,Carnivore,Kimmeridgian,Berriasian,Upper Jurassic,Lower Cretaceous,154.8,143.1,11.700000000000017
Trisauropodiscus superavipes,Trisauropodiscus,,,,Ornithischia,Carnivore,Hettangian,Sinemurian,Lower Jurassic,Lower Jurassic,201.4,192.9,8.5
Xinjiangovenator parvus,Xinjiangovenator,,Non-Avian,Theropoda,Saurischia,Carnivore,Valanginian,Albian,Lower Cretaceous,Lower Cretaceous,137.05,100.5,36.55000000000001
Zuolong salleei,Zuolong,,Non-Avian,Theropoda,Saurischia,Carnivore,Oxfordian,Oxfordian,Upper Jurassic,Upper Jurassic,161.5,154.8,6.699999999999989
Bahariasaurus ingens,Bahariasaurus,,Non-Avian,Theropoda,Saurischia,Carnivore,Aptian,Maastrichtian,Lower Cretaceous,Upper Cretaceous,113.2,66.0,47.2
Shanyangosaurus niupanggouensis,Shanyangosaurus,,Non-Avian,Theropoda,Saurischia,Carnivore,Campanian,Maastrichtian,Upper Cretaceous,Upper Cretaceous,72.2,66.0,6.200000000000003
Saurophaganax maximus,Saurophaganax,,,,Saurischia,Carnivore,Kimmeridgian,Berriasian,Upper Jurassic,Lower Cretaceous,152.21,143.1,9.110000000000014
Datanglong guangxiensis,Datanglong,,Non-Avian,Theropoda,Saurischia,Carnivore,Aptian,Aptian,Lower Cretaceous,Lower Cretaceous,121.4,113.2,8.200000000000003
Lusovenator santosi,Lusovenator,,Non-Avian,Theropoda,Saurischia,Carnivore,Kimmeridgian,Berriasian,Upper Jurassic,Lower Cretaceous,152.21,143.1,9.110000000000014
Siamraptor suwati,Siamraptor,,Non-Avian,Theropoda,Saurischia,Carnivore,Aptian,Aptian,Lower Cretaceous,Lower Cretaceous,121.4,113.2,8.200000000000003
Ulughbegsaurus uzbekistanensis,Ulughbegsaurus,Carcharodontosauridae,Non-Avian,Theropoda,Saurischia,Carnivore,Turonian,Turonian,Upper Cretaceous,Upper Cretaceous,93.9,89.8,4.1000000000000085
Meraxes gigas,Meraxes,Carcharodontosauridae,Non-Avian,Theropoda,Saurischia,Carnivore,Cenomanian,Turonian,Upper Cretaceous,Upper Cretaceous,100.5,89.8,10.700000000000003
Tyrannotitan chubutensis,Tyrannotitan,Carcharodontosauridae,Non-Avian,Theropoda,Saurischia,Carnivore,Aptian,Albian,Lower Cretaceous,Lower Cretaceous,113.2,100.5,12.700000000000003
Acrocanthosaurus atokensis,Acrocanthosaurus,Carcharodontosauridae,Non-Avian,Theropoda,Saurischia,Carnivore,Aptian,Cenomanian,Lower Cretaceous,Upper Cretaceous,121.4,93.9,27.5
Carcharodontosaurus iguidensis,Carcharodontosaurus,Carcharodontosauridae,Non-Avian,Theropoda,Saurischia,Carnivore,Cenomanian,Cenomanian,Upper Cretaceous,Upper Cretaceous,100.5,93.9,6.599999999999994
Carcharodontosaurus saharicus,Carcharodontosaurus,Carcharodontosauridae,Non-Avian,Theropoda,Saurischia,Carnivore,Berriasian,Cenomanian,Lower Cretaceous,Upper Cretaceous,143.1,93.9,49.19999999999999
Concavenator corcovatus,Concavenator,,Non-Avian,Theropoda,Saurischia,Carnivore,Barremian,Barremian,Lower Cretaceous,Lower Cretaceous,125.77,121.4,4.36999999999999
Eocarcharia dinops,Eocarcharia,,Non-Avian,Theropoda,Saurischia,Carnivore,Aptian,Albian,Lower Cretaceous,Lower Cretaceous,121.4,100.5,20.900000000000006
Giganotosaurus carolinii,Giganotosaurus,Carcharodontosauridae,Non-Avian,Theropoda,Saurischia,Carnivore,Cenomanian,Turonian,Upper Cretaceous,Upper Cretaceous,100.5,89.8,10.700000000000003
Kelmayisaurus petrolicus,Kelmayisaurus,,Non-Avian,Theropoda,Saurischia,Carnivore,Valanginian,Albian,Lower Cretaceous,Lower Cretaceous,137.05,100.5,36.55000000000001
Lajasvenator ascheriae,Lajasvenator,Carcharodontosauridae,Non-Avian,Theropoda,Saurischia,Carnivore,Valanginian,Valanginian,Lower Cretaceous,Lower Cretaceous,137.05,132.6,4.450000000000017
Mapusaurus roseae,Mapusaurus,Carcharodontosauridae,Non-Avian,Theropoda,Saurischia,Carnivore,Cenomanian,Turonian,Upper Cretaceous,Upper Cretaceous,100.5,89.8,10.700000000000003
Shaochilong maortuensis,Shaochilong,,Non-Avian,Theropoda,Saurischia,Carnivore,Aptian,Albian,Lower Cretaceous,Lower Cretaceous,121.4,100.5,20.900000000000006
Tameryraptor markgrafi,Tameryraptor,Carcharodontosauridae,Non-Avian,Theropoda,Saurischia,Carnivore,Cenomanian,Cenomanian,Upper Cretaceous,Upper Cretaceous,100.5,93.9,6.599999999999994
Taurovenator violantei,Taurovenator,Carcharodontosauridae,Non-Avian,Theropoda,Saurischia,Carnivore,Cenomanian,Turonian,Upper Cretaceous,Upper Cretaceous,100.5,89.8,10.700000000000003
Unquillosaurus ceibalii,Unquillosaurus,,Non-Avian,Theropoda,Saurischia,Carnivore,Campanian,Campanian,Upper Cretaceous,Upper Cretaceous,83.6,72.2,11.399999999999991
Veterupristisaurus milneri,Veterupristisaurus,Carcharodontosauridae,Non-Avian,Theropoda,Saurischia,Carnivore,Kimmeridgian,Kimmeridgian,Upper Jurassic,Upper Jurassic,152.21,149.2,3.0100000000000193
Metriacanthosaurus parkeri,Metriacanthosaurus,Metriacanthosauridae,Non-Avian,Theropoda,Saurischia,Carnivore,Oxfordian,Oxfordian,Upper Jurassic,Upper Jurassic,161.5,154.8,6.699999999999989
Siamotyrannus isanensis,Siamotyrannus,,Non-Avian,Theropoda,Saurischia,Carnivore,Barremian,Barremian,Lower Cretaceous,Lower Cretaceous,125.77,121.4,4.36999999999999
Sinraptor dongi,Sinraptor,Metriacanthosauridae,Non-Avian,Theropoda,Saurischia,Carnivore,Oxfordian,Oxfordian,Upper Jurassic,Upper Jurassic,161.5,154.8,6.699999999999989
Sinraptor hepingensis,Sinraptor,Metriacanthosauridae,Non-Avian,Theropoda,Saurischia,Carnivore,Bathonian,Callovian,Middle Jurassic,Middle Jurassic,168.2,161.5,6.699999999999989
Alpkarakush kyrgyzicus,Alpkarakush,Metriacanthosauridae,Non-Avian,Theropoda,Saurischia,Carnivore,Callovian,Callovian,Middle Jurassic,Middle Jurassic,165.3,161.5,3.8000000000000114
Erectopus superbus,Erectopus,,Non-Avian,Theropoda,Saurischia,Carnivore,Barremian,Albian,Lower Cretaceous,Lower Cretaceous,125.77,100.5,25.269999999999996
Shidaisaurus jinae,Shidaisaurus,Metriacanthosauridae,Non-Avian,Theropoda,Saurischia,Carnivore,Bajocian,Bajocian,Middle Jurassic,Middle Jurassic,170.9,168.2,2.700000000000017
Yangchuanosaurus shangyouensis,Yangchuanosaurus,Metriacanthosauridae,Non-Avian,Theropoda,Saurischia,Carnivore,Bathonian,Callovian,Middle Jurassic,Middle Jurassic,168.2,161.5,6.699999999999989
Yangchuanosaurus zigongensis,Yangchuanosaurus,Metriacanthosauridae,Non-Avian,Theropoda,Saurischia,Carnivore,Bajocian,Oxfordian,Middle Jurassic,Upper Jurassic,170.9,154.8,16.099999999999994
Chilantaisaurus tashuikouensis,Chilantaisaurus,,Non-Avian,Theropoda,Saurischia,Carnivore,Turonian,Turonian,Upper Cretaceous,Upper Cretaceous,93.9,89.8,4.1000000000000085
Chilantaisaurus zheziangensis,Chilantaisaurus,,Non-Avian,Theropoda,Saurischia,Carnivore,Santonian,Santonian,Upper Cretaceous,Upper Cretaceous,85.7,83.6,2.1000000000000085
Fukuiraptor kitadaniensis,Fukuiraptor,,Non-Avian,Theropoda,Saurischia,Carnivore,Hauterivian,Aptian,Lower Cretaceous,Lower Cretaceous,132.6,113.2,19.39999999999999
Neovenator salerii,Neovenator,Neovenatoridae,Non-Avian,Theropoda,Saurischia,Carnivore,Barremian,Barremian,Lower Cretaceous,Lower Cretaceous,125.77,121.4,4.36999999999999
Rapator ornitholestoides,Rapator,,Non-Avian,Theropoda,Saurischia,Carnivore,Cenomanian,Cenomanian,Upper Cretaceous,Upper Cretaceous,100.5,93.9,6.599999999999994
Allosaurus amplus,Allosaurus,Allosauridae,Non-Avian,Theropoda,Saurischia,Carnivore,Kimmeridgian,Berriasian,Upper Jurassic,Lower Cretaceous,154.8,143.1,11.700000000000017
Allosaurus anax,Allosaurus,Allosauridae,Non-Avian,Theropoda,Saurischia,Carnivore,Kimmeridgian,Berriasian,Upper Jurassic,Lower Cretaceous,152.21,143.1,9.110000000000014
Allosaurus europaeus,Allosaurus,Allosauridae,Non-Avian,Theropoda,Saurischia,Carnivore,Kimmeridgian,Tithonian,Upper Jurassic,Upper Jurassic,152.21,145.06,7.150000000000006
Allosaurus fragilis,Allosaurus,Allosauridae,Non-Avian,Theropoda,Saurischia,Carnivore,Kimmeridgian,Berriasian,Upper Jurassic,Lower Cretaceous,154.8,143.1,11.700000000000017
Allosaurus jimmadseni,Allosaurus,Allosauridae,Non-Avian,Theropoda,Saurischia,Carnivore,Oxfordian,Berriasian,Upper Jurassic,Lower Cretaceous,157.9,143.1,14.800000000000011
Allosaurus lucasi,Allosaurus,Allosauridae,Non-Avian,Theropoda,Saurischia,Carnivore,Tithonian,Berriasian,Upper Jurassic,Lower Cretaceous,149.2,143.1,6.099999999999994
Asfaltovenator vialidadi,Asfaltovenator,,Non-Avian,Theropoda,Saurischia,Carnivore,Toarcian,Bajocian,Lower Jurassic,Middle Jurassic,180.4,168.6,11.800000000000011
Monolophosaurus jiangi,Monolophosaurus,,Non-Avian,Theropoda,Saurischia,Carnivore,Callovian,Callovian,Middle Jurassic,Middle Jurassic,165.3,161.5,3.8000000000000114
Streptospondylus altdorfensis,Streptospondylus,,Non-Avian,Theropoda,Saurischia,Carnivore,Callovian,Oxfordian,Middle Jurassic,Upper Jurassic,165.3,154.8,10.5
Leshansaurus qianweiensis,Leshansaurus,Megalosauridae,Non-Avian,Theropoda,Saurischia,Carnivore,Bathonian,Callovian,Middle Jurassic,Middle Jurassic,168.2,161.5,6.699999999999989
Afrovenator abakensis,Afrovenator,Megalosauridae,Non-Avian,Theropoda,Saurischia,Carnivore,Oxfordian,Berriasian,Upper Jurassic,Lower Cretaceous,161.5,143.1,18.400000000000006
Eustreptospondylus oxoniensis,Eustreptospondylus,Megalosauridae,Non-Avian,Theropoda,Saurischia,Carnivore,Callovian,Callovian,Middle Jurassic,Middle Jurassic,165.3,161.5,3.8000000000000114
Magnosaurus nethercombensis,Magnosaurus,Megalosauridae,Non-Avian,Theropoda,Saurischia,Carnivore,Bajocian,Bajocian,Middle Jurassic,Middle Jurassic,170.9,168.6,2.3000000000000114
Poekilopleuron bucklandii,Megalosaurus (Poekilopleuron),,,,,Carnivore,Bathonian,Bathonian,Middle Jurassic,Middle Jurassic,168.2,165.3,2.8999999999999773
Piveteausaurus divesensis,Piveteausaurus,Megalosauridae,Non-Avian,Theropoda,Saurischia,Carnivore,Callovian,Callovian,Middle Jurassic,Middle Jurassic,165.3,161.5,3.8000000000000114
Duriavenator hesperis,Duriavenator,Megalosauridae,Non-Avian,Theropoda,Saurischia,Carnivore,Bajocian,Bajocian,Middle Jurassic,Middle Jurassic,168.6,168.2,0.4000000000000057
Megalosaurus bucklandii,Megalosaurus,Megalosauridae,Non-Avian,Theropoda,Saurischia,Carnivore,Bajocian,Aptian,Middle Jurassic,Lower Cretaceous,170.9,119.57,51.33000000000001
Megalosaurus dapukaensis,Megalosaurus,Megalosauridae,Non-Avian,Theropoda,Saurischia,Carnivore,Aalenian,Callovian,Middle Jurassic,Middle Jurassic,174.7,161.5,13.199999999999989
Megalosaurus tibetensis,Megalosaurus,Megalosauridae,Non-Avian,Theropoda,Saurischia,Carnivore,Hettangian,Toarcian,Lower Jurassic,Lower Jurassic,201.4,174.7,26.700000000000017
Torvosaurus gurneyi,Torvosaurus,Megalosauridae,Non-Avian,Theropoda,Saurischia,Carnivore,Kimmeridgian,Tithonian,Upper Jurassic,Upper Jurassic,152.21,145.06,7.150000000000006
Torvosaurus tanneri,Torvosaurus,Megalosauridae,Non-Avian,Theropoda,Saurischia,Carnivore,Kimmeridgian,Berriasian,Upper Jurassic,Lower Cretaceous,154.8,143.1,11.700000000000017
Wiehenvenator albati,Wiehenvenator,Megalosauridae,Non-Avian,Theropoda,Saurischia,Carnivore,Callovian,Callovian,Middle Jurassic,Middle Jurassic,165.3,161.5,3.8000000000000114
Condorraptor currumili,Condorraptor,Piatnitzkysauridae,Non-Avian,Theropoda,Saurischia,Carnivore,Toarcian,Bajocian,Lower Jurassic,Middle Jurassic,180.4,168.6,11.800000000000011
Marshosaurus bicentesimus,Marshosaurus,Piatnitzkysauridae,Non-Avian,Theropoda,Saurischia,Carnivore,Kimmeridgian,Berriasian,Upper Jurassic,Lower Cretaceous,154.8,143.1,11.700000000000017
Piatnitzkysaurus floresi,Piatnitzkysaurus,Piatnitzkysauridae,Non-Avian,Theropoda,Saurischia,Carnivore,Toarcian,Toarcian,Lower Jurassic,Lower Jurassic,182.9,180.4,2.5
Xuanhanosaurus qilixiaensis,Xuanhanosaurus,,Non-Avian,Theropoda,Saurischia,Carnivore,Bajocian,Bajocian,Middle Jurassic,Middle Jurassic,170.9,168.2,2.700000000000017
Ceratosuchops inferodios,Ceratosuchops,Spinosauridae,Non-Avian,Theropoda,Saurischia,Carnivore,Barremian,Barremian,Lower Cretaceous,Lower Cretaceous,125.77,121.4,4.36999999999999
Riparovenator milnerae,Riparovenator,Spinosauridae,Non-Avian,Theropoda,Saurischia,Carnivore,Barremian,Barremian,Lower Cretaceous,Lower Cretaceous,125.77,121.4,4.36999999999999
Suchomimus tenerensis,Suchomimus,Spinosauridae,Non-Avian,Theropoda,Saurischia,Carnivore,Aptian,Albian,Lower Cretaceous,Lower Cretaceous,121.4,100.5,20.900000000000006
Baryonyx walkeri,Baryonyx,Spinosauridae,Non-Avian,Theropoda,Saurischia,Carnivore,Barremian,Barremian,Lower Cretaceous,Lower Cretaceous,125.77,121.4,4.36999999999999
Protathlitis cinctorrensis,Protathlitis,Spinosauridae,Non-Avian,Theropoda,Saurischia,Carnivore,Barremian,Barremian,Lower Cretaceous,Lower Cretaceous,125.77,121.4,4.36999999999999
Riojavenatrix lacustris,Riojavenatrix,Spinosauridae,Non-Avian,Theropoda,Saurischia,Carnivore,Aptian,Aptian,Lower Cretaceous,Lower Cretaceous,121.4,119.57,1.8300000000000125
Vallibonavenatrix cani,Vallibonavenatrix,Spinosauridae,Non-Avian,Theropoda,Saurischia,Carnivore,Barremian,Barremian,Lower Cretaceous,Lower Cretaceous,125.77,121.4,4.36999999999999
Angaturama limai,Angaturama,Spinosauridae,Non-Avian,Theropoda,Saurischia,Carnivore,Aptian,Aptian,Lower Cretaceous,Lower Cretaceous,119.57,113.2,6.36999999999999
Camarillasaurus cirugedae,Camarillasaurus,Spinosauridae,Non-Avian,Theropoda,Saurischia,Carnivore,Barremian,Barremian,Lower Cretaceous,Lower Cretaceous,125.77,121.4,4.36999999999999
Ichthyovenator laosensis,Ichthyovenator,Spinosauridae,Non-Avian,Theropoda,Saurischia,Carnivore,Aptian,Aptian,Lower Cretaceous,Lower Cretaceous,121.4,113.2,8.200000000000003
Irritator challengeri,Irritator,Spinosauridae,Non-Avian,Theropoda,Saurischia,Carnivore,Aptian,Aptian,Lower Cretaceous,Lower Cretaceous,119.57,113.2,6.36999999999999
Oxalaia quilombensis,Oxalaia,Spinosauridae,Non-Avian,Theropoda,Saurischia,Carnivore,Cenomanian,Cenomanian,Upper Cretaceous,Upper Cretaceous,100.5,93.9,6.599999999999994
Spinosaurus aegyptiacus,Spinosaurus,Spinosauridae,Non-Avian,Theropoda,Saurischia,Carnivore,Aptian,Cenomanian,Lower Cretaceous,Upper Cretaceous,119.57,93.9,25.669999999999987
Iberospinus natarioi,Iberospinus,Spinosauridae,Non-Avian,Theropoda,Saurischia,Carnivore,Barremian,Barremian,Lower Cretaceous,Lower Cretaceous,125.77,121.4,4.36999999999999
Sciurumimus albersdoerferi,Sciurumimus,,Non-Avian,Theropoda,Saurischia,Carnivore,Kimmeridgian,Kimmeridgian,Upper Jurassic,Upper Jurassic,152.21,149.2,3.0100000000000193
Chuandongocoelurus primitivus,Chuandongocoelurus,,Non-Avian,Theropoda,Saurischia,Carnivore,Bajocian,Oxfordian,Middle Jurassic,Upper Jurassic,170.9,154.8,16.099999999999994
Cruxicheiros newmanorum,Cruxicheiros,,Non-Avian,Theropoda,Saurischia,Carnivore,Bathonian,Bathonian,Middle Jurassic,Middle Jurassic,168.2,165.3,2.8999999999999773
Cryolophosaurus ellioti,Cryolophosaurus,,Non-Avian,Theropoda,Saurischia,Carnivore,Sinemurian,Pliensbachian,Lower Jurassic,Lower Jurassic,199.5,184.2,15.300000000000011
Gasosaurus constructus,Gasosaurus,,Non-Avian,Theropoda,Saurischia,Carnivore,Bajocian,Oxfordian,Middle Jurassic,Upper Jurassic,170.9,154.8,16.099999999999994
Kaijiangosaurus lini,Kaijiangosaurus,,Non-Avian,Theropoda,Saurischia,Carnivore,Bajocian,Bajocian,Middle Jurassic,Middle Jurassic,170.9,168.2,2.700000000000017
Kayentavenator elysiae,Kayentavenator,,Non-Avian,Theropoda,Saurischia,Carnivore,Sinemurian,Pliensbachian,Lower Jurassic,Lower Jurassic,199.5,184.2,15.300000000000011
Pandoravenator fernandezorum,Pandoravenator,,Non-Avian,Theropoda,Saurischia,Carnivore,Oxfordian,Kimmeridgian,Upper Jurassic,Upper Jurassic,157.9,149.2,8.700000000000017
Vectaerovenator inopinatus,Vectaerovenator,,Non-Avian,Theropoda,Saurischia,Carnivore,Aptian,Aptian,Lower Cretaceous,Lower Cretaceous,119.57,113.2,6.36999999999999
Yunyangosaurus puanensis,Yunyangosaurus,,Non-Avian,Theropoda,Saurischia,Carnivore,Toarcian,Aalenian,Lower Jurassic,Middle Jurassic,184.2,170.9,13.299999999999983
Eoabelisaurus mefi,Eoabelisaurus,,Non-Avian,Theropoda,Saurischia,Carnivore,Aalenian,Bajocian,Middle Jurassic,Middle Jurassic,174.7,168.6,6.099999999999994
Chenanisaurus barbaricus,Chenanisaurus,Abelisauridae,Non-Avian,Theropoda,Saurischia,Carnivore,Campanian,Maastrichtian,Upper Cretaceous,Upper Cretaceous,72.2,66.0,6.200000000000003
Abelisaurus comahuensis,Abelisaurus,Abelisauridae,Non-Avian,Theropoda,Saurischia,Carnivore,Campanian,Campanian,Upper Cretaceous,Upper Cretaceous,83.6,72.2,11.399999999999991
Niebla antiqua,Niebla,Abelisauridae,Non-Avian,Theropoda,Saurischia,Carnivore,Campanian,Maastrichtian,Upper Cretaceous,Upper Cretaceous,83.6,66.0,17.599999999999994
Caletodraco cottardi,Caletodraco,Abelisauridae,Non-Avian,Theropoda,Saurischia,Carnivore,Cenomanian,Cenomanian,Upper Cretaceous,Upper Cretaceous,100.5,93.9,6.599999999999994
Carnotaurus sastrei,Carnotaurus,Abelisauridae,Non-Avian,Theropoda,Saurischia,Carnivore,Campanian,Maastrichtian,Upper Cretaceous,Upper Cretaceous,72.2,66.0,6.200000000000003
Elemgasem nubilus,Elemgasem,Abelisauridae,Non-Avian,Theropoda,Saurischia,Carnivore,Turonian,Santonian,Upper Cretaceous,Upper Cretaceous,93.9,85.7,8.200000000000003
Koleken inakayali,Koleken,Abelisauridae,Non-Avian,Theropoda,Saurischia,Carnivore,Campanian,Maastrichtian,Upper Cretaceous,Upper Cretaceous,72.2,66.0,6.200000000000003
Llukalkan aliocranianus,Llukalkan,Abelisauridae,Non-Avian,Theropoda,Saurischia,Carnivore,Santonian,Santonian,Upper Cretaceous,Upper Cretaceous,85.7,83.6,2.1000000000000085
Pycnonemosaurus nevesi,Pycnonemosaurus,Abelisauridae,Non-Avian,Theropoda,Saurischia,Carnivore,Cenomanian,Maastrichtian,Upper Cretaceous,Upper Cretaceous,100.5,66.0,34.5
Quilmesaurus curriei,Quilmesaurus,Abelisauridae,Non-Avian,Theropoda,Saurischia,Carnivore,Campanian,Maastrichtian,Upper Cretaceous,Upper Cretaceous,83.6,66.0,17.599999999999994
Viavenator exxoni,Viavenator,Abelisauridae,Non-Avian,Theropoda,Saurischia,Carnivore,Santonian,Santonian,Upper Cretaceous,Upper Cretaceous,85.7,83.6,2.1000000000000085
Aucasaurus garridoi,Aucasaurus,Abelisauridae,Non-Avian,Theropoda,Saurischia,Carnivore,Campanian,Campanian,Upper Cretaceous,Upper Cretaceous,83.6,72.2,11.399999999999991
Dahalokely tokana,Dahalokely,,Non-Avian,Theropoda,Saurischia,Carnivore,Turonian,Turonian,Upper Cretaceous,Upper Cretaceous,93.9,89.8,4.1000000000000085
Ekrixinatosaurus novasi,Ekrixinatosaurus,Abelisauridae,Non-Avian,Theropoda,Saurischia,Carnivore,Cenomanian,Cenomanian,Upper Cretaceous,Upper Cretaceous,100.5,93.9,6.599999999999994
Guemesia ochoai,Guemesia,Abelisauridae,Non-Avian,Theropoda,Saurischia,Carnivore,Campanian,Maastrichtian,Upper Cretaceous,Upper Cretaceous,83.6,66.0,17.599999999999994
Ilokelesia aguadagrandensis,Ilokelesia,Abelisauridae,Non-Avian,Theropoda,Saurischia,Carnivore,Cenomanian,Turonian,Upper Cretaceous,Upper Cretaceous,100.5,89.8,10.700000000000003
Rahiolisaurus gujaratensis,Rahiolisaurus,Abelisauridae,Non-Avian,Theropoda,Saurischia,Carnivore,Campanian,Maastrichtian,Upper Cretaceous,Upper Cretaceous,72.2,66.0,6.200000000000003
Skorpiovenator bustingorryi,Skorpiovenator,Abelisauridae,Non-Avian,Theropoda,Saurischia,Carnivore,Cenomanian,Turonian,Upper Cretaceous,Upper Cretaceous,100.5,89.8,10.700000000000003
Thanos simonattoi,Thanos,Abelisauridae,Non-Avian,Theropoda,Saurischia,Carnivore,Santonian,Campanian,Upper Cretaceous,Upper Cretaceous,85.7,72.2,13.5
Arcovenator escotae,Arcovenator,Abelisauridae,Non-Avian,Theropoda,Saurischia,Carnivore,Campanian,Campanian,Upper Cretaceous,Upper Cretaceous,83.6,72.2,11.399999999999991
Genusaurus sisteronis,Genusaurus,Abelisauridae,Non-Avian,Theropoda,Saurischia,Carnivore,Albian,Albian,Lower Cretaceous,Lower Cretaceous,110.1,106.3,3.799999999999997
Indosaurus matleyi,Indosaurus,Abelisauridae,Non-Avian,Theropoda,Saurischia,Carnivore,Campanian,Maastrichtian,Upper Cretaceous,Upper Cretaceous,72.2,66.0,6.200000000000003
Majungasaurus crenatissimus,Majungasaurus,Abelisauridae,Non-Avian,Theropoda,Saurischia,Carnivore,Campanian,Maastrichtian,Upper Cretaceous,Upper Cretaceous,72.2,66.0,6.200000000000003
Rajasaurus narmadensis,Rajasaurus,Abelisauridae,Non-Avian,Theropoda,Saurischia,Carnivore,Campanian,Maastrichtian,Upper Cretaceous,Upper Cretaceous,72.2,66.0,6.200000000000003
Indosuchus raptorius,Indosuchus,Abelisauridae,Non-Avian,Theropoda,Saurischia,Carnivore,Campanian,Maastrichtian,Upper Cretaceous,Upper Cretaceous,72.2,66.0,6.200000000000003
Kryptops palaios,Kryptops,Abelisauridae,Non-Avian,Theropoda,Saurischia,Carnivore,Aptian,Albian,Lower Cretaceous,Lower Cretaceous,121.4,100.5,20.900000000000006
Kurupi itaata,Kurupi,Abelisauridae,Non-Avian,Theropoda,Saurischia,Carnivore,Campanian,Maastrichtian,Upper Cretaceous,Upper Cretaceous,72.2,66.0,6.200000000000003
Lametasaurus indicus,Lametasaurus,,,,,Carnivore,Campanian,Maastrichtian,Upper Cretaceous,Upper Cretaceous,72.2,66.0,6.200000000000003
Rugops primus,Rugops,Abelisauridae,Non-Avian,Theropoda,Saurischia,Carnivore,Cenomanian,Cenomanian,Upper Cretaceous,Upper Cretaceous,100.5,93.9,6.599999999999994
Spectrovenator ragei,Spectrovenator,Abelisauridae,Non-Avian,Theropoda,Saurischia,Carnivore,Aptian,Aptian,Lower Cretaceous,Lower Cretaceous,121.4,113.2,8.200000000000003
Tarascosaurus salluvicus,Tarascosaurus,Abelisauridae,Non-Avian,Theropoda,Saurischia,Carnivore,Campanian,Campanian,Upper Cretaceous,Upper Cretaceous,83.6,72.2,11.399999999999991
Tralkasaurus cuyi,Tralkasaurus,Abelisauridae,Non-Avian,Theropoda,Saurischia,Carnivore,Cenomanian,Turonian,Upper Cretaceous,Upper Cretaceous,100.5,89.8,10.700000000000003
Xenotarsosaurus bonapartei,Xenotarsosaurus,Abelisauridae,Non-Avian,Theropoda,Saurischia,Carnivore,Cenomanian,Turonian,Upper Cretaceous,Upper Cretaceous,100.5,89.8,10.700000000000003
Berberosaurus liassicus,Berberosaurus,,Non-Avian,Theropoda,Saurischia,Carnivore,Pliensbachian,Toarcian,Lower Jurassic,Lower Jurassic,192.9,174.7,18.200000000000017
Fosterovenator churei,Fosterovenator,,Non-Avian,Theropoda,Saurischia,Carnivore,Kimmeridgian,Berriasian,Upper Jurassic,Lower Cretaceous,154.8,143.1,11.700000000000017
Elaphrosaurus bambergi,Elaphrosaurus,Noasauridae,Non-Avian,Theropoda,Saurischia,Carnivore,Kimmeridgian,Kimmeridgian,Upper Jurassic,Upper Jurassic,152.21,149.2,3.0100000000000193
Limusaurus inextricabilis,Limusaurus,Noasauridae,Non-Avian,Theropoda,Saurischia,Carnivore,Oxfordian,Oxfordian,Upper Jurassic,Upper Jurassic,161.5,154.8,6.699999999999989
Masiakasaurus knopfleri,Masiakasaurus,Noasauridae,Non-Avian,Theropoda,Saurischia,Carnivore,Campanian,Maastrichtian,Upper Cretaceous,Upper Cretaceous,72.2,66.0,6.200000000000003
Noasaurus leali,Noasaurus,Noasauridae,Non-Avian,Theropoda,Saurischia,Carnivore,Campanian,Maastrichtian,Upper Cretaceous,Upper Cretaceous,72.2,66.0,6.200000000000003
Velocisaurus unicus,Velocisaurus,Noasauridae,Non-Avian,Theropoda,Saurischia,Carnivore,Santonian,Santonian,Upper Cretaceous,Upper Cretaceous,85.7,83.6,2.1000000000000085
Vespersaurus paranaensis,Vespersaurus,Noasauridae,Non-Avian,Theropoda,Saurischia,Carnivore,Aptian,Campanian,Lower Cretaceous,Upper Cretaceous,121.4,72.2,49.2
Austrocheirus isasii,Austrocheirus,,Non-Avian,Theropoda,Saurischia,Carnivore,Campanian,Campanian,Upper Cretaceous,Upper Cretaceous,83.6,72.2,11.399999999999991
Berthasaura leopoldinae,Berthasaura,,Non-Avian,Theropoda,Saurischia,Carnivore,Aptian,Campanian,Lower Cretaceous,Upper Cretaceous,121.4,72.2,49.2
Deltadromeus agilis,Deltadromeus,,Non-Avian,Theropoda,Saurischia,Carnivore,Cenomanian,Cenomanian,Upper Cretaceous,Upper Cretaceous,100.5,93.9,6.599999999999994
Huinculsaurus montesi,Huinculsaurus,Noasauridae,Non-Avian,Theropoda,Saurischia,Carnivore,Cenomanian,Turonian,Upper Cretaceous,Upper Cretaceous,100.5,89.8,10.700000000000003
Kiyacursor longipes,Kiyacursor,Noasauridae,Non-Avian,Theropoda,Saurischia,Carnivore,Aptian,Aptian,Lower Cretaceous,Lower Cretaceous,121.4,113.2,8.200000000000003
Laevisuchus indicus,Laevisuchus,Noasauridae,Non-Avian,Theropoda,Saurischia,Carnivore,Campanian,Maastrichtian,Upper Cretaceous,Upper Cretaceous,72.2,66.0,6.200000000000003
Ligabueino andesi,Ligabueino,,Non-Avian,Theropoda,Saurischia,Carnivore,Barremian,Aptian,Lower Cretaceous,Lower Cretaceous,125.77,119.57,6.200000000000003
Ceratosaurus nasicornis,Ceratosaurus,Ceratosauridae,Non-Avian,Theropoda,Saurischia,Carnivore,Kimmeridgian,Berriasian,Upper Jurassic,Lower Cretaceous,154.8,143.1,11.700000000000017
Genyodectes serus,Genyodectes,Ceratosauridae,Non-Avian,Theropoda,Saurischia,Carnivore,Aptian,Albian,Lower Cretaceous,Lower Cretaceous,113.2,100.5,12.700000000000003
Saltriovenator zanellai,Saltriovenator,,Non-Avian,Theropoda,Saurischia,Carnivore,Sinemurian,Sinemurian,Lower Jurassic,Lower Jurassic,199.5,192.9,6.599999999999994
Spinostropheus gautieri,Spinostropheus,,Non-Avian,Theropoda,Saurischia,Carnivore,Oxfordian,Cenomanian,Upper Jurassic,Upper Cretaceous,161.5,93.9,67.6
Camposaurus arizonensis,Camposaurus,Coelophysidae,Non-Avian,Theropoda,Saurischia,Carnivore,Carnian,Rhaetian,Upper Triassic,Upper Triassic,227.3,205.7,21.600000000000023
Coelophysis bauri,Coelophysis,Coelophysidae,Non-Avian,Theropoda,Saurischia,Carnivore,Carnian,Rhaetian,Upper Triassic,Upper Triassic,227.3,201.4,25.900000000000006
Podokesaurus holyokensis,Coelophysis,Coelophysidae,Non-Avian,Theropoda,Saurischia,Carnivore,Hettangian,Sinemurian,Lower Jurassic,Lower Jurassic,201.4,192.9,8.5
Lepidus praecisio,Lepidus,,Non-Avian,Theropoda,Saurischia,Carnivore,Carnian,Rhaetian,Upper Triassic,Upper Triassic,227.3,205.7,21.600000000000023
Segisaurus halli,Segisaurus,Coelophysidae,Non-Avian,Theropoda,Saurischia,Carnivore,Pliensbachian,Toarcian,Lower Jurassic,Lower Jurassic,192.9,174.7,18.200000000000017
Lucianovenator bonoi,Lucianovenator,Coelophysidae,Non-Avian,Theropoda,Saurischia,Carnivore,Carnian,Rhaetian,Upper Triassic,Upper Triassic,227.3,205.7,21.600000000000023
Megapnosaurus rhodesiensis,Megapnosaurus,Coelophysidae,Non-Avian,Theropoda,Saurischia,Carnivore,Hettangian,Sinemurian,Lower Jurassic,Lower Jurassic,201.4,192.9,8.5
Panguraptor lufengensis,Panguraptor,Coelophysidae,Non-Avian,Theropoda,Saurischia,Carnivore,Hettangian,Hettangian,Lower Jurassic,Lower Jurassic,201.4,199.5,1.9000000000000057
Powellvenator podocitus,Powellvenator,,Non-Avian,Theropoda,Saurischia,Carnivore,Carnian,Rhaetian,Upper Triassic,Upper Triassic,227.3,205.7,21.600000000000023
Procompsognathus triassicus,Procompsognathus,Coelophysidae,Non-Avian,Theropoda,Saurischia,Carnivore,Norian,Norian,Upper Triassic,Upper Triassic,215.38,211.18,4.199999999999989
Dracoraptor hanigani,Dracoraptor,,Non-Avian,Theropoda,Saurischia,Carnivore,Hettangian,Hettangian,Lower Jurassic,Lower Jurassic,201.4,199.5,1.9000000000000057
Gojirasaurus quayi,Gojirasaurus,,Non-Avian,Theropoda,Saurischia,Carnivore,Carnian,Rhaetian,Upper Triassic,Upper Triassic,227.3,205.7,21.600000000000023
Lophostropheus airelensis,Lophostropheus,,Non-Avian,Theropoda,Saurischia,Carnivore,Rhaetian,Hettangian,Upper Triassic,Lower Jurassic,205.7,199.5,6.199999999999989
Pendraig milnerae,Pendraig,,Non-Avian,Theropoda,Saurischia,Carnivore,Carnian,Carnian,Upper Triassic,Upper Triassic,237.0,227.3,9.699999999999989
Sarcosaurus woodi,Sarcosaurus,,Non-Avian,Theropoda,Saurischia,Carnivore,Hettangian,Sinemurian,Lower Jurassic,Lower Jurassic,201.4,192.9,8.5
Syntarsus kayentakatae,Syntarsus,Coelophysidae,Non-Avian,Theropoda,Saurischia,Carnivore,Hettangian,Pliensbachian,Lower Jurassic,Lower Jurassic,201.4,184.2,17.200000000000017
Dilophosaurus wetherilli,Dilophosaurus,,Non-Avian,Theropoda,Saurischia,Carnivore,Hettangian,Pliensbachian,Lower Jurassic,Lower Jurassic,201.4,184.2,17.200000000000017
Dracovenator regenti,Dracovenator,,Non-Avian,Theropoda,Saurischia,Carnivore,Hettangian,Sinemurian,Lower Jurassic,Lower Jurassic,201.4,192.9,8.5
Liliensternus liliensterni,Liliensternus,,Non-Avian,Theropoda,Saurischia,Carnivore,Carnian,Rhaetian,Upper Triassic,Upper Triassic,227.3,205.7,21.600000000000023
Notatesseraeraptor frickensis,Notatesseraeraptor,,Non-Avian,Theropoda,Saurischia,Carnivore,Carnian,Rhaetian,Upper Triassic,Upper Triassic,227.3,205.7,21.600000000000023
Tachiraptor admirabilis,Tachiraptor,,Non-Avian,Theropoda,Saurischia,Carnivore,Hettangian,Hettangian,Lower Jurassic,Lower Jurassic,201.4,199.5,1.9000000000000057
Velocipes guerichi,Velocipes,,Non-Avian,Theropoda,Saurischia,Carnivore,Carnian,Rhaetian,Upper Triassic,Upper Triassic,227.3,205.7,21.600000000000023
Zupaysaurus rougieri,Zupaysaurus,,Non-Avian,Theropoda,Saurischia,Carnivore,Carnian,Rhaetian,Upper Triassic,Upper Triassic,227.3,205.7,21.600000000000023
Caseosaurus crosbyensis,Caseosaurus,,,,Saurischia,Carnivore,Carnian,Rhaetian,Upper Triassic,Upper Triassic,237.0,205.7,31.30000000000001
Gnathovorax cabreirai,Gnathovorax,Herrerasauridae,,,Saurischia,Carnivore,Carnian,Carnian,Upper Triassic,Upper Triassic,233.6,227.3,6.299999999999983
Herrerasaurus ischigualastensis,Herrerasaurus,Herrerasauridae,,,Saurischia,Carnivore,Carnian,Carnian,Upper Triassic,Upper Triassic,237.0,227.3,9.699999999999989
Sanjuansaurus gordilloi,Sanjuansaurus,Herrerasauridae,,,Saurischia,Carnivore,Carnian,Carnian,Upper Triassic,Upper Triassic,237.0,227.3,9.699999999999989
Staurikosaurus pricei,Staurikosaurus,Herrerasauridae,,,Saurischia,Carnivore,Carnian,Carnian,Upper Triassic,Upper Triassic,237.0,227.3,9.699999999999989
Subtiliolithus hyogoensis,Subtiliolithus,,,,,Carnivore,Aptian,Albian,Lower Cretaceous,Lower Cretaceous,113.2,110.1,3.1000000000000085
Chindesaurus bryansmalli,Chindesaurus,,,,Saurischia,Carnivore,Carnian,Rhaetian,Upper Triassic,Upper Triassic,227.3,205.7,21.600000000000023
Daemonosaurus chauliodus,Daemonosaurus,,,,Saurischia,Carnivore,Rhaetian,Rhaetian,Upper Triassic,Upper Triassic,205.7,201.4,4.299999999999983
Eodromaeus murphi,Eodromaeus,,Non-Avian,Theropoda,Saurischia,Carnivore,Carnian,Carnian,Upper Triassic,Upper Triassic,237.0,227.3,9.699999999999989
Erythrovenator jacuiensis,Erythrovenator,,Non-Avian,Theropoda,Saurischia,Carnivore,Carnian,Carnian,Upper Triassic,Upper Triassic,237.0,227.3,9.699999999999989
Fenestrosaurus philoceratops,Fenestrosaurus,Oviraptoridae,Non-Avian,Theropoda,Saurischia,Carnivore,Campanian,Campanian,Upper Cretaceous,Upper Cretaceous,83.6,72.2,11.399999999999991
Fuscinapedis woodbinensis,Fuscinapedis,,,,,Carnivore,Cenomanian,Cenomanian,Upper Cretaceous,Upper Cretaceous,100.5,93.9,6.599999999999994
Himeoolithus murakamii,Himeoolithus,,,,,Carnivore,Aptian,Albian,Lower Cretaceous,Lower Cretaceous,113.2,110.1,3.1000000000000085
Ornithoides oshiensis,Ornithoides,Troodontidae,Non-Avian,Theropoda,Saurischia,Carnivore,Campanian,Campanian,Upper Cretaceous,Upper Cretaceous,83.6,72.2,11.399999999999991
Ovoraptor djadochtari,Ovoraptor,Dromaeosauridae,Non-Avian,Theropoda,Saurischia,Carnivore,Campanian,Campanian,Upper Cretaceous,Upper Cretaceous,83.6,72.2,11.399999999999991
Protoavis texensis,Protoavis,,,,,Carnivore,Carnian,Rhaetian,Upper Triassic,Upper Triassic,227.3,205.7,21.600000000000023
Salfitichnus mentoor,Salfitichnus,,,,,Carnivore,Campanian,Maastrichtian,Upper Cretaceous,Upper Cretaceous,72.2,66.0,6.200000000000003
Shuangbaisaurus anlongbaoensis,Shuangbaisaurus,,Non-Avian,Theropoda,Saurischia,Carnivore,Hettangian,Hettangian,Lower Jurassic,Lower Jurassic,201.4,199.5,1.9000000000000057
Sinosaurus triassicus,Sinosaurus,,Non-Avian,Theropoda,Saurischia,Carnivore,Hettangian,Sinemurian,Lower Jurassic,Lower Jurassic,201.4,192.9,8.5
Tawa hallae,Tawa,,Non-Avian,Theropoda,Saurischia,Carnivore,Carnian,Rhaetian,Upper Triassic,Upper Triassic,227.3,205.7,21.600000000000023
Yaverlandia bitholus,Yaverlandia,,Non-Avian,Theropoda,Saurischia,Carnivore,Hauterivian,Barremian,Lower Cretaceous,Lower Cretaceous,132.6,121.4,11.199999999999989
Nyasasaurus parringtoni,Nyasasaurus,,,,,,Anisian,Ladinian,Middle Triassic,Middle Triassic,246.7,241.464,5.23599999999999
